dataset,origin,target_date,day_offset,X,method,scenario,true_count,wasserstein_hour,wasserstein_duration,wasserstein_energy,crps_total_energy,crps_mean_duration,profile_rmse_kw,profile_nrmse,status,n_pool_sessions,n_pool_occurrences,fit_seconds,sample_seconds
sample_df_home_dept92,2026-01-29,2026-01-30,1,52,persistence,0,30,5.2261,0.6732,2.5782,46.692672499999965,0.4086420694444441,14.360550569603912,1.179575930477007,ok,2513,52,0.0006266589999768257,0.005975655299999971
sample_df_home_dept92,2026-01-29,2026-01-30,1,52,persistence,1,30,5.4617,1.4688,2.1402,46.692672499999965,0.4086420694444441,10.15739022413638,0.8343282499359072,ok,2513,52,0.0006266589999768257,0.005975655299999971
sample_df_home_dept92,2026-01-29,2026-01-30,1,52,persistence,2,30,5.4361,0.6614,4.6599,46.692672499999965,0.4086420694444441,10.839011161800235,0.8903166083125893,ok,2513,52,0.0006266589999768257,0.005975655299999971
sample_df_home_dept92,2026-01-29,2026-01-30,1,52,persistence,3,30,3.1378,1.0422,1.6158,46.692672499999965,0.4086420694444441,8.486011961667597,0.6970412037620892,ok,2513,52,0.0006266589999768257,0.005975655299999971
sample_df_home_dept92,2026-01-29,2026-01-30,1,52,persistence,4,30,4.4611,0.3554,0.8074,46.692672499999965,0.4086420694444441,12.113302092422222,0.9949868925681532,ok,2513,52,0.0006266589999768257,0.005975655299999971
sample_df_home_dept92,2026-01-29,2026-01-30,1,52,persistence,5,30,6.3317,0.3367,1.7139,46.692672499999965,0.4086420694444441,10.231931143726207,0.8404510426629417,ok,2513,52,0.0006266589999768257,0.005975655299999971
sample_df_home_dept92,2026-01-29,2026-01-30,1,52,persistence,6,30,8.2817,0.8937,1.4862,46.692672499999965,0.4086420694444441,10.742745190904515,0.8824093194073197,ok,2513,52,0.0006266589999768257,0.005975655299999971
sample_df_home_dept92,2026-01-29,2026-01-30,1,52,persistence,7,30,6.5756,0.6411,5.3513,46.692672499999965,0.4086420694444441,11.137084455674316,0.9148003550371805,ok,2513,52,0.0006266589999768257,0.005975655299999971
sample_df_home_dept92,2026-01-29,2026-01-30,1,52,persistence,8,30,4.5344,0.8213,4.8808,46.692672499999965,0.4086420694444441,12.032079132255662,0.9883152368854415,ok,2513,52,0.0006266589999768257,0.005975655299999971
sample_df_home_dept92,2026-01-29,2026-01-30,1,52,persistence,9,30,2.9339,0.4145,0.9951,46.692672499999965,0.4086420694444441,7.93084825337783,0.6514400449068666,ok,2513,52,0.0006266589999768257,0.005975655299999971
sample_df_home_dept92,2026-01-29,2026-01-30,1,52,persistence,10,30,5.3494,1.7713,4.6491,46.692672499999965,0.4086420694444441,11.379527420771682,0.9347146253679884,ok,2513,52,0.0006266589999768257,0.005975655299999971
sample_df_home_dept92,2026-01-29,2026-01-30,1,52,persistence,11,30,6.025,0.6921,3.1519,46.692672499999965,0.4086420694444441,13.119594682966376,1.0776437874462428,ok,2513,52,0.0006266589999768257,0.005975655299999971
sample_df_home_dept92,2026-01-29,2026-01-30,1,52,persistence,12,30,3.7461,1.0685,3.2568,46.692672499999965,0.4086420694444441,8.587220042993465,0.7053544377236369,ok,2513,52,0.0006266589999768257,0.005975655299999971
sample_df_home_dept92,2026-01-29,2026-01-30,1,52,persistence,13,30,3.785,0.9208,2.1099,46.692672499999965,0.4086420694444441,8.137474221959092,0.6684123063789194,ok,2513,52,0.0006266589999768257,0.005975655299999971
sample_df_home_dept92,2026-01-29,2026-01-30,1,52,persistence,14,30,5.4078,0.5394,3.0163,46.692672499999965,0.4086420694444441,6.469038987751596,0.5313670006093362,ok,2513,52,0.0006266589999768257,0.005975655299999971
sample_df_home_dept92,2026-01-29,2026-01-30,1,52,persistence,15,30,7.0861,0.7619,4.5704,46.692672499999965,0.4086420694444441,17.00177942820264,1.3965265253294612,ok,2513,52,0.0006266589999768257,0.005975655299999971
sample_df_home_dept92,2026-01-29,2026-01-30,1,52,persistence,16,30,6.8656,0.2817,1.009,46.692672499999965,0.4086420694444441,9.658160654292937,0.7933215224072175,ok,2513,52,0.0006266589999768257,0.005975655299999971
sample_df_home_dept92,2026-01-29,2026-01-30,1,52,persistence,17,30,4.23,0.6201,2.2603,46.692672499999965,0.4086420694444441,12.261828871237135,1.0071868853520083,ok,2513,52,0.0006266589999768257,0.005975655299999971
sample_df_home_dept92,2026-01-29,2026-01-30,1,52,persistence,18,30,5.7622,0.6395,5.2861,46.692672499999965,0.4086420694444441,15.196588338811736,1.2482480906944995,ok,2513,52,0.0006266589999768257,0.005975655299999971
sample_df_home_dept92,2026-01-29,2026-01-30,1,52,persistence,19,30,6.0311,1.2301,3.593,46.692672499999965,0.4086420694444441,9.603499396477865,0.7888316455229195,ok,2513,52,0.0006266589999768257,0.005975655299999971
sample_df_home_dept92,2026-01-29,2026-01-30,1,52,gmm,0,30,6.2583,0.9972,4.2335,55.569144234495134,0.26507706409993304,18.802221722687015,1.5444148938493836,ok,2513,52,0.030062444000009236,0.006472774849999041
sample_df_home_dept92,2026-01-29,2026-01-30,1,52,gmm,1,30,4.3447,0.858,3.5478,55.569144234495134,0.26507706409993304,19.673925842517345,1.6160166888687135,ok,2513,52,0.030062444000009236,0.006472774849999041
sample_df_home_dept92,2026-01-29,2026-01-30,1,52,gmm,2,30,3.7785,1.0612,3.6738,55.569144234495134,0.26507706409993304,23.8518607120925,1.959192348281288,ok,2513,52,0.030062444000009236,0.006472774849999041
sample_df_home_dept92,2026-01-29,2026-01-30,1,52,gmm,3,30,5.644,1.2437,5.5084,55.569144234495134,0.26507706409993304,13.267153425947969,1.089764265746075,ok,2513,52,0.030062444000009236,0.006472774849999041
sample_df_home_dept92,2026-01-29,2026-01-30,1,52,gmm,4,30,6.8912,0.5745,3.1657,55.569144234495134,0.26507706409993304,14.030097131865274,1.1524324780438577,ok,2513,52,0.030062444000009236,0.006472774849999041
sample_df_home_dept92,2026-01-29,2026-01-30,1,52,gmm,5,30,9.4521,0.4177,1.8597,55.569144234495134,0.26507706409993304,15.941132363409153,1.3094049527757154,ok,2513,52,0.030062444000009236,0.006472774849999041
sample_df_home_dept92,2026-01-29,2026-01-30,1,52,gmm,6,30,5.4221,0.6424,2.0642,55.569144234495134,0.26507706409993304,13.399510574143854,1.100636084725558,ok,2513,52,0.030062444000009236,0.006472774849999041
sample_df_home_dept92,2026-01-29,2026-01-30,1,52,gmm,7,30,5.5731,1.107,8.3983,55.569144234495134,0.26507706409993304,18.210777219128698,1.4958336296959747,ok,2513,52,0.030062444000009236,0.006472774849999041
sample_df_home_dept92,2026-01-29,2026-01-30,1,52,gmm,8,30,3.9803,1.0871,7.7776,55.569144234495134,0.26507706409993304,26.826440869032616,2.2035244258986895,ok,2513,52,0.030062444000009236,0.006472774849999041
sample_df_home_dept92,2026-01-29,2026-01-30,1,52,gmm,9,30,6.3383,0.2772,2.6773,55.569144234495134,0.26507706409993304,15.378720567617227,1.2632084358582722,ok,2513,52,0.030062444000009236,0.006472774849999041
sample_df_home_dept92,2026-01-29,2026-01-30,1,52,gmm,10,30,7.2652,0.3065,2.732,55.569144234495134,0.26507706409993304,16.12066952963355,1.3241521394436557,ok,2513,52,0.030062444000009236,0.006472774849999041
sample_df_home_dept92,2026-01-29,2026-01-30,1,52,gmm,11,30,4.9151,0.2961,1.5015,55.569144234495134,0.26507706409993304,13.444280800618927,1.1043135120843517,ok,2513,52,0.030062444000009236,0.006472774849999041
sample_df_home_dept92,2026-01-29,2026-01-30,1,52,gmm,12,30,3.0809,0.5304,4.8805,55.569144234495134,0.26507706409993304,24.953672294300436,2.049695175174583,ok,2513,52,0.030062444000009236,0.006472774849999041
sample_df_home_dept92,2026-01-29,2026-01-30,1,52,gmm,13,30,6.4659,0.1922,2.0659,55.569144234495134,0.26507706409993304,11.421306549723615,0.9381463639123523,ok,2513,52,0.030062444000009236,0.006472774849999041
sample_df_home_dept92,2026-01-29,2026-01-30,1,52,gmm,14,30,4.8034,0.5488,5.8491,55.569144234495134,0.26507706409993304,14.170986314892563,1.1640051185466058,ok,2513,52,0.030062444000009236,0.006472774849999041
sample_df_home_dept92,2026-01-29,2026-01-30,1,52,gmm,15,30,4.141,0.4033,1.7062,55.569144234495134,0.26507706409993304,17.354157487595543,1.425470866653523,ok,2513,52,0.030062444000009236,0.006472774849999041
sample_df_home_dept92,2026-01-29,2026-01-30,1,52,gmm,16,30,5.188,0.5351,3.231,55.569144234495134,0.26507706409993304,15.978850007721576,1.312503080885051,ok,2513,52,0.030062444000009236,0.006472774849999041
sample_df_home_dept92,2026-01-29,2026-01-30,1,52,gmm,17,30,5.4274,0.2997,1.7114,55.569144234495134,0.26507706409993304,17.11686584758484,1.4059797262753475,ok,2513,52,0.030062444000009236,0.006472774849999041
sample_df_home_dept92,2026-01-29,2026-01-30,1,52,gmm,18,30,4.7257,1.4063,6.4533,55.569144234495134,0.26507706409993304,14.247626958889956,1.1703003826813203,ok,2513,52,0.030062444000009236,0.006472774849999041
sample_df_home_dept92,2026-01-29,2026-01-30,1,52,gmm,19,30,5.2589,0.3413,5.8585,55.569144234495134,0.26507706409993304,19.41739894792735,1.594945564268599,ok,2513,52,0.030062444000009236,0.006472774849999041
sample_df_home_dept92,2026-01-29,2026-01-30,1,52,vae,0,30,4.2222,0.3493,3.5311,38.41946538018965,0.3001677982666242,16.936249410882702,1.391143888307316,ok,2513,52,17.335134265999955,0.0073570868999979664
sample_df_home_dept92,2026-01-29,2026-01-30,1,52,vae,1,30,3.8165,0.3858,2.1458,38.41946538018965,0.3001677982666242,12.978739426435265,1.0660739336666152,ok,2513,52,17.335134265999955,0.0073570868999979664
sample_df_home_dept92,2026-01-29,2026-01-30,1,52,vae,2,30,4.9056,0.7957,2.9479,38.41946538018965,0.3001677982666242,17.17989961620825,1.411157321376249,ok,2513,52,17.335134265999955,0.0073570868999979664
sample_df_home_dept92,2026-01-29,2026-01-30,1,52,vae,3,30,5.9085,1.1528,1.9198,38.41946538018965,0.3001677982666242,15.96314630755873,1.3112131786183003,ok,2513,52,17.335134265999955,0.0073570868999979664
sample_df_home_dept92,2026-01-29,2026-01-30,1,52,vae,4,30,6.3239,0.9669,4.8623,38.41946538018965,0.3001677982666242,18.831094917488578,1.5467865386870117,ok,2513,52,17.335134265999955,0.0073570868999979664
sample_df_home_dept92,2026-01-29,2026-01-30,1,52,vae,5,30,3.316,0.9076,1.2017,38.41946538018965,0.3001677982666242,16.224008448557978,1.3326404004510561,ok,2513,52,17.335134265999955,0.0073570868999979664
sample_df_home_dept92,2026-01-29,2026-01-30,1,52,vae,6,30,3.7367,0.4635,5.121,38.41946538018965,0.3001677982666242,16.215179236072288,1.3319151687489215,ok,2513,52,17.335134265999955,0.0073570868999979664
sample_df_home_dept92,2026-01-29,2026-01-30,1,52,vae,7,30,5.0152,0.5287,2.4954,38.41946538018965,0.3001677982666242,15.59865642502772,1.2812739718830095,ok,2513,52,17.335134265999955,0.0073570868999979664
sample_df_home_dept92,2026-01-29,2026-01-30,1,52,vae,8,30,4.6128,0.4381,4.3934,38.41946538018965,0.3001677982666242,18.389230568299247,1.5104917916079659,ok,2513,52,17.335134265999955,0.0073570868999979664
sample_df_home_dept92,2026-01-29,2026-01-30,1,52,vae,9,30,3.9282,0.3423,4.2466,38.41946538018965,0.3001677982666242,16.465243519824043,1.3524554543567648,ok,2513,52,17.335134265999955,0.0073570868999979664
sample_df_home_dept92,2026-01-29,2026-01-30,1,52,vae,10,30,3.4051,0.4104,2.168,38.41946538018965,0.3001677982666242,9.466511521034253,0.7775794585084126,ok,2513,52,17.335134265999955,0.0073570868999979664
sample_df_home_dept92,2026-01-29,2026-01-30,1,52,vae,11,30,3.5545,0.8503,2.4166,38.41946538018965,0.3001677982666242,14.678059971590503,1.2056561595370452,ok,2513,52,17.335134265999955,0.0073570868999979664
sample_df_home_dept92,2026-01-29,2026-01-30,1,52,vae,12,30,6.6081,0.553,1.3594,38.41946538018965,0.3001677982666242,11.10246751498826,0.9119569187899345,ok,2513,52,17.335134265999955,0.0073570868999979664
sample_df_home_dept92,2026-01-29,2026-01-30,1,52,vae,13,30,4.3268,0.4885,2.1369,38.41946538018965,0.3001677982666242,19.196543630018834,1.5768045037389178,ok,2513,52,17.335134265999955,0.0073570868999979664
sample_df_home_dept92,2026-01-29,2026-01-30,1,52,vae,14,30,5.3422,0.4074,2.0633,38.41946538018965,0.3001677982666242,16.294647513606087,1.3384426947627044,ok,2513,52,17.335134265999955,0.0073570868999979664
sample_df_home_dept92,2026-01-29,2026-01-30,1,52,vae,15,30,6.0253,0.6493,2.8922,38.41946538018965,0.3001677982666242,14.566046626568221,1.1964553809847125,ok,2513,52,17.335134265999955,0.0073570868999979664
sample_df_home_dept92,2026-01-29,2026-01-30,1,52,vae,16,30,6.7268,0.534,2.5088,38.41946538018965,0.3001677982666242,18.331007539423087,1.5057093507726433,ok,2513,52,17.335134265999955,0.0073570868999979664
sample_df_home_dept92,2026-01-29,2026-01-30,1,52,vae,17,30,3.4585,1.345,3.6362,38.41946538018965,0.3001677982666242,12.0216475413191,0.987458385783131,ok,2513,52,17.335134265999955,0.0073570868999979664
sample_df_home_dept92,2026-01-29,2026-01-30,1,52,vae,18,30,5.5531,0.3309,1.8176,38.41946538018965,0.3001677982666242,13.504890412006988,1.1092919868581705,ok,2513,52,17.335134265999955,0.0073570868999979664
sample_df_home_dept92,2026-01-29,2026-01-30,1,52,vae,19,30,2.2372,0.3001,1.1862,38.41946538018965,0.3001677982666242,13.274167154014835,1.0903403735192756,ok,2513,52,17.335134265999955,0.0073570868999979664
sample_df_home_dept92,2026-01-29,2026-01-31,2,52,persistence,0,22,8.303,1.0283,2.7453,17.41563499999996,0.5765424242424242,10.99078566836979,0.8196217134539195,ok,2393,52,0.0005645449999747143,0.006071816600001512
sample_df_home_dept92,2026-01-29,2026-01-31,2,52,persistence,1,22,6.0591,0.7752,1.1956,17.41563499999996,0.5765424242424242,9.89986063537332,0.7382675799302727,ok,2393,52,0.0005645449999747143,0.006071816600001512
sample_df_home_dept92,2026-01-29,2026-01-31,2,52,persistence,2,22,10.1076,0.7732,2.6779,17.41563499999996,0.5765424242424242,14.968021636070274,1.1162182495904251,ok,2393,52,0.0005645449999747143,0.006071816600001512
sample_df_home_dept92,2026-01-29,2026-01-31,2,52,persistence,3,22,10.7848,1.3243,3.3717,17.41563499999996,0.5765424242424242,15.672167342431228,1.1687288823861959,ok,2393,52,0.0005645449999747143,0.006071816600001512
sample_df_home_dept92,2026-01-29,2026-01-31,2,52,persistence,4,22,8.8712,0.7412,3.6872,17.41563499999996,0.5765424242424242,9.838418345780713,0.7336856113436817,ok,2393,52,0.0005645449999747143,0.006071816600001512
sample_df_home_dept92,2026-01-29,2026-01-31,2,52,persistence,5,22,6.4371,0.8714,2.4461,17.41563499999996,0.5765424242424242,9.732761218239768,0.7258063860974875,ok,2393,52,0.0005645449999747143,0.006071816600001512
sample_df_home_dept92,2026-01-29,2026-01-31,2,52,persistence,6,22,9.578,1.4673,3.9173,17.41563499999996,0.5765424242424242,14.883768375187145,1.1099351862924258,ok,2393,52,0.0005645449999747143,0.006071816600001512
sample_df_home_dept92,2026-01-29,2026-01-31,2,52,persistence,7,22,10.1598,1.2627,3.026,17.41563499999996,0.5765424242424242,16.418164761626006,1.2243605452537802,ok,2393,52,0.0005645449999747143,0.006071816600001512
sample_df_home_dept92,2026-01-29,2026-01-31,2,52,persistence,8,22,7.6864,1.1333,3.3465,17.41563499999996,0.5765424242424242,14.886697801955254,1.1101536439950472,ok,2393,52,0.0005645449999747143,0.006071816600001512
sample_df_home_dept92,2026-01-29,2026-01-31,2,52,persistence,9,22,5.903,1.2809,6.527,17.41563499999996,0.5765424242424242,17.149703759732148,1.2789139925848165,ok,2393,52,0.0005645449999747143,0.006071816600001512
sample_df_home_dept92,2026-01-29,2026-01-31,2,52,persistence,10,22,12.0917,1.4665,2.9743,17.41563499999996,0.5765424242424242,20.195832670940625,1.5060745862802565,ok,2393,52,0.0005645449999747143,0.006071816600001512
sample_df_home_dept92,2026-01-29,2026-01-31,2,52,persistence,11,22,6.2939,0.9926,1.9418,17.41563499999996,0.5765424242424242,8.225441574467563,0.6134002354883681,ok,2393,52,0.0005645449999747143,0.006071816600001512
sample_df_home_dept92,2026-01-29,2026-01-31,2,52,persistence,12,22,7.1333,1.0853,3.026,17.41563499999996,0.5765424242424242,15.872234966520821,1.1836486318755233,ok,2393,52,0.0005645449999747143,0.006071816600001512
sample_df_home_dept92,2026-01-29,2026-01-31,2,52,persistence,13,22,5.8348,1.1115,2.1843,17.41563499999996,0.5765424242424242,10.271661131526752,0.7659940563547277,ok,2393,52,0.0005645449999747143,0.006071816600001512
sample_df_home_dept92,2026-01-29,2026-01-31,2,52,persistence,14,22,8.1114,1.114,2.1395,17.41563499999996,0.5765424242424242,12.33759564248725,0.9200580909787588,ok,2393,52,0.0005645449999747143,0.006071816600001512
sample_df_home_dept92,2026-01-29,2026-01-31,2,52,persistence,15,22,9.1333,2.1343,6.371,17.41563499999996,0.5765424242424242,15.828272255357675,1.1803701772009574,ok,2393,52,0.0005645449999747143,0.006071816600001512
sample_df_home_dept92,2026-01-29,2026-01-31,2,52,persistence,16,22,9.6023,1.0768,2.7124,17.41563499999996,0.5765424242424242,14.691967393471792,1.0956319095277722,ok,2393,52,0.0005645449999747143,0.006071816600001512
sample_df_home_dept92,2026-01-29,2026-01-31,2,52,persistence,17,22,6.2364,0.513,4.6278,17.41563499999996,0.5765424242424242,13.604431187662204,1.0145304928188572,ok,2393,52,0.0005645449999747143,0.006071816600001512
sample_df_home_dept92,2026-01-29,2026-01-31,2,52,persistence,18,22,4.7833,1.7289,5.1423,17.41563499999996,0.5765424242424242,13.93314344346234,1.0390437269462018,ok,2393,52,0.0005645449999747143,0.006071816600001512
sample_df_home_dept92,2026-01-29,2026-01-31,2,52,persistence,19,22,5.5568,1.1087,2.4641,17.41563499999996,0.5765424242424242,11.80621296955949,0.8804310078905874,ok,2393,52,0.0005645449999747143,0.006071816600001512
sample_df_home_dept92,2026-01-29,2026-01-31,2,52,gmm,0,22,7.4297,0.8865,2.2675,29.592350036297034,0.785803550686891,19.95600994359394,1.4881901583017572,ok,2393,52,0.013416775999985475,0.006700205549998372
sample_df_home_dept92,2026-01-29,2026-01-31,2,52,gmm,1,22,8.5955,1.0859,3.405,29.592350036297034,0.785803550686891,20.17806969635514,1.5047499385157483,ok,2393,52,0.013416775999985475,0.006700205549998372
sample_df_home_dept92,2026-01-29,2026-01-31,2,52,gmm,2,22,9.8902,0.6437,2.5216,29.592350036297034,0.785803550686891,26.24695195587991,1.957327927605002,ok,2393,52,0.013416775999985475,0.006700205549998372
sample_df_home_dept92,2026-01-29,2026-01-31,2,52,gmm,3,22,4.9427,2.4924,10.9678,29.592350036297034,0.785803550686891,16.92478433995455,1.262140956899323,ok,2393,52,0.013416775999985475,0.006700205549998372
sample_df_home_dept92,2026-01-29,2026-01-31,2,52,gmm,4,22,6.7106,1.4232,4.3858,29.592350036297034,0.785803550686891,17.844034155576146,1.33069266300167,ok,2393,52,0.013416775999985475,0.006700205549998372
sample_df_home_dept92,2026-01-29,2026-01-31,2,52,gmm,5,22,5.031,1.1486,3.1891,29.592350036297034,0.785803550686891,18.51180710802044,1.3804908510471072,ok,2393,52,0.013416775999985475,0.006700205549998372
sample_df_home_dept92,2026-01-29,2026-01-31,2,52,gmm,6,22,5.8346,1.6511,6.7736,29.592350036297034,0.785803550686891,17.088272668005704,1.274332859062663,ok,2393,52,0.013416775999985475,0.006700205549998372
sample_df_home_dept92,2026-01-29,2026-01-31,2,52,gmm,7,22,7.5441,0.562,4.8581,29.592350036297034,0.785803550686891,19.052442809097883,1.4208079651317438,ok,2393,52,0.013416775999985475,0.006700205549998372
sample_df_home_dept92,2026-01-29,2026-01-31,2,52,gmm,8,22,10.4318,0.8857,6.3393,29.592350036297034,0.785803550686891,27.81544418786004,2.074295934215707,ok,2393,52,0.013416775999985475,0.006700205549998372
sample_df_home_dept92,2026-01-29,2026-01-31,2,52,gmm,9,22,6.1708,1.4528,3.3615,29.592350036297034,0.785803550686891,21.066553277411796,1.571007297821468,ok,2393,52,0.013416775999985475,0.006700205549998372
sample_df_home_dept92,2026-01-29,2026-01-31,2,52,gmm,10,22,6.3707,0.9829,5.7856,29.592350036297034,0.785803550686891,19.29445428241582,1.4388556156293062,ok,2393,52,0.013416775999985475,0.006700205549998372
sample_df_home_dept92,2026-01-29,2026-01-31,2,52,gmm,11,22,7.5046,1.4642,4.3285,29.592350036297034,0.785803550686891,17.350117874079512,1.2938595810766809,ok,2393,52,0.013416775999985475,0.006700205549998372
sample_df_home_dept92,2026-01-29,2026-01-31,2,52,gmm,12,22,10.4692,1.4695,4.7046,29.592350036297034,0.785803550686891,24.501971029120423,1.8271985355588045,ok,2393,52,0.013416775999985475,0.006700205549998372
sample_df_home_dept92,2026-01-29,2026-01-31,2,52,gmm,13,22,6.8863,1.5533,7.3399,29.592350036297034,0.785803550686891,16.33330275363931,1.2180320855338016,ok,2393,52,0.013416775999985475,0.006700205549998372
sample_df_home_dept92,2026-01-29,2026-01-31,2,52,gmm,14,22,8.1295,0.7773,8.5307,29.592350036297034,0.785803550686891,14.790763132330477,1.1029994567813175,ok,2393,52,0.013416775999985475,0.006700205549998372
sample_df_home_dept92,2026-01-29,2026-01-31,2,52,gmm,15,22,9.007,1.1372,3.2073,29.592350036297034,0.785803550686891,21.463994429846473,1.600645888563264,ok,2393,52,0.013416775999985475,0.006700205549998372
sample_df_home_dept92,2026-01-29,2026-01-31,2,52,gmm,16,22,7.8473,1.5492,6.614,29.592350036297034,0.785803550686891,21.61333570931087,1.6117827953374788,ok,2393,52,0.013416775999985475,0.006700205549998372
sample_df_home_dept92,2026-01-29,2026-01-31,2,52,gmm,17,22,9.6926,1.6732,5.6605,29.592350036297034,0.785803550686891,20.438231644517852,1.5241511340410414,ok,2393,52,0.013416775999985475,0.006700205549998372
sample_df_home_dept92,2026-01-29,2026-01-31,2,52,gmm,18,22,8.1084,0.889,3.3929,29.592350036297034,0.785803550686891,17.00549076862277,1.2681595203894802,ok,2393,52,0.013416775999985475,0.006700205549998372
sample_df_home_dept92,2026-01-29,2026-01-31,2,52,gmm,19,22,7.4797,1.486,2.1915,29.592350036297034,0.785803550686891,18.956791142986724,1.4136748824897656,ok,2393,52,0.013416775999985475,0.006700205549998372
sample_df_home_dept92,2026-01-29,2026-01-31,2,52,vae,0,22,6.6698,0.6533,3.7187,18.299282199095984,0.5148435117239543,18.853203004897193,1.405949949095897,ok,2393,52,13.312663526999927,0.008079916549996824
sample_df_home_dept92,2026-01-29,2026-01-31,2,52,vae,1,22,6.7766,1.1482,3.53,18.299282199095984,0.5148435117239543,21.4098141733638,1.5966054754396144,ok,2393,52,13.312663526999927,0.008079916549996824
sample_df_home_dept92,2026-01-29,2026-01-31,2,52,vae,2,22,6.7487,0.7487,1.5191,18.299282199095984,0.5148435117239543,12.728976103221486,0.9492447145303906,ok,2393,52,13.312663526999927,0.008079916549996824
sample_df_home_dept92,2026-01-29,2026-01-31,2,52,vae,3,22,8.5993,0.9686,2.6284,18.299282199095984,0.5148435117239543,20.274203174808576,1.5119189516061453,ok,2393,52,13.312663526999927,0.008079916549996824
sample_df_home_dept92,2026-01-29,2026-01-31,2,52,vae,4,22,8.0839,1.394,3.0591,18.299282199095984,0.5148435117239543,22.057576811314842,1.6449114236446452,ok,2393,52,13.312663526999927,0.008079916549996824
sample_df_home_dept92,2026-01-29,2026-01-31,2,52,vae,5,22,7.7818,0.8275,1.2081,18.299282199095984,0.5148435117239543,18.99900400900809,1.4168228450305878,ok,2393,52,13.312663526999927,0.008079916549996824
sample_df_home_dept92,2026-01-29,2026-01-31,2,52,vae,6,22,10.4573,1.2614,2.0516,18.299282199095984,0.5148435117239543,15.075404049116292,1.1242261354714942,ok,2393,52,13.312663526999927,0.008079916549996824
sample_df_home_dept92,2026-01-29,2026-01-31,2,52,vae,7,22,11.66,0.6752,1.6704,18.299282199095984,0.5148435117239543,17.787863992156456,1.326503855488161,ok,2393,52,13.312663526999927,0.008079916549996824
sample_df_home_dept92,2026-01-29,2026-01-31,2,52,vae,8,22,6.5852,0.8,2.7217,18.299282199095984,0.5148435117239543,20.863814665866688,1.5558883633620246,ok,2393,52,13.312663526999927,0.008079916549996824
sample_df_home_dept92,2026-01-29,2026-01-31,2,52,vae,9,22,9.3043,0.9867,2.0284,18.299282199095984,0.5148435117239543,21.27892849106652,1.5868448677425857,ok,2393,52,13.312663526999927,0.008079916549996824
sample_df_home_dept92,2026-01-29,2026-01-31,2,52,vae,10,22,10.4992,1.7142,6.3974,18.299282199095984,0.5148435117239543,19.585654271213247,1.4605714274900348,ok,2393,52,13.312663526999927,0.008079916549996824
sample_df_home_dept92,2026-01-29,2026-01-31,2,52,vae,11,22,9.3343,1.0158,1.323,18.299282199095984,0.5148435117239543,14.195757099774728,1.0586277550091459,ok,2393,52,13.312663526999927,0.008079916549996824
sample_df_home_dept92,2026-01-29,2026-01-31,2,52,vae,12,22,10.1247,1.8886,5.4304,18.299282199095984,0.5148435117239543,19.055382480384598,1.4210271868043074,ok,2393,52,13.312663526999927,0.008079916549996824
sample_df_home_dept92,2026-01-29,2026-01-31,2,52,vae,13,22,7.5951,1.1559,3.7141,18.299282199095984,0.5148435117239543,19.816927923405927,1.477818320733748,ok,2393,52,13.312663526999927,0.008079916549996824
sample_df_home_dept92,2026-01-29,2026-01-31,2,52,vae,14,22,9.5122,1.2435,3.6582,18.299282199095984,0.5148435117239543,17.563153377184403,1.3097463911146432,ok,2393,52,13.312663526999927,0.008079916549996824
sample_df_home_dept92,2026-01-29,2026-01-31,2,52,vae,15,22,10.2824,1.5421,7.2375,18.299282199095984,0.5148435117239543,20.135140913962967,1.5015485875621015,ok,2393,52,13.312663526999927,0.008079916549996824
sample_df_home_dept92,2026-01-29,2026-01-31,2,52,vae,16,22,11.481,0.8919,3.7435,18.299282199095984,0.5148435117239543,22.087916566090275,1.647173966336782,ok,2393,52,13.312663526999927,0.008079916549996824
sample_df_home_dept92,2026-01-29,2026-01-31,2,52,vae,17,22,8.0369,1.3649,3.3332,18.299282199095984,0.5148435117239543,17.587343056725597,1.3115503009707432,ok,2393,52,13.312663526999927,0.008079916549996824
sample_df_home_dept92,2026-01-29,2026-01-31,2,52,vae,18,22,6.3955,0.9795,3.2386,18.299282199095984,0.5148435117239543,14.341845033718927,1.0695220483151173,ok,2393,52,13.312663526999927,0.008079916549996824
sample_df_home_dept92,2026-01-29,2026-01-31,2,52,vae,19,22,6.5494,1.133,2.8792,18.299282199095984,0.5148435117239543,19.651235494739026,1.4654620510012633,ok,2393,52,13.312663526999927,0.008079916549996824
sample_df_home_dept92,2026-01-29,2026-02-01,3,52,persistence,0,67,0.7326,0.2515,1.6957,21.708727499999988,0.07635644278606957,14.272743841064338,0.3892146327220858,ok,2608,52,0.0007577530000162369,0.006630058549995965
sample_df_home_dept92,2026-01-29,2026-02-01,3,52,persistence,1,67,1.0353,0.371,1.8838,21.708727499999988,0.07635644278606957,14.208342470795431,0.38745842130575714,ok,2608,52,0.0007577530000162369,0.006630058549995965
sample_df_home_dept92,2026-01-29,2026-02-01,3,52,persistence,2,67,1.0415,0.5982,2.4558,21.708727499999988,0.07635644278606957,17.31249542185039,0.4721079998459363,ok,2608,52,0.0007577530000162369,0.006630058549995965
sample_df_home_dept92,2026-01-29,2026-02-01,3,52,persistence,3,67,0.7221,0.4769,1.6287,21.708727499999988,0.07635644278606957,11.302093197788558,0.3082056331951953,ok,2608,52,0.0007577530000162369,0.006630058549995965
sample_df_home_dept92,2026-01-29,2026-02-01,3,52,persistence,4,67,1.2333,0.4775,1.5035,21.708727499999988,0.07635644278606957,11.215110172436885,0.30583362493649574,ok,2608,52,0.0007577530000162369,0.006630058549995965
sample_df_home_dept92,2026-01-29,2026-02-01,3,52,persistence,5,67,1.8154,0.4414,2.0051,21.708727499999988,0.07635644278606957,13.651528103561354,0.3722742141308296,ok,2608,52,0.0007577530000162369,0.006630058549995965
sample_df_home_dept92,2026-01-29,2026-02-01,3,52,persistence,6,67,1.4532,0.4281,1.8189,21.708727499999988,0.07635644278606957,14.776202853742733,0.40294385093634844,ok,2608,52,0.0007577530000162369,0.006630058549995965
sample_df_home_dept92,2026-01-29,2026-02-01,3,52,persistence,7,67,1.0602,0.5521,2.0253,21.708727499999988,0.07635644278606957,18.30564282632961,0.49919091442618196,ok,2608,52,0.0007577530000162369,0.006630058549995965
sample_df_home_dept92,2026-01-29,2026-02-01,3,52,persistence,8,67,1.3463,0.9164,2.7546,21.708727499999988,0.07635644278606957,21.84486707668048,0.5957047930511269,ok,2608,52,0.0007577530000162369,0.006630058549995965
sample_df_home_dept92,2026-01-29,2026-02-01,3,52,persistence,9,67,1.2993,0.4234,2.0397,21.708727499999988,0.07635644278606957,19.869621944041977,0.5418402861702515,ok,2608,52,0.0007577530000162369,0.006630058549995965
sample_df_home_dept92,2026-01-29,2026-02-01,3,52,persistence,10,67,0.8706,0.324,1.753,21.708727499999988,0.07635644278606957,19.293300482392397,0.5261241247563246,ok,2608,52,0.0007577530000162369,0.006630058549995965
sample_df_home_dept92,2026-01-29,2026-02-01,3,52,persistence,11,67,1.7983,0.7134,1.2355,21.708727499999988,0.07635644278606957,12.108870897480145,0.3302062862980968,ok,2608,52,0.0007577530000162369,0.006630058549995965
sample_df_home_dept92,2026-01-29,2026-02-01,3,52,persistence,12,67,1.4338,0.3577,1.3257,21.708727499999988,0.07635644278606957,19.444017393127638,0.530234142263123,ok,2608,52,0.0007577530000162369,0.006630058549995965
sample_df_home_dept92,2026-01-29,2026-02-01,3,52,persistence,13,67,0.8348,0.3106,1.764,21.708727499999988,0.07635644278606957,14.973209081846115,0.4083161681003832,ok,2608,52,0.0007577530000162369,0.006630058549995965
sample_df_home_dept92,2026-01-29,2026-02-01,3,52,persistence,14,67,1.4147,0.2236,1.1927,21.708727499999988,0.07635644278606957,13.363995998866617,0.36443327592225705,ok,2608,52,0.0007577530000162369,0.006630058549995965
sample_df_home_dept92,2026-01-29,2026-02-01,3,52,persistence,15,67,1.2923,0.4101,1.2683,21.708727499999988,0.07635644278606957,10.028105456694943,0.27346426347232816,ok,2608,52,0.0007577530000162369,0.006630058549995965
sample_df_home_dept92,2026-01-29,2026-02-01,3,52,persistence,16,67,1.9097,0.8494,1.0651,21.708727499999988,0.07635644278606957,14.955216080175699,0.4078255028425531,ok,2608,52,0.0007577530000162369,0.006630058549995965
sample_df_home_dept92,2026-01-29,2026-02-01,3,52,persistence,17,67,0.7378,0.4084,3.2604,21.708727499999988,0.07635644278606957,15.245366661026273,0.41573784632866967,ok,2608,52,0.0007577530000162369,0.006630058549995965
sample_df_home_dept92,2026-01-29,2026-02-01,3,52,persistence,18,67,1.0587,0.2516,1.6347,21.708727499999988,0.07635644278606957,15.755824114834382,0.4296579105165069,ok,2608,52,0.0007577530000162369,0.006630058549995965
sample_df_home_dept92,2026-01-29,2026-02-01,3,52,persistence,19,67,1.5604,0.3375,1.3488,21.708727499999988,0.07635644278606957,15.836742010830541,0.43186452401153624,ok,2608,52,0.0007577530000162369,0.006630058549995965
sample_df_home_dept92,2026-01-29,2026-02-01,3,52,gmm,0,67,2.0738,0.4644,1.587,27.992616955997008,0.09850764358930517,31.909410515409387,0.8701627124001673,ok,2608,52,0.01627267399999255,0.00799640519999798
sample_df_home_dept92,2026-01-29,2026-02-01,3,52,gmm,1,67,1.932,0.7442,4.2162,27.992616955997008,0.09850764358930517,33.84791198385237,0.923025227518003,ok,2608,52,0.01627267399999255,0.00799640519999798
sample_df_home_dept92,2026-01-29,2026-02-01,3,52,gmm,2,67,2.2112,0.563,2.4636,27.992616955997008,0.09850764358930517,32.87258464873948,0.8964282623691164,ok,2608,52,0.01627267399999255,0.00799640519999798
sample_df_home_dept92,2026-01-29,2026-02-01,3,52,gmm,3,67,1.9317,0.5172,4.3335,27.992616955997008,0.09850764358930517,29.149361786937913,0.7948967814684891,ok,2608,52,0.01627267399999255,0.00799640519999798
sample_df_home_dept92,2026-01-29,2026-02-01,3,52,gmm,4,67,1.8672,0.5152,4.9228,27.992616955997008,0.09850764358930517,25.82370990584518,0.7042069750882397,ok,2608,52,0.01627267399999255,0.00799640519999798
sample_df_home_dept92,2026-01-29,2026-02-01,3,52,gmm,5,67,2.2252,0.3634,2.725,27.992616955997008,0.09850764358930517,30.28636697357131,0.8259026666049818,ok,2608,52,0.01627267399999255,0.00799640519999798
sample_df_home_dept92,2026-01-29,2026-02-01,3,52,gmm,6,67,1.4017,0.4174,2.662,27.992616955997008,0.09850764358930517,25.575057813043724,0.6974262863816398,ok,2608,52,0.01627267399999255,0.00799640519999798
sample_df_home_dept92,2026-01-29,2026-02-01,3,52,gmm,7,67,1.9189,0.393,2.2329,27.992616955997008,0.09850764358930517,28.79153042464689,0.7851387977337961,ok,2608,52,0.01627267399999255,0.00799640519999798
sample_df_home_dept92,2026-01-29,2026-02-01,3,52,gmm,8,67,2.2999,0.3651,3.4643,27.992616955997008,0.09850764358930517,40.098212082545864,1.0934695572422304,ok,2608,52,0.01627267399999255,0.00799640519999798
sample_df_home_dept92,2026-01-29,2026-02-01,3,52,gmm,9,67,1.7378,0.3291,1.7587,27.992616955997008,0.09850764358930517,31.829659055554654,0.8679879073660363,ok,2608,52,0.01627267399999255,0.00799640519999798
sample_df_home_dept92,2026-01-29,2026-02-01,3,52,gmm,10,67,1.5184,0.4159,3.6035,27.992616955997008,0.09850764358930517,27.395439922953674,0.747067712179808,ok,2608,52,0.01627267399999255,0.00799640519999798
sample_df_home_dept92,2026-01-29,2026-02-01,3,52,gmm,11,67,1.6341,0.4347,2.9391,27.992616955997008,0.09850764358930517,22.29787611675719,0.6080582514412337,ok,2608,52,0.01627267399999255,0.00799640519999798
sample_df_home_dept92,2026-01-29,2026-02-01,3,52,gmm,12,67,2.3031,0.6308,3.976,27.992616955997008,0.09850764358930517,39.68281149577131,1.082141673226767,ok,2608,52,0.01627267399999255,0.00799640519999798
sample_df_home_dept92,2026-01-29,2026-02-01,3,52,gmm,13,67,1.3637,0.4543,2.234,27.992616955997008,0.09850764358930517,27.346854133747915,0.7457427882330315,ok,2608,52,0.01627267399999255,0.00799640519999798
sample_df_home_dept92,2026-01-29,2026-02-01,3,52,gmm,14,67,1.5141,0.3013,3.6234,27.992616955997008,0.09850764358930517,18.556742450092486,0.506038346771905,ok,2608,52,0.01627267399999255,0.00799640519999798
sample_df_home_dept92,2026-01-29,2026-02-01,3,52,gmm,15,67,1.6416,0.4728,2.7271,27.992616955997008,0.09850764358930517,27.71550668326378,0.7557958633992133,ok,2608,52,0.01627267399999255,0.00799640519999798
sample_df_home_dept92,2026-01-29,2026-02-01,3,52,gmm,16,67,2.1191,0.2612,2.2241,27.992616955997008,0.09850764358930517,32.082739703506164,0.8748893618122452,ok,2608,52,0.01627267399999255,0.00799640519999798
sample_df_home_dept92,2026-01-29,2026-02-01,3,52,gmm,17,67,2.2013,0.4657,2.0828,27.992616955997008,0.09850764358930517,34.38843718740963,0.9377652327280931,ok,2608,52,0.01627267399999255,0.00799640519999798
sample_df_home_dept92,2026-01-29,2026-02-01,3,52,gmm,18,67,1.6066,0.8811,2.2123,27.992616955997008,0.09850764358930517,26.782091033553606,0.7303418208321676,ok,2608,52,0.01627267399999255,0.00799640519999798
sample_df_home_dept92,2026-01-29,2026-02-01,3,52,gmm,19,67,1.7823,0.3201,2.8664,27.992616955997008,0.09850764358930517,31.64206887747513,0.8628723638464064,ok,2608,52,0.01627267399999255,0.00799640519999798
sample_df_home_dept92,2026-01-29,2026-02-01,3,52,vae,0,67,2.0714,0.4114,1.5289,42.070099714387936,0.08122962260781125,28.3626692122115,0.7734438453724609,ok,2608,52,14.794322256999976,0.008492720949999467
sample_df_home_dept92,2026-01-29,2026-02-01,3,52,vae,1,67,1.85,0.6297,3.099,42.070099714387936,0.08122962260781125,26.811471198511192,0.7311430115661021,ok,2608,52,14.794322256999976,0.008492720949999467
sample_df_home_dept92,2026-01-29,2026-02-01,3,52,vae,2,67,2.1333,0.4708,1.5878,42.070099714387936,0.08122962260781125,24.914450308498928,0.6794116628363691,ok,2608,52,14.794322256999976,0.008492720949999467
sample_df_home_dept92,2026-01-29,2026-02-01,3,52,vae,3,67,2.0823,0.3856,1.8083,42.070099714387936,0.08122962260781125,33.13106575426843,0.9034769861235914,ok,2608,52,14.794322256999976,0.008492720949999467
sample_df_home_dept92,2026-01-29,2026-02-01,3,52,vae,4,67,2.5077,0.2466,1.8551,42.070099714387936,0.08122962260781125,30.123858201292407,0.8214710875882919,ok,2608,52,14.794322256999976,0.008492720949999467
sample_df_home_dept92,2026-01-29,2026-02-01,3,52,vae,5,67,1.7124,0.4086,2.1971,42.070099714387936,0.08122962260781125,23.035855338538855,0.6281827849549566,ok,2608,52,14.794322256999976,0.008492720949999467
sample_df_home_dept92,2026-01-29,2026-02-01,3,52,vae,6,67,1.3081,0.2551,2.294,42.070099714387936,0.08122962260781125,26.685479276326298,0.7277072391410372,ok,2608,52,14.794322256999976,0.008492720949999467
sample_df_home_dept92,2026-01-29,2026-02-01,3,52,vae,7,67,1.5393,0.5501,1.6729,42.070099714387936,0.08122962260781125,33.68097282372997,0.9184728327845507,ok,2608,52,14.794322256999976,0.008492720949999467
sample_df_home_dept92,2026-01-29,2026-02-01,3,52,vae,8,67,1.8151,0.3274,2.6648,42.070099714387936,0.08122962260781125,26.76947112198275,0.7299976785774104,ok,2608,52,14.794322256999976,0.008492720949999467
sample_df_home_dept92,2026-01-29,2026-02-01,3,52,vae,9,67,1.6934,0.2066,1.7136,42.070099714387936,0.08122962260781125,26.3739680051144,0.7192123942560128,ok,2608,52,14.794322256999976,0.008492720949999467
sample_df_home_dept92,2026-01-29,2026-02-01,3,52,vae,10,67,2.2861,0.5037,1.7865,42.070099714387936,0.08122962260781125,27.333445373840707,0.7453771342550258,ok,2608,52,14.794322256999976,0.008492720949999467
sample_df_home_dept92,2026-01-29,2026-02-01,3,52,vae,11,67,1.6626,0.2984,1.9966,42.070099714387936,0.08122962260781125,28.98339084566173,0.7903707898532335,ok,2608,52,14.794322256999976,0.008492720949999467
sample_df_home_dept92,2026-01-29,2026-02-01,3,52,vae,12,67,2.1142,0.457,2.3318,42.070099714387936,0.08122962260781125,29.70981412943914,0.8101801954408777,ok,2608,52,14.794322256999976,0.008492720949999467
sample_df_home_dept92,2026-01-29,2026-02-01,3,52,vae,13,67,2.1645,0.2876,1.9716,42.070099714387936,0.08122962260781125,27.59509440122059,0.7525122465521269,ok,2608,52,14.794322256999976,0.008492720949999467
sample_df_home_dept92,2026-01-29,2026-02-01,3,52,vae,14,67,2.0998,0.2609,2.3309,42.070099714387936,0.08122962260781125,27.214975896143017,0.7421464972615824,ok,2608,52,14.794322256999976,0.008492720949999467
sample_df_home_dept92,2026-01-29,2026-02-01,3,52,vae,15,67,1.6954,0.4647,1.2503,42.070099714387936,0.08122962260781125,22.130836809415616,0.6035031257148089,ok,2608,52,14.794322256999976,0.008492720949999467
sample_df_home_dept92,2026-01-29,2026-02-01,3,52,vae,16,67,2.0017,1.0357,4.1243,42.070099714387936,0.08122962260781125,38.41862998500793,1.0476677172807372,ok,2608,52,14.794322256999976,0.008492720949999467
sample_df_home_dept92,2026-01-29,2026-02-01,3,52,vae,17,67,1.5828,0.3943,1.9658,42.070099714387936,0.08122962260781125,29.549385742828214,0.8058053480906915,ok,2608,52,14.794322256999976,0.008492720949999467
sample_df_home_dept92,2026-01-29,2026-02-01,3,52,vae,18,67,1.8865,0.4691,1.7919,42.070099714387936,0.08122962260781125,26.315780739149613,0.7176256401179313,ok,2608,52,14.794322256999976,0.008492720949999467
sample_df_home_dept92,2026-01-29,2026-02-01,3,52,vae,19,67,1.7129,0.3581,2.6943,42.070099714387936,0.08122962260781125,29.270144279613305,0.7981904938793191,ok,2608,52,14.794322256999976,0.008492720949999467
sample_df_home_dept92,2026-02-03,2026-02-04,1,52,persistence,0,51,1.5141,0.5567,2.4894,110.42287250000004,0.31464556372549035,19.071189916421307,0.5825339281093918,ok,2518,52,0.0006234339999764416,0.006438213699999551
sample_df_home_dept92,2026-02-03,2026-02-04,1,52,persistence,1,51,3.4261,1.4416,4.7318,110.42287250000004,0.31464556372549035,19.216737897102387,0.5869797250044001,ok,2518,52,0.0006234339999764416,0.006438213699999551
sample_df_home_dept92,2026-02-03,2026-02-04,1,52,persistence,2,51,1.9487,1.1715,6.2883,110.42287250000004,0.31464556372549035,22.48243248599304,0.686731125163968,ok,2518,52,0.0006234339999764416,0.006438213699999551
sample_df_home_dept92,2026-02-03,2026-02-04,1,52,persistence,3,51,3.7474,0.8052,4.6146,110.42287250000004,0.31464556372549035,26.577938329823848,0.811829302952416,ok,2518,52,0.0006234339999764416,0.006438213699999551
sample_df_home_dept92,2026-02-03,2026-02-04,1,52,persistence,4,51,1.1873,0.6511,4.0313,110.42287250000004,0.31464556372549035,20.316690445598017,0.6205780312253123,ok,2518,52,0.0006234339999764416,0.006438213699999551
sample_df_home_dept92,2026-02-03,2026-02-04,1,52,persistence,5,51,0.834,0.6879,3.0503,110.42287250000004,0.31464556372549035,17.987919046462537,0.5494451676361819,ok,2518,52,0.0006234339999764416,0.006438213699999551
sample_df_home_dept92,2026-02-03,2026-02-04,1,52,persistence,6,51,2.635,0.647,3.2086,110.42287250000004,0.31464556372549035,17.327276083600488,0.5292656748032526,ok,2518,52,0.0006234339999764416,0.006438213699999551
sample_df_home_dept92,2026-02-03,2026-02-04,1,52,persistence,7,51,1.3016,0.6756,5.3241,110.42287250000004,0.31464556372549035,17.789227256543885,0.5433760807374806,ok,2518,52,0.0006234339999764416,0.006438213699999551
sample_df_home_dept92,2026-02-03,2026-02-04,1,52,persistence,8,51,1.0082,0.4299,2.3579,110.42287250000004,0.31464556372549035,19.01704970530536,0.5808802027787616,ok,2518,52,0.0006234339999764416,0.006438213699999551
sample_df_home_dept92,2026-02-03,2026-02-04,1,52,persistence,9,51,1.7359,0.5337,2.2525,110.42287250000004,0.31464556372549035,14.559848062298643,0.44473394274699307,ok,2518,52,0.0006234339999764416,0.006438213699999551
sample_df_home_dept92,2026-02-03,2026-02-04,1,52,persistence,10,51,2.6144,0.3639,2.3315,110.42287250000004,0.31464556372549035,17.553976429066473,0.5361902895402882,ok,2518,52,0.0006234339999764416,0.006438213699999551
sample_df_home_dept92,2026-02-03,2026-02-04,1,52,persistence,11,51,2.9634,0.7715,3.3717,110.42287250000004,0.31464556372549035,20.057556639513777,0.6126627288962107,ok,2518,52,0.0006234339999764416,0.006438213699999551
sample_df_home_dept92,2026-02-03,2026-02-04,1,52,persistence,12,51,1.1716,0.7323,3.9831,110.42287250000004,0.31464556372549035,19.10299676326291,0.583505475638026,ok,2518,52,0.0006234339999764416,0.006438213699999551
sample_df_home_dept92,2026-02-03,2026-02-04,1,52,persistence,13,51,1.4131,0.7389,3.517,110.42287250000004,0.31464556372549035,20.400530425947142,0.623138942909346,ok,2518,52,0.0006234339999764416,0.006438213699999551
sample_df_home_dept92,2026-02-03,2026-02-04,1,52,persistence,14,51,1.3735,1.0367,5.2761,110.42287250000004,0.31464556372549035,23.562434187532965,0.719720028128075,ok,2518,52,0.0006234339999764416,0.006438213699999551
sample_df_home_dept92,2026-02-03,2026-02-04,1,52,persistence,15,51,0.5706,0.7024,2.6367,110.42287250000004,0.31464556372549035,22.49490348776954,0.6871120548114709,ok,2518,52,0.0006234339999764416,0.006438213699999551
sample_df_home_dept92,2026-02-03,2026-02-04,1,52,persistence,16,51,3.7216,0.493,3.1865,110.42287250000004,0.31464556372549035,26.420833580114632,0.8070305018616697,ok,2518,52,0.0006234339999764416,0.006438213699999551
sample_df_home_dept92,2026-02-03,2026-02-04,1,52,persistence,17,51,2.2111,0.666,3.0262,110.42287250000004,0.31464556372549035,20.243412153177935,0.6183397287535896,ok,2518,52,0.0006234339999764416,0.006438213699999551
sample_df_home_dept92,2026-02-03,2026-02-04,1,52,persistence,18,51,1.2565,0.866,5.3258,110.42287250000004,0.31464556372549035,22.61808165937151,0.6908745606894519,ok,2518,52,0.0006234339999764416,0.006438213699999551
sample_df_home_dept92,2026-02-03,2026-02-04,1,52,persistence,19,51,1.0765,0.4442,2.1555,110.42287250000004,0.31464556372549035,19.29089342807107,0.5892448229314585,ok,2518,52,0.0006234339999764416,0.006438213699999551
sample_df_home_dept92,2026-02-03,2026-02-04,1,52,gmm,0,51,3.1443,0.5783,2.3044,81.41138637881816,0.29172987479315504,38.08063411013972,1.163181818769222,ok,2518,52,0.013582003000010445,0.006986209149999922
sample_df_home_dept92,2026-02-03,2026-02-04,1,52,gmm,1,51,3.2859,0.3467,2.7297,81.41138637881816,0.29172987479315504,35.8483484504323,1.0949961345140444,ok,2518,52,0.013582003000010445,0.006986209149999922
sample_df_home_dept92,2026-02-03,2026-02-04,1,52,gmm,2,51,3.1203,0.503,3.1266,81.41138637881816,0.29172987479315504,35.52033286559092,1.0849768222447973,ok,2518,52,0.013582003000010445,0.006986209149999922
sample_df_home_dept92,2026-02-03,2026-02-04,1,52,gmm,3,51,2.6032,1.1397,7.1582,81.41138637881816,0.29172987479315504,32.949227245279246,1.0064418035517766,ok,2518,52,0.013582003000010445,0.006986209149999922
sample_df_home_dept92,2026-02-03,2026-02-04,1,52,gmm,4,51,1.8246,0.7897,6.1644,81.41138637881816,0.29172987479315504,26.37591715778272,0.8056585193030408,ok,2518,52,0.013582003000010445,0.006986209149999922
sample_df_home_dept92,2026-02-03,2026-02-04,1,52,gmm,5,51,2.6482,0.6856,4.2869,81.41138637881816,0.29172987479315504,33.90457297720709,1.0356230609542458,ok,2518,52,0.013582003000010445,0.006986209149999922
sample_df_home_dept92,2026-02-03,2026-02-04,1,52,gmm,6,51,2.3841,0.7511,5.7278,81.41138637881816,0.29172987479315504,32.51529063930066,0.9931871090760267,ok,2518,52,0.013582003000010445,0.006986209149999922
sample_df_home_dept92,2026-02-03,2026-02-04,1,52,gmm,7,51,2.9422,0.3882,2.143,81.41138637881816,0.29172987479315504,31.904093212251986,0.974517941625576,ok,2518,52,0.013582003000010445,0.006986209149999922
sample_df_home_dept92,2026-02-03,2026-02-04,1,52,gmm,8,51,3.5297,0.3967,4.7254,81.41138637881816,0.29172987479315504,42.553188778482955,1.2997970405279118,ok,2518,52,0.013582003000010445,0.006986209149999922
sample_df_home_dept92,2026-02-03,2026-02-04,1,52,gmm,9,51,2.3141,0.643,3.1463,81.41138637881816,0.29172987479315504,34.519822397834226,1.0544159974902272,ok,2518,52,0.013582003000010445,0.006986209149999922
sample_df_home_dept92,2026-02-03,2026-02-04,1,52,gmm,10,51,2.533,1.0566,6.8464,81.41138637881816,0.29172987479315504,34.567757373684884,1.055880182467593,ok,2518,52,0.013582003000010445,0.006986209149999922
sample_df_home_dept92,2026-02-03,2026-02-04,1,52,gmm,11,51,2.4031,0.4918,4.2816,81.41138637881816,0.29172987479315504,31.961606939440337,0.9762747117886372,ok,2518,52,0.013582003000010445,0.006986209149999922
sample_df_home_dept92,2026-02-03,2026-02-04,1,52,gmm,12,51,4.0551,0.8551,4.6947,81.41138637881816,0.29172987479315504,45.545701336693604,1.3912040320733168,ok,2518,52,0.013582003000010445,0.006986209149999922
sample_df_home_dept92,2026-02-03,2026-02-04,1,52,gmm,13,51,2.0621,0.884,5.1271,81.41138637881816,0.29172987479315504,32.24577322190932,0.9849546369264159,ok,2518,52,0.013582003000010445,0.006986209149999922
sample_df_home_dept92,2026-02-03,2026-02-04,1,52,gmm,14,51,2.3725,0.6099,5.7729,81.41138637881816,0.29172987479315504,24.693920823736413,0.7542815503864911,ok,2518,52,0.013582003000010445,0.006986209149999922
sample_df_home_dept92,2026-02-03,2026-02-04,1,52,gmm,15,51,2.4198,0.7599,4.8938,81.41138637881816,0.29172987479315504,31.64188056100414,0.9665085952554335,ok,2518,52,0.013582003000010445,0.006986209149999922
sample_df_home_dept92,2026-02-03,2026-02-04,1,52,gmm,16,51,3.1052,0.6384,4.0392,81.41138637881816,0.29172987479315504,35.95880429253796,1.098370033880913,ok,2518,52,0.013582003000010445,0.006986209149999922
sample_df_home_dept92,2026-02-03,2026-02-04,1,52,gmm,17,51,3.1412,0.963,3.564,81.41138637881816,0.29172987479315504,38.113713265151894,1.1641922292466087,ok,2518,52,0.013582003000010445,0.006986209149999922
sample_df_home_dept92,2026-02-03,2026-02-04,1,52,gmm,18,51,2.3423,0.657,1.9796,81.41138637881816,0.29172987479315504,31.565404763491834,0.9641726242475741,ok,2518,52,0.013582003000010445,0.006986209149999922
sample_df_home_dept92,2026-02-03,2026-02-04,1,52,gmm,19,51,2.4825,0.6998,2.1013,81.41138637881816,0.29172987479315504,33.142408869789975,1.0123425811675397,ok,2518,52,0.013582003000010445,0.006986209149999922
sample_df_home_dept92,2026-02-03,2026-02-04,1,52,vae,0,51,3.0805,0.3222,2.9664,130.99779637190875,0.3317102019704621,32.10962743692448,0.9807960322840037,ok,2518,52,13.593431620000047,0.007602386849998766
sample_df_home_dept92,2026-02-03,2026-02-04,1,52,vae,1,51,3.6061,0.883,4.3454,130.99779637190875,0.3317102019704621,36.16848232090609,1.1047746979862367,ok,2518,52,13.593431620000047,0.007602386849998766
sample_df_home_dept92,2026-02-03,2026-02-04,1,52,vae,2,51,2.5838,0.941,5.2073,130.99779637190875,0.3317102019704621,31.32671903172284,0.9568819131005295,ok,2518,52,13.593431620000047,0.007602386849998766
sample_df_home_dept92,2026-02-03,2026-02-04,1,52,vae,3,51,3.3988,0.8136,3.2311,130.99779637190875,0.3317102019704621,38.91621007368264,1.1887046807620822,ok,2518,52,13.593431620000047,0.007602386849998766
sample_df_home_dept92,2026-02-03,2026-02-04,1,52,vae,4,51,2.3315,0.5911,4.3092,130.99779637190875,0.3317102019704621,30.865844964161184,0.9428044076005044,ok,2518,52,13.593431620000047,0.007602386849998766
sample_df_home_dept92,2026-02-03,2026-02-04,1,52,vae,5,51,3.1227,0.3848,2.0263,130.99779637190875,0.3317102019704621,36.26901104738798,1.1078453712993324,ok,2518,52,13.593431620000047,0.007602386849998766
sample_df_home_dept92,2026-02-03,2026-02-04,1,52,vae,6,51,3.0457,0.8754,4.3879,130.99779637190875,0.3317102019704621,36.2858781111071,1.10836057968051,ok,2518,52,13.593431620000047,0.007602386849998766
sample_df_home_dept92,2026-02-03,2026-02-04,1,52,vae,7,51,2.9895,0.4631,3.9495,130.99779637190875,0.3317102019704621,33.80819083883966,1.0326790461387665,ok,2518,52,13.593431620000047,0.007602386849998766
sample_df_home_dept92,2026-02-03,2026-02-04,1,52,vae,8,51,2.4887,0.8313,4.8711,130.99779637190875,0.3317102019704621,33.98677790957642,1.0381340297177544,ok,2518,52,13.593431620000047,0.007602386849998766
sample_df_home_dept92,2026-02-03,2026-02-04,1,52,vae,9,51,3.5,0.8746,3.5792,130.99779637190875,0.3317102019704621,32.66425636552943,0.9977373018030676,ok,2518,52,13.593431620000047,0.007602386849998766
sample_df_home_dept92,2026-02-03,2026-02-04,1,52,vae,10,51,2.1909,0.4892,3.3577,130.99779637190875,0.3317102019704621,25.529866519206042,0.7798157059269777,ok,2518,52,13.593431620000047,0.007602386849998766
sample_df_home_dept92,2026-02-03,2026-02-04,1,52,vae,11,51,2.509,0.5041,1.9731,130.99779637190875,0.3317102019704621,29.620575953415926,0.9047673762688772,ok,2518,52,13.593431620000047,0.007602386849998766
sample_df_home_dept92,2026-02-03,2026-02-04,1,52,vae,12,51,3.2325,0.6725,3.8003,130.99779637190875,0.3317102019704621,32.96366584838302,1.0068828340390883,ok,2518,52,13.593431620000047,0.007602386849998766
sample_df_home_dept92,2026-02-03,2026-02-04,1,52,vae,13,51,2.9093,0.447,3.9436,130.99779637190875,0.3317102019704621,31.440742829600904,0.9603647965056529,ok,2518,52,13.593431620000047,0.007602386849998766
sample_df_home_dept92,2026-02-03,2026-02-04,1,52,vae,14,51,2.1931,0.8058,5.1797,130.99779637190875,0.3317102019704621,34.586482064469976,1.05645213249921,ok,2518,52,13.593431620000047,0.007602386849998766
sample_df_home_dept92,2026-02-03,2026-02-04,1,52,vae,15,51,2.7438,0.8332,5.4635,130.99779637190875,0.3317102019704621,32.165912634666306,0.9825152767296127,ok,2518,52,13.593431620000047,0.007602386849998766
sample_df_home_dept92,2026-02-03,2026-02-04,1,52,vae,16,51,1.9986,0.5148,2.4781,130.99779637190875,0.3317102019704621,25.77308428951723,0.7872448492445316,ok,2518,52,13.593431620000047,0.007602386849998766
sample_df_home_dept92,2026-02-03,2026-02-04,1,52,vae,17,51,3.1764,0.6616,2.8071,130.99779637190875,0.3317102019704621,41.95270813337108,1.2814552196722826,ok,2518,52,13.593431620000047,0.007602386849998766
sample_df_home_dept92,2026-02-03,2026-02-04,1,52,vae,18,51,3.0806,0.3992,3.0692,130.99779637190875,0.3317102019704621,32.51877054008537,0.9932934034542188,ok,2518,52,13.593431620000047,0.007602386849998766
sample_df_home_dept92,2026-02-03,2026-02-04,1,52,vae,19,51,2.6458,0.7161,5.2374,130.99779637190875,0.3317102019704621,37.44205646473899,1.1436763161860912,ok,2518,52,13.593431620000047,0.007602386849998766
sample_df_home_dept92,2026-02-03,2026-02-05,2,52,persistence,0,61,2.3544,0.5962,4.0925,128.15824000000003,0.17530201502732262,16.929800657141634,0.4395001111650257,ok,2426,52,0.0005980549999549112,0.006314142799999445
sample_df_home_dept92,2026-02-03,2026-02-05,2,52,persistence,1,61,1.0344,0.383,3.3071,128.15824000000003,0.17530201502732262,14.73299025232146,0.3824705904589052,ok,2426,52,0.0005980549999549112,0.006314142799999445
sample_df_home_dept92,2026-02-03,2026-02-05,2,52,persistence,2,61,0.7516,0.4884,3.1693,128.15824000000003,0.17530201502732262,15.07446408436709,0.391335301283524,ok,2426,52,0.0005980549999549112,0.006314142799999445
sample_df_home_dept92,2026-02-03,2026-02-05,2,52,persistence,3,61,1.077,0.2754,2.4358,128.15824000000003,0.17530201502732262,9.91940935878075,0.2575093235983555,ok,2426,52,0.0005980549999549112,0.006314142799999445
sample_df_home_dept92,2026-02-03,2026-02-05,2,52,persistence,4,61,1.818,0.5999,5.5575,128.15824000000003,0.17530201502732262,24.277775169098003,0.6302546085300198,ok,2426,52,0.0005980549999549112,0.006314142799999445
sample_df_home_dept92,2026-02-03,2026-02-05,2,52,persistence,5,61,1.8672,0.3243,2.8465,128.15824000000003,0.17530201502732262,13.86155321840268,0.35984795708967754,ok,2426,52,0.0005980549999549112,0.006314142799999445
sample_df_home_dept92,2026-02-03,2026-02-05,2,52,persistence,6,61,1.4863,0.5139,5.0208,128.15824000000003,0.17530201502732262,16.32523518266433,0.42380550266842615,ok,2426,52,0.0005980549999549112,0.006314142799999445
sample_df_home_dept92,2026-02-03,2026-02-05,2,52,persistence,7,61,1.2052,0.4258,2.5665,128.15824000000003,0.17530201502732262,18.523286732817013,0.4808672436896382,ok,2426,52,0.0005980549999549112,0.006314142799999445
sample_df_home_dept92,2026-02-03,2026-02-05,2,52,persistence,8,61,4.3407,0.3838,2.5586,128.15824000000003,0.17530201502732262,18.092021070499662,0.46967152376542404,ok,2426,52,0.0005980549999549112,0.006314142799999445
sample_df_home_dept92,2026-02-03,2026-02-05,2,52,persistence,9,61,2.173,0.4436,2.696,128.15824000000003,0.17530201502732262,19.503355360187047,0.5063099691771815,ok,2426,52,0.0005980549999549112,0.006314142799999445
sample_df_home_dept92,2026-02-03,2026-02-05,2,52,persistence,10,61,0.9697,0.7026,3.5059,128.15824000000003,0.17530201502732262,17.92911125365646,0.4654423609972104,ok,2426,52,0.0005980549999549112,0.006314142799999445
sample_df_home_dept92,2026-02-03,2026-02-05,2,52,persistence,11,61,1.9066,0.2257,1.8819,128.15824000000003,0.17530201502732262,14.051733258564505,0.36478505885981755,ok,2426,52,0.0005980549999549112,0.006314142799999445
sample_df_home_dept92,2026-02-03,2026-02-05,2,52,persistence,12,61,2.0669,0.4259,3.2236,128.15824000000003,0.17530201502732262,16.347774313018707,0.4243906218022497,ok,2426,52,0.0005980549999549112,0.006314142799999445
sample_df_home_dept92,2026-02-03,2026-02-05,2,52,persistence,13,61,0.7407,0.5497,3.9835,128.15824000000003,0.17530201502732262,12.73941593126143,0.3307171083319896,ok,2426,52,0.0005980549999549112,0.006314142799999445
sample_df_home_dept92,2026-02-03,2026-02-05,2,52,persistence,14,61,2.941,0.4686,2.4485,128.15824000000003,0.17530201502732262,16.77052248042033,0.43536522630767527,ok,2426,52,0.0005980549999549112,0.006314142799999445
sample_df_home_dept92,2026-02-03,2026-02-05,2,52,persistence,15,61,0.6361,0.4571,4.3722,128.15824000000003,0.17530201502732262,14.736341730579438,0.38255759532663985,ok,2426,52,0.0005980549999549112,0.006314142799999445
sample_df_home_dept92,2026-02-03,2026-02-05,2,52,persistence,16,61,0.7727,0.4731,3.2792,128.15824000000003,0.17530201502732262,12.730881637073795,0.3304955568016354,ok,2426,52,0.0005980549999549112,0.006314142799999445
sample_df_home_dept92,2026-02-03,2026-02-05,2,52,persistence,17,61,0.7131,0.6627,3.1727,128.15824000000003,0.17530201502732262,12.866542965676897,0.3340173448137528,ok,2426,52,0.0005980549999549112,0.006314142799999445
sample_df_home_dept92,2026-02-03,2026-02-05,2,52,persistence,18,61,1.9825,0.7694,2.329,128.15824000000003,0.17530201502732262,9.537812600590598,0.24760301571905755,ok,2426,52,0.0005980549999549112,0.006314142799999445
sample_df_home_dept92,2026-02-03,2026-02-05,2,52,persistence,19,61,2.079,0.9678,5.7418,128.15824000000003,0.17530201502732262,20.380668263661722,0.5290851409829392,ok,2426,52,0.0005980549999549112,0.006314142799999445
sample_df_home_dept92,2026-02-03,2026-02-05,2,52,gmm,0,61,2.8931,0.39,2.8779,100.98391875995344,0.1271905754840385,39.36352323118615,1.021882843532211,ok,2426,52,0.014452628000071854,0.006916948700001058
sample_df_home_dept92,2026-02-03,2026-02-05,2,52,gmm,1,61,3.6318,0.3952,1.9888,100.98391875995344,0.1271905754840385,38.48144994987398,0.9989840916187404,ok,2426,52,0.014452628000071854,0.006916948700001058
sample_df_home_dept92,2026-02-03,2026-02-05,2,52,gmm,2,61,3.1077,0.2461,2.8159,100.98391875995344,0.1271905754840385,39.238093596882315,1.0186266718066053,ok,2426,52,0.014452628000071854,0.006916948700001058
sample_df_home_dept92,2026-02-03,2026-02-05,2,52,gmm,3,61,2.747,0.6091,5.5035,100.98391875995344,0.1271905754840385,37.11824529926439,0.9635950987051787,ok,2426,52,0.014452628000071854,0.006916948700001058
sample_df_home_dept92,2026-02-03,2026-02-05,2,52,gmm,4,61,1.6074,0.5753,4.9502,100.98391875995344,0.1271905754840385,28.938641973789608,0.751251395218304,ok,2426,52,0.014452628000071854,0.006916948700001058
sample_df_home_dept92,2026-02-03,2026-02-05,2,52,gmm,5,61,2.5335,0.5081,4.6955,100.98391875995344,0.1271905754840385,37.05165822336207,0.9618664884365824,ok,2426,52,0.014452628000071854,0.006916948700001058
sample_df_home_dept92,2026-02-03,2026-02-05,2,52,gmm,6,61,2.3104,0.4708,5.0161,100.98391875995344,0.1271905754840385,32.86413141884163,0.8531576776617255,ok,2426,52,0.014452628000071854,0.006916948700001058
sample_df_home_dept92,2026-02-03,2026-02-05,2,52,gmm,7,61,2.5405,0.234,2.4364,100.98391875995344,0.1271905754840385,33.91097959600914,0.8803340100684477,ok,2426,52,0.014452628000071854,0.006916948700001058
sample_df_home_dept92,2026-02-03,2026-02-05,2,52,gmm,8,61,3.4797,0.2391,3.4232,100.98391875995344,0.1271905754840385,46.42607577354711,1.205227744652892,ok,2426,52,0.014452628000071854,0.006916948700001058
sample_df_home_dept92,2026-02-03,2026-02-05,2,52,gmm,9,61,2.068,0.4127,3.1762,100.98391875995344,0.1271905754840385,37.89768194339429,0.9838293884454232,ok,2426,52,0.014452628000071854,0.006916948700001058
sample_df_home_dept92,2026-02-03,2026-02-05,2,52,gmm,10,61,2.3096,0.5337,6.0278,100.98391875995344,0.1271905754840385,35.43989907695308,0.9200249843123635,ok,2426,52,0.014452628000071854,0.006916948700001058
sample_df_home_dept92,2026-02-03,2026-02-05,2,52,gmm,11,61,1.8433,0.2625,3.4654,100.98391875995344,0.1271905754840385,32.38267362988391,0.8406589627593192,ok,2426,52,0.014452628000071854,0.006916948700001058
sample_df_home_dept92,2026-02-03,2026-02-05,2,52,gmm,12,61,3.6091,0.6472,3.9144,100.98391875995344,0.1271905754840385,46.75801462022832,1.2138449258572581,ok,2426,52,0.014452628000071854,0.006916948700001058
sample_df_home_dept92,2026-02-03,2026-02-05,2,52,gmm,13,61,1.8665,0.5679,4.6897,100.98391875995344,0.1271905754840385,35.71664310084696,0.9272092998119265,ok,2426,52,0.014452628000071854,0.006916948700001058
sample_df_home_dept92,2026-02-03,2026-02-05,2,52,gmm,14,61,2.4051,0.3586,3.6397,100.98391875995344,0.1271905754840385,23.94422824938953,0.621595681513724,ok,2426,52,0.014452628000071854,0.006916948700001058
sample_df_home_dept92,2026-02-03,2026-02-05,2,52,gmm,15,61,2.2091,0.5027,4.1869,100.98391875995344,0.1271905754840385,33.2371062363538,0.8628401586949093,ok,2426,52,0.014452628000071854,0.006916948700001058
sample_df_home_dept92,2026-02-03,2026-02-05,2,52,gmm,16,61,3.1717,0.3037,2.6593,100.98391875995344,0.1271905754840385,40.20572193274454,1.0437464454997751,ok,2426,52,0.014452628000071854,0.006916948700001058
sample_df_home_dept92,2026-02-03,2026-02-05,2,52,gmm,17,61,3.5246,0.5995,3.494,100.98391875995344,0.1271905754840385,41.6912985229571,1.0823122319354916,ok,2426,52,0.014452628000071854,0.006916948700001058
sample_df_home_dept92,2026-02-03,2026-02-05,2,52,gmm,18,61,2.2964,0.564,1.9184,100.98391875995344,0.1271905754840385,33.647281250581884,0.8734883622976085,ok,2426,52,0.014452628000071854,0.006916948700001058
sample_df_home_dept92,2026-02-03,2026-02-05,2,52,gmm,19,61,2.3327,0.3794,1.5269,100.98391875995344,0.1271905754840385,34.31300604352272,0.8907706756826387,ok,2426,52,0.014452628000071854,0.006916948700001058
sample_df_home_dept92,2026-02-03,2026-02-05,2,52,vae,0,61,3.7052,0.5146,3.1287,105.51861893413252,0.11715363599840112,42.71330441053476,1.1088436548564236,ok,2426,52,13.849444235999954,0.00809936239999729
sample_df_home_dept92,2026-02-03,2026-02-05,2,52,vae,1,61,2.7631,0.2914,3.7716,105.51861893413252,0.11715363599840112,34.42206462420928,0.893601852452285,ok,2426,52,13.849444235999954,0.00809936239999729
sample_df_home_dept92,2026-02-03,2026-02-05,2,52,vae,2,61,2.5678,0.4231,3.2896,105.51861893413252,0.11715363599840112,35.440037535098405,0.9200285787061483,ok,2426,52,13.849444235999954,0.00809936239999729
sample_df_home_dept92,2026-02-03,2026-02-05,2,52,vae,3,61,2.6756,0.5828,3.2332,105.51861893413252,0.11715363599840112,44.00055612878634,1.1422608984924427,ok,2426,52,13.849444235999954,0.00809936239999729
sample_df_home_dept92,2026-02-03,2026-02-05,2,52,vae,4,61,2.7242,0.4074,2.2327,105.51861893413252,0.11715363599840112,38.74741878062385,1.0058886815219705,ok,2426,52,13.849444235999954,0.00809936239999729
sample_df_home_dept92,2026-02-03,2026-02-05,2,52,vae,5,61,2.1149,0.4503,2.5488,105.51861893413252,0.11715363599840112,30.207601446348075,0.7841937694699521,ok,2426,52,13.849444235999954,0.00809936239999729
sample_df_home_dept92,2026-02-03,2026-02-05,2,52,vae,6,61,2.9429,0.5834,4.33,105.51861893413252,0.11715363599840112,34.64992278198706,0.8995170836886875,ok,2426,52,13.849444235999954,0.00809936239999729
sample_df_home_dept92,2026-02-03,2026-02-05,2,52,vae,7,61,2.4491,0.3145,3.0795,105.51861893413252,0.11715363599840112,27.629397779699154,0.7172632236799588,ok,2426,52,13.849444235999954,0.00809936239999729
sample_df_home_dept92,2026-02-03,2026-02-05,2,52,vae,8,61,1.7076,0.3582,3.6264,105.51861893413252,0.11715363599840112,32.56181134581899,0.8453094041709907,ok,2426,52,13.849444235999954,0.00809936239999729
sample_df_home_dept92,2026-02-03,2026-02-05,2,52,vae,9,61,2.4143,0.4023,2.7395,105.51861893413252,0.11715363599840112,35.321407577622395,0.9169489275895113,ok,2426,52,13.849444235999954,0.00809936239999729
sample_df_home_dept92,2026-02-03,2026-02-05,2,52,vae,10,61,1.709,0.4176,1.9596,105.51861893413252,0.11715363599840112,27.608021196924046,0.7167082844520107,ok,2426,52,13.849444235999954,0.00809936239999729
sample_df_home_dept92,2026-02-03,2026-02-05,2,52,vae,11,61,3.7272,0.2596,2.3961,105.51861893413252,0.11715363599840112,42.01402589299736,1.0906902818535726,ok,2426,52,13.849444235999954,0.00809936239999729
sample_df_home_dept92,2026-02-03,2026-02-05,2,52,vae,12,61,2.1954,0.4111,2.6795,105.51861893413252,0.11715363599840112,37.54938747793912,0.9747876129758971,ok,2426,52,13.849444235999954,0.00809936239999729
sample_df_home_dept92,2026-02-03,2026-02-05,2,52,vae,13,61,2.0077,0.5008,3.2103,105.51861893413252,0.11715363599840112,28.686452760205576,0.7447045262002068,ok,2426,52,13.849444235999954,0.00809936239999729
sample_df_home_dept92,2026-02-03,2026-02-05,2,52,vae,14,61,2.8323,0.5755,4.9824,105.51861893413252,0.11715363599840112,36.09918844259087,0.9371402330595775,ok,2426,52,13.849444235999954,0.00809936239999729
sample_df_home_dept92,2026-02-03,2026-02-05,2,52,vae,15,61,2.1745,0.4398,1.9546,105.51861893413252,0.11715363599840112,33.68873198502476,0.8745644294506988,ok,2426,52,13.849444235999954,0.00809936239999729
sample_df_home_dept92,2026-02-03,2026-02-05,2,52,vae,16,61,2.5913,0.3065,2.5123,105.51861893413252,0.11715363599840112,39.6551029179573,1.0294522950186538,ok,2426,52,13.849444235999954,0.00809936239999729
sample_df_home_dept92,2026-02-03,2026-02-05,2,52,vae,17,61,2.8341,0.509,2.8006,105.51861893413252,0.11715363599840112,44.31641879975999,1.1504607398146875,ok,2426,52,13.849444235999954,0.00809936239999729
sample_df_home_dept92,2026-02-03,2026-02-05,2,52,vae,18,61,2.1437,0.439,4.2331,105.51861893413252,0.11715363599840112,32.85127354680979,0.8528238854156275,ok,2426,52,13.849444235999954,0.00809936239999729
sample_df_home_dept92,2026-02-03,2026-02-05,2,52,vae,19,61,2.894,0.7459,6.1102,105.51861893413252,0.11715363599840112,35.51082427476251,0.9218662128627124,ok,2426,52,13.849444235999954,0.00809936239999729
sample_df_home_dept92,2026-02-03,2026-02-06,3,52,persistence,0,52,0.9378,1.8997,4.0676,37.605352500000116,0.8680935416666657,17.52324430379342,0.5982640976088476,ok,2482,52,0.0005773740000449834,0.006775897099998929
sample_df_home_dept92,2026-02-03,2026-02-06,3,52,persistence,1,52,0.8708,1.3762,1.4691,37.605352500000116,0.8680935416666657,12.988733631222,0.4434505888434441,ok,2482,52,0.0005773740000449834,0.006775897099998929
sample_df_home_dept92,2026-02-03,2026-02-06,3,52,persistence,2,52,1.416,1.4346,2.2996,37.605352500000116,0.8680935416666657,11.14685012959406,0.38056652742774394,ok,2482,52,0.0005773740000449834,0.006775897099998929
sample_df_home_dept92,2026-02-03,2026-02-06,3,52,persistence,3,52,0.6545,1.6119,2.4598,37.605352500000116,0.8680935416666657,17.252661083435544,0.589026069344843,ok,2482,52,0.0005773740000449834,0.006775897099998929
sample_df_home_dept92,2026-02-03,2026-02-06,3,52,persistence,4,52,1.2926,0.6578,4.1051,37.605352500000116,0.8680935416666657,15.22934627284191,0.5199477304052682,ok,2482,52,0.0005773740000449834,0.006775897099998929
sample_df_home_dept92,2026-02-03,2026-02-06,3,52,persistence,5,52,0.8625,1.3609,2.5982,37.605352500000116,0.8680935416666657,9.591846731899398,0.32747688898110666,ok,2482,52,0.0005773740000449834,0.006775897099998929
sample_df_home_dept92,2026-02-03,2026-02-06,3,52,persistence,6,52,1.3237,0.9756,2.2929,37.605352500000116,0.8680935416666657,12.011985280603913,0.4101032554134719,ok,2482,52,0.0005773740000449834,0.006775897099998929
sample_df_home_dept92,2026-02-03,2026-02-06,3,52,persistence,7,52,0.9897,1.6902,2.7417,37.605352500000116,0.8680935416666657,11.56740953662769,0.39492491847553746,ok,2482,52,0.0005773740000449834,0.006775897099998929
sample_df_home_dept92,2026-02-03,2026-02-06,3,52,persistence,8,52,0.9946,0.9983,2.4804,37.605352500000116,0.8680935416666657,11.97075173841532,0.4086954939578301,ok,2482,52,0.0005773740000449834,0.006775897099998929
sample_df_home_dept92,2026-02-03,2026-02-06,3,52,persistence,9,52,0.4926,1.5812,2.2322,37.605352500000116,0.8680935416666657,10.888445497108412,0.37174429042688756,ok,2482,52,0.0005773740000449834,0.006775897099998929
sample_df_home_dept92,2026-02-03,2026-02-06,3,52,persistence,10,52,0.7045,1.1843,2.2819,37.605352500000116,0.8680935416666657,14.005397992980319,0.4781607016749331,ok,2482,52,0.0005773740000449834,0.006775897099998929
sample_df_home_dept92,2026-02-03,2026-02-06,3,52,persistence,11,52,1.1692,1.5764,2.9603,37.605352500000116,0.8680935416666657,17.683666155144756,0.6037410876268816,ok,2482,52,0.0005773740000449834,0.006775897099998929
sample_df_home_dept92,2026-02-03,2026-02-06,3,52,persistence,12,52,0.9545,1.5125,1.3643,37.605352500000116,0.8680935416666657,10.585930161956535,0.3614160623396779,ok,2482,52,0.0005773740000449834,0.006775897099998929
sample_df_home_dept92,2026-02-03,2026-02-06,3,52,persistence,13,52,1.6622,1.5045,2.6199,37.605352500000116,0.8680935416666657,10.402747111498217,0.35516197830822044,ok,2482,52,0.0005773740000449834,0.006775897099998929
sample_df_home_dept92,2026-02-03,2026-02-06,3,52,persistence,14,52,1.9378,1.7506,4.1387,37.605352500000116,0.8680935416666657,18.25522810057383,0.6232548823090489,ok,2482,52,0.0005773740000449834,0.006775897099998929
sample_df_home_dept92,2026-02-03,2026-02-06,3,52,persistence,15,52,1.1843,1.2974,3.2301,37.605352500000116,0.8680935416666657,12.53947335106026,0.42811231634990377,ok,2482,52,0.0005773740000449834,0.006775897099998929
sample_df_home_dept92,2026-02-03,2026-02-06,3,52,persistence,16,52,0.8154,1.4718,0.9822,37.605352500000116,0.8680935416666657,12.7792075732779,0.4362971236626653,ok,2482,52,0.0005773740000449834,0.006775897099998929
sample_df_home_dept92,2026-02-03,2026-02-06,3,52,persistence,17,52,0.741,1.6823,2.5499,37.605352500000116,0.8680935416666657,9.453351398518384,0.32274849598425204,ok,2482,52,0.0005773740000449834,0.006775897099998929
sample_df_home_dept92,2026-02-03,2026-02-06,3,52,persistence,18,52,1.1772,1.272,1.1879,37.605352500000116,0.8680935416666657,9.280120918764888,0.3168342043809764,ok,2482,52,0.0005773740000449834,0.006775897099998929
sample_df_home_dept92,2026-02-03,2026-02-06,3,52,persistence,19,52,0.5192,1.1355,2.4264,37.605352500000116,0.8680935416666657,11.67736159094823,0.39867881047281317,ok,2482,52,0.0005773740000449834,0.006775897099998929
sample_df_home_dept92,2026-02-03,2026-02-06,3,52,gmm,0,52,2.6268,1.4438,1.4459,33.09527909142888,0.9237515838199986,31.792787383936272,1.0854430221350648,ok,2482,52,0.014974884999901406,0.007612482600001158
sample_df_home_dept92,2026-02-03,2026-02-06,3,52,gmm,1,52,3.0302,1.6686,4.2842,33.09527909142888,0.9237515838199986,33.12497545541653,1.1309254842072778,ok,2482,52,0.014974884999901406,0.007612482600001158
sample_df_home_dept92,2026-02-03,2026-02-06,3,52,gmm,2,52,2.8137,1.3226,1.9782,33.09527909142888,0.9237515838199986,30.118788563079356,1.0282907404801525,ok,2482,52,0.014974884999901406,0.007612482600001158
sample_df_home_dept92,2026-02-03,2026-02-06,3,52,gmm,3,52,2.1106,1.1872,5.0574,33.09527909142888,0.9237515838199986,24.76719586551616,0.8455810937690895,ok,2482,52,0.014974884999901406,0.007612482600001158
sample_df_home_dept92,2026-02-03,2026-02-06,3,52,gmm,4,52,1.1039,1.2468,5.0992,33.09527909142888,0.9237515838199986,21.552253126656673,0.7358191807818057,ok,2482,52,0.014974884999901406,0.007612482600001158
sample_df_home_dept92,2026-02-03,2026-02-06,3,52,gmm,5,52,2.183,1.4914,3.0474,33.09527909142888,0.9237515838199986,27.050056751177987,0.9235206398970488,ok,2482,52,0.014974884999901406,0.007612482600001158
sample_df_home_dept92,2026-02-03,2026-02-06,3,52,gmm,6,52,1.6648,1.3894,3.7462,33.09527909142888,0.9237515838199986,25.792107415669122,0.8805727752779987,ok,2482,52,0.014974884999901406,0.007612482600001158
sample_df_home_dept92,2026-02-03,2026-02-06,3,52,gmm,7,52,2.3337,1.4402,2.2729,33.09527909142888,0.9237515838199986,25.023318554409002,0.854325422541271,ok,2482,52,0.014974884999901406,0.007612482600001158
sample_df_home_dept92,2026-02-03,2026-02-06,3,52,gmm,8,52,3.1743,1.4226,3.8013,33.09527909142888,0.9237515838199986,38.157054852701805,1.302726572380273,ok,2482,52,0.014974884999901406,0.007612482600001158
sample_df_home_dept92,2026-02-03,2026-02-06,3,52,gmm,9,52,1.8911,1.504,2.1281,33.09527909142888,0.9237515838199986,29.27313373926282,0.9994190936955645,ok,2482,52,0.014974884999901406,0.007612482600001158
sample_df_home_dept92,2026-02-03,2026-02-06,3,52,gmm,10,52,2.0298,1.6937,4.8188,33.09527909142888,0.9237515838199986,25.71396243903054,0.8779048141903806,ok,2482,52,0.014974884999901406,0.007612482600001158
sample_df_home_dept92,2026-02-03,2026-02-06,3,52,gmm,11,52,1.8655,1.4209,3.5991,33.09527909142888,0.9237515838199986,27.772429160217648,0.948183280555325,ok,2482,52,0.014974884999901406,0.007612482600001158
sample_df_home_dept92,2026-02-03,2026-02-06,3,52,gmm,12,52,3.4219,1.5801,3.3218,33.09527909142888,0.9237515838199986,37.62589711870929,1.284592224829905,ok,2482,52,0.014974884999901406,0.007612482600001158
sample_df_home_dept92,2026-02-03,2026-02-06,3,52,gmm,13,52,1.3635,1.4296,3.2738,33.09527909142888,0.9237515838199986,24.260809046380853,0.8282924542832257,ok,2482,52,0.014974884999901406,0.007612482600001158
sample_df_home_dept92,2026-02-03,2026-02-06,3,52,gmm,14,52,1.9199,1.4235,3.9428,33.09527909142888,0.9237515838199986,18.917986096962416,0.645882217051887,ok,2482,52,0.014974884999901406,0.007612482600001158
sample_df_home_dept92,2026-02-03,2026-02-06,3,52,gmm,15,52,1.7766,1.6514,3.2609,33.09527909142888,0.9237515838199986,22.90115372461235,0.7818722280948133,ok,2482,52,0.014974884999901406,0.007612482600001158
sample_df_home_dept92,2026-02-03,2026-02-06,3,52,gmm,16,52,2.4506,1.431,2.3055,33.09527909142888,0.9237515838199986,28.791262637035025,0.9829674495171126,ok,2482,52,0.014974884999901406,0.007612482600001158
sample_df_home_dept92,2026-02-03,2026-02-06,3,52,gmm,17,52,2.6644,1.5635,2.6568,33.09527909142888,0.9237515838199986,31.66730227834926,1.081158813562962,ok,2482,52,0.014974884999901406,0.007612482600001158
sample_df_home_dept92,2026-02-03,2026-02-06,3,52,gmm,18,52,1.8341,1.443,2.0964,33.09527909142888,0.9237515838199986,23.727528027654678,0.8100856153035811,ok,2482,52,0.014974884999901406,0.007612482600001158
sample_df_home_dept92,2026-02-03,2026-02-06,3,52,gmm,19,52,1.562,1.4368,2.4521,33.09527909142888,0.9237515838199986,25.821840578574417,0.8815879003065724,ok,2482,52,0.014974884999901406,0.007612482600001158
sample_df_home_dept92,2026-02-03,2026-02-06,3,52,vae,0,52,2.4745,1.6313,2.33,36.6653200282517,0.9957596102156198,33.52811220966179,1.1446890454696914,ok,2482,52,13.630430715999978,0.009826962950000961
sample_df_home_dept92,2026-02-03,2026-02-06,3,52,vae,1,52,2.3574,1.5389,3.0154,36.6653200282517,0.9957596102156198,22.49142564742663,0.767883631342244,ok,2482,52,13.630430715999978,0.009826962950000961
sample_df_home_dept92,2026-02-03,2026-02-06,3,52,vae,2,52,2.5057,1.4207,3.9529,36.6653200282517,0.9957596102156198,27.96839243780014,0.9548736965191076,ok,2482,52,13.630430715999978,0.009826962950000961
sample_df_home_dept92,2026-02-03,2026-02-06,3,52,vae,3,52,2.4016,1.1649,4.1272,36.6653200282517,0.9957596102156198,24.30687210083015,0.8298651009475909,ok,2482,52,13.630430715999978,0.009826962950000961
sample_df_home_dept92,2026-02-03,2026-02-06,3,52,vae,4,52,2.1552,1.4541,1.6374,36.6653200282517,0.9957596102156198,23.461446802294294,0.8010012904250866,ok,2482,52,13.630430715999978,0.009826962950000961
sample_df_home_dept92,2026-02-03,2026-02-06,3,52,vae,5,52,1.839,1.4908,3.5872,36.6653200282517,0.9957596102156198,29.538299741344815,1.0084721717787015,ok,2482,52,13.630430715999978,0.009826962950000961
sample_df_home_dept92,2026-02-03,2026-02-06,3,52,vae,6,52,2.3377,1.3514,2.5257,36.6653200282517,0.9957596102156198,23.234418398831156,0.7932502746557037,ok,2482,52,13.630430715999978,0.009826962950000961
sample_df_home_dept92,2026-02-03,2026-02-06,3,52,vae,7,52,1.9367,1.6302,2.3118,36.6653200282517,0.9957596102156198,23.178155413558738,0.7913293903988144,ok,2482,52,13.630430715999978,0.009826962950000961
sample_df_home_dept92,2026-02-03,2026-02-06,3,52,vae,8,52,2.8545,1.3519,3.0107,36.6653200282517,0.9957596102156198,24.1976804135194,0.8261371687711724,ok,2482,52,13.630430715999978,0.009826962950000961
sample_df_home_dept92,2026-02-03,2026-02-06,3,52,vae,9,52,2.1725,1.6454,2.0568,36.6653200282517,0.9957596102156198,22.613579252413402,0.7720540985793674,ok,2482,52,13.630430715999978,0.009826962950000961
sample_df_home_dept92,2026-02-03,2026-02-06,3,52,vae,10,52,2.4765,1.5647,3.1036,36.6653200282517,0.9957596102156198,34.16900452198196,1.166569860132058,ok,2482,52,13.630430715999978,0.009826962950000961
sample_df_home_dept92,2026-02-03,2026-02-06,3,52,vae,11,52,2.8855,1.4041,2.8075,36.6653200282517,0.9957596102156198,24.08082272246932,0.822147510242609,ok,2482,52,13.630430715999978,0.009826962950000961
sample_df_home_dept92,2026-02-03,2026-02-06,3,52,vae,12,52,2.3725,1.533,2.5775,36.6653200282517,0.9957596102156198,32.47333383980526,1.1086776757324708,ok,2482,52,13.630430715999978,0.009826962950000961
sample_df_home_dept92,2026-02-03,2026-02-06,3,52,vae,13,52,2.4956,1.3626,2.2923,36.6653200282517,0.9957596102156198,30.858883052930405,1.0535584337474413,ok,2482,52,13.630430715999978,0.009826962950000961
sample_df_home_dept92,2026-02-03,2026-02-06,3,52,vae,14,52,2.285,1.5332,2.5255,36.6653200282517,0.9957596102156198,24.005732963450495,0.8195838578652157,ok,2482,52,13.630430715999978,0.009826962950000961
sample_df_home_dept92,2026-02-03,2026-02-06,3,52,vae,15,52,2.3238,1.4439,3.7199,36.6653200282517,0.9957596102156198,28.594724166540168,0.9762573957931812,ok,2482,52,13.630430715999978,0.009826962950000961
sample_df_home_dept92,2026-02-03,2026-02-06,3,52,vae,16,52,1.2536,1.4493,2.082,36.6653200282517,0.9957596102156198,22.295357405721436,0.7611896317802954,ok,2482,52,13.630430715999978,0.009826962950000961
sample_df_home_dept92,2026-02-03,2026-02-06,3,52,vae,17,52,1.6169,1.4785,2.6292,36.6653200282517,0.9957596102156198,23.13036190627549,0.7896976640466238,ok,2482,52,13.630430715999978,0.009826962950000961
sample_df_home_dept92,2026-02-03,2026-02-06,3,52,vae,18,52,1.4117,1.6485,2.766,36.6653200282517,0.9957596102156198,29.318506995327024,1.0009681898346252,ok,2482,52,13.630430715999978,0.009826962950000961
sample_df_home_dept92,2026-02-03,2026-02-06,3,52,vae,19,52,1.8364,1.2813,3.527,36.6653200282517,0.9957596102156198,23.43023459411655,0.7999356690574843,ok,2482,52,13.630430715999978,0.009826962950000961
sample_df_home_dept92,2026-02-08,2026-02-09,1,52,persistence,0,45,1.4504,0.4645,4.442,96.84990499999995,0.3415179444444448,14.853407534537567,0.7818834612315165,ok,2539,52,0.0006050169999980426,0.0069149774000038635
sample_df_home_dept92,2026-02-08,2026-02-09,1,52,persistence,1,45,1.1604,0.7241,3.9751,96.84990499999995,0.3415179444444448,13.982634180758875,0.7360459466936878,ok,2539,52,0.0006050169999980426,0.0069149774000038635
sample_df_home_dept92,2026-02-08,2026-02-09,1,52,persistence,2,45,2.413,0.7531,4.2586,96.84990499999995,0.3415179444444448,12.044868240326906,0.6340419360288945,ok,2539,52,0.0006050169999980426,0.0069149774000038635
sample_df_home_dept92,2026-02-08,2026-02-09,1,52,persistence,3,45,1.8485,0.4832,2.4992,96.84990499999995,0.3415179444444448,16.30636368042451,0.8583670814191489,ok,2539,52,0.0006050169999980426,0.0069149774000038635
sample_df_home_dept92,2026-02-08,2026-02-09,1,52,persistence,4,45,1.3759,1.0127,4.4608,96.84990499999995,0.3415179444444448,17.68448843001648,0.9309115764593795,ok,2539,52,0.0006050169999980426,0.0069149774000038635
sample_df_home_dept92,2026-02-08,2026-02-09,1,52,persistence,5,45,0.993,0.7923,4.6244,96.84990499999995,0.3415179444444448,23.850841237871997,1.2555084250525368,ok,2539,52,0.0006050169999980426,0.0069149774000038635
sample_df_home_dept92,2026-02-08,2026-02-09,1,52,persistence,6,45,0.8433,0.2286,1.6352,96.84990499999995,0.3415179444444448,9.680235721830734,0.5095676661481721,ok,2539,52,0.0006050169999980426,0.0069149774000038635
sample_df_home_dept92,2026-02-08,2026-02-09,1,52,persistence,7,45,2.7541,0.3201,2.5285,96.84990499999995,0.3415179444444448,12.357854363666023,0.6505175274286993,ok,2539,52,0.0006050169999980426,0.0069149774000038635
sample_df_home_dept92,2026-02-08,2026-02-09,1,52,persistence,8,45,0.9056,0.4006,1.1415,96.84990499999995,0.3415179444444448,11.329550662755581,0.5963876144780501,ok,2539,52,0.0006050169999980426,0.0069149774000038635
sample_df_home_dept92,2026-02-08,2026-02-09,1,52,persistence,9,45,0.8815,0.7477,4.0076,96.84990499999995,0.3415179444444448,19.375022227555107,1.0199012856473133,ok,2539,52,0.0006050169999980426,0.0069149774000038635
sample_df_home_dept92,2026-02-08,2026-02-09,1,52,persistence,10,45,1.2285,0.8102,2.5898,96.84990499999995,0.3415179444444448,12.738490798138423,0.6705542316101529,ok,2539,52,0.0006050169999980426,0.0069149774000038635
sample_df_home_dept92,2026-02-08,2026-02-09,1,52,persistence,11,45,2.7026,0.3365,1.5598,96.84990499999995,0.3415179444444448,9.327986975659327,0.49102529004823986,ok,2539,52,0.0006050169999980426,0.0069149774000038635
sample_df_home_dept92,2026-02-08,2026-02-09,1,52,persistence,12,45,1.6052,0.7001,4.0673,96.84990499999995,0.3415179444444448,16.05816707113956,0.8453020104256811,ok,2539,52,0.0006050169999980426,0.0069149774000038635
sample_df_home_dept92,2026-02-08,2026-02-09,1,52,persistence,13,45,0.9233,1.2405,6.0973,96.84990499999995,0.3415179444444448,16.248301929768466,0.855310710518226,ok,2539,52,0.0006050169999980426,0.0069149774000038635
sample_df_home_dept92,2026-02-08,2026-02-09,1,52,persistence,14,45,1.0119,0.6218,3.7464,96.84990499999995,0.3415179444444448,16.20085406289206,0.8528130545227842,ok,2539,52,0.0006050169999980426,0.0069149774000038635
sample_df_home_dept92,2026-02-08,2026-02-09,1,52,persistence,15,45,1.303,0.2844,1.5264,96.84990499999995,0.3415179444444448,12.047032256509038,0.6341558498536322,ok,2539,52,0.0006050169999980426,0.0069149774000038635
sample_df_home_dept92,2026-02-08,2026-02-09,1,52,persistence,16,45,1.9359,1.2088,5.7708,96.84990499999995,0.3415179444444448,17.488267521901133,0.9205825066855597,ok,2539,52,0.0006050169999980426,0.0069149774000038635
sample_df_home_dept92,2026-02-08,2026-02-09,1,52,persistence,17,45,1.5367,0.2554,2.0009,96.84990499999995,0.3415179444444448,12.47926679018801,0.6569086782851471,ok,2539,52,0.0006050169999980426,0.0069149774000038635
sample_df_home_dept92,2026-02-08,2026-02-09,1,52,persistence,18,45,2.0952,0.307,1.3754,96.84990499999995,0.3415179444444448,11.00818968953459,0.5794711709305002,ok,2539,52,0.0006050169999980426,0.0069149774000038635
sample_df_home_dept92,2026-02-08,2026-02-09,1,52,persistence,19,45,0.8381,0.673,4.6049,96.84990499999995,0.3415179444444448,18.875321396147378,0.9935970309008615,ok,2539,52,0.0006050169999980426,0.0069149774000038635
sample_df_home_dept92,2026-02-08,2026-02-09,1,52,gmm,0,45,2.5516,0.9125,3.3643,93.78868959756112,0.41540267725691793,21.22883193491671,1.1174858397024108,ok,2539,52,0.014363699999989876,0.0075761985499980256
sample_df_home_dept92,2026-02-08,2026-02-09,1,52,gmm,1,45,2.4657,1.466,9.4247,93.78868959756112,0.41540267725691793,26.34197548129902,1.3866417464883118,ok,2539,52,0.014363699999989876,0.0075761985499980256
sample_df_home_dept92,2026-02-08,2026-02-09,1,52,gmm,2,45,2.9798,1.2389,5.4967,93.78868959756112,0.41540267725691793,23.025705550332354,1.2120732775378,ok,2539,52,0.014363699999989876,0.0075761985499980256
sample_df_home_dept92,2026-02-08,2026-02-09,1,52,gmm,3,45,1.7252,0.6982,3.7687,93.78868959756112,0.41540267725691793,14.981463458068722,0.7886243258101612,ok,2539,52,0.014363699999989876,0.0075761985499980256
sample_df_home_dept92,2026-02-08,2026-02-09,1,52,gmm,4,45,1.298,0.9071,7.46,93.78868959756112,0.41540267725691793,18.951886849627094,0.9976274368288132,ok,2539,52,0.014363699999989876,0.0075761985499980256
sample_df_home_dept92,2026-02-08,2026-02-09,1,52,gmm,5,45,2.6737,0.4148,1.9893,93.78868959756112,0.41540267725691793,17.781656945002325,0.9360265276679289,ok,2539,52,0.014363699999989876,0.0075761985499980256
sample_df_home_dept92,2026-02-08,2026-02-09,1,52,gmm,6,45,1.4819,0.5049,1.736,93.78868959756112,0.41540267725691793,13.343895072384214,0.702422716218213,ok,2539,52,0.014363699999989876,0.0075761985499980256
sample_df_home_dept92,2026-02-08,2026-02-09,1,52,gmm,7,45,2.6051,0.8527,5.2727,93.78868959756112,0.41540267725691793,19.630637185489064,1.0333568585579218,ok,2539,52,0.014363699999989876,0.0075761985499980256
sample_df_home_dept92,2026-02-08,2026-02-09,1,52,gmm,8,45,3.0572,0.994,6.1019,93.78868959756112,0.41540267725691793,31.46587710305043,1.6563639584258234,ok,2539,52,0.014363699999989876,0.0075761985499980256
sample_df_home_dept92,2026-02-08,2026-02-09,1,52,gmm,9,45,1.5313,0.3546,2.5187,93.78868959756112,0.41540267725691793,16.84705146862941,0.8868288898159263,ok,2539,52,0.014363699999989876,0.0075761985499980256
sample_df_home_dept92,2026-02-08,2026-02-09,1,52,gmm,10,45,1.6599,0.1982,1.7561,93.78868959756112,0.41540267725691793,12.15773882334223,0.639983444192192,ok,2539,52,0.014363699999989876,0.0075761985499980256
sample_df_home_dept92,2026-02-08,2026-02-09,1,52,gmm,11,45,1.9062,0.6326,3.4422,93.78868959756112,0.41540267725691793,15.815386184457124,0.832522023102319,ok,2539,52,0.014363699999989876,0.0075761985499980256
sample_df_home_dept92,2026-02-08,2026-02-09,1,52,gmm,12,45,3.345,0.5057,3.1537,93.78868959756112,0.41540267725691793,25.31235935029127,1.3324427472095106,ok,2539,52,0.014363699999989876,0.0075761985499980256
sample_df_home_dept92,2026-02-08,2026-02-09,1,52,gmm,13,45,1.1782,0.4788,1.6752,93.78868959756112,0.41540267725691793,11.59175685549288,0.6101901500280289,ok,2539,52,0.014363699999989876,0.0075761985499980256
sample_df_home_dept92,2026-02-08,2026-02-09,1,52,gmm,14,45,1.0802,0.3612,3.9461,93.78868959756112,0.41540267725691793,11.249930222863668,0.5921963940471349,ok,2539,52,0.014363699999989876,0.0075761985499980256
sample_df_home_dept92,2026-02-08,2026-02-09,1,52,gmm,15,45,2.1075,0.3163,1.6745,93.78868959756112,0.41540267725691793,13.101152704921725,0.6896447565468188,ok,2539,52,0.014363699999989876,0.0075761985499980256
sample_df_home_dept92,2026-02-08,2026-02-09,1,52,gmm,16,45,2.1113,0.5645,3.0611,93.78868959756112,0.41540267725691793,18.60221168975958,0.9792205343272716,ok,2539,52,0.014363699999989876,0.0075761985499980256
sample_df_home_dept92,2026-02-08,2026-02-09,1,52,gmm,17,45,2.2298,0.3205,1.9158,93.78868959756112,0.41540267725691793,19.380538310757792,1.020191652300011,ok,2539,52,0.014363699999989876,0.0075761985499980256
sample_df_home_dept92,2026-02-08,2026-02-09,1,52,gmm,18,45,1.5797,1.4223,6.3504,93.78868959756112,0.41540267725691793,18.43404897627166,0.9703684480860311,ok,2539,52,0.014363699999989876,0.0075761985499980256
sample_df_home_dept92,2026-02-08,2026-02-09,1,52,gmm,19,45,1.6533,0.4211,6.7747,93.78868959756112,0.41540267725691793,23.26544927801959,1.2246933887935354,ok,2539,52,0.014363699999989876,0.0075761985499980256
sample_df_home_dept92,2026-02-08,2026-02-09,1,52,vae,0,45,3.2947,0.8086,6.6655,82.19130870436791,0.33276976235907774,30.575262808357635,1.609482016639908,ok,2539,52,14.336904430999994,0.009023031050003284
sample_df_home_dept92,2026-02-08,2026-02-09,1,52,vae,1,45,2.4464,0.2537,1.7277,82.19130870436791,0.33276976235907774,14.746477824452606,0.7762546806547157,ok,2539,52,14.336904430999994,0.009023031050003284
sample_df_home_dept92,2026-02-08,2026-02-09,1,52,vae,2,45,1.8436,0.2779,0.9969,82.19130870436791,0.33276976235907774,13.560155255120742,0.7138066535276433,ok,2539,52,14.336904430999994,0.009023031050003284
sample_df_home_dept92,2026-02-08,2026-02-09,1,52,vae,3,45,2.3345,0.3607,1.6766,82.19130870436791,0.33276976235907774,17.378685147115153,0.9148140898230719,ok,2539,52,14.336904430999994,0.009023031050003284
sample_df_home_dept92,2026-02-08,2026-02-09,1,52,vae,4,45,3.0736,0.7845,4.2987,82.19130870436791,0.33276976235907774,20.85916237130191,1.0980264316683281,ok,2539,52,14.336904430999994,0.009023031050003284
sample_df_home_dept92,2026-02-08,2026-02-09,1,52,vae,5,45,2.4495,0.2973,1.4643,82.19130870436791,0.33276976235907774,19.028180164499474,1.0016435173788512,ok,2539,52,14.336904430999994,0.009023031050003284
sample_df_home_dept92,2026-02-08,2026-02-09,1,52,vae,6,45,2.3301,0.3156,2.7513,82.19130870436791,0.33276976235907774,16.647462461283748,0.8763225232785292,ok,2539,52,14.336904430999994,0.009023031050003284
sample_df_home_dept92,2026-02-08,2026-02-09,1,52,vae,7,45,2.3384,0.6571,4.864,82.19130870436791,0.33276976235907774,19.180170616240268,1.0096442956652414,ok,2539,52,14.336904430999994,0.009023031050003284
sample_df_home_dept92,2026-02-08,2026-02-09,1,52,vae,8,45,2.6467,0.3359,2.8252,82.19130870436791,0.33276976235907774,18.9688775848015,0.9985218292297584,ok,2539,52,14.336904430999994,0.009023031050003284
sample_df_home_dept92,2026-02-08,2026-02-09,1,52,vae,9,45,2.6805,0.7237,4.5263,82.19130870436791,0.33276976235907774,20.138045506914406,1.0600668356248824,ok,2539,52,14.336904430999994,0.009023031050003284
sample_df_home_dept92,2026-02-08,2026-02-09,1,52,vae,10,45,2.707,0.768,2.2182,82.19130870436791,0.33276976235907774,14.855777635785548,0.78200822337535,ok,2539,52,14.336904430999994,0.009023031050003284
sample_df_home_dept92,2026-02-08,2026-02-09,1,52,vae,11,45,1.816,0.4582,5.6199,82.19130870436791,0.33276976235907774,21.257627131478674,1.119001619021221,ok,2539,52,14.336904430999994,0.009023031050003284
sample_df_home_dept92,2026-02-08,2026-02-09,1,52,vae,12,45,1.4196,0.6996,4.2474,82.19130870436791,0.33276976235907774,15.944591662763564,0.8393234002511928,ok,2539,52,14.336904430999994,0.009023031050003284
sample_df_home_dept92,2026-02-08,2026-02-09,1,52,vae,13,45,2.0851,0.9421,4.8569,82.19130870436791,0.33276976235907774,18.914827901732167,0.9956766535905355,ok,2539,52,14.336904430999994,0.009023031050003284
sample_df_home_dept92,2026-02-08,2026-02-09,1,52,vae,14,45,2.5066,0.2677,2.0175,82.19130870436791,0.33276976235907774,19.889502911912178,1.046983551941193,ok,2539,52,14.336904430999994,0.009023031050003284
sample_df_home_dept92,2026-02-08,2026-02-09,1,52,vae,15,45,2.1202,1.0521,3.5665,82.19130870436791,0.33276976235907774,17.85411602003707,0.939840773810039,ok,2539,52,14.336904430999994,0.009023031050003284
sample_df_home_dept92,2026-02-08,2026-02-09,1,52,vae,16,45,1.6414,0.4637,1.757,82.19130870436791,0.33276976235907774,14.926089762695096,0.7857094541553413,ok,2539,52,14.336904430999994,0.009023031050003284
sample_df_home_dept92,2026-02-08,2026-02-09,1,52,vae,17,45,2.3938,1.0105,4.4644,82.19130870436791,0.33276976235907774,20.967802243948896,1.1037452352125967,ok,2539,52,14.336904430999994,0.009023031050003284
sample_df_home_dept92,2026-02-08,2026-02-09,1,52,vae,18,45,2.7036,0.7747,3.1382,82.19130870436791,0.33276976235907774,20.182488251172714,1.0624063019477794,ok,2539,52,14.336904430999994,0.009023031050003284
sample_df_home_dept92,2026-02-08,2026-02-09,1,52,vae,19,45,2.5866,0.4804,3.7405,82.19130870436791,0.33276976235907774,19.553224391145083,1.02928184860182,ok,2539,52,14.336904430999994,0.009023031050003284
sample_df_home_dept92,2026-02-08,2026-02-10,2,52,persistence,0,46,1.9623,0.5717,1.3434,22.22608499999992,0.08338817028985501,14.555773290213008,0.6037120111519934,ok,2372,52,0.0005584860000453773,0.00673978479999846
sample_df_home_dept92,2026-02-08,2026-02-10,2,52,persistence,1,46,1.3522,0.4329,1.5135,22.22608499999992,0.08338817028985501,9.446389100817123,0.39179633046449575,ok,2372,52,0.0005584860000453773,0.00673978479999846
sample_df_home_dept92,2026-02-08,2026-02-10,2,52,persistence,2,46,1.6938,0.3609,2.6475,22.22608499999992,0.08338817028985501,14.65773489894433,0.607940948127047,ok,2372,52,0.0005584860000453773,0.00673978479999846
sample_df_home_dept92,2026-02-08,2026-02-10,2,52,persistence,3,46,0.8373,0.4414,2.2189,22.22608499999992,0.08338817028985501,8.33950528966659,0.3458874640361775,ok,2372,52,0.0005584860000453773,0.00673978479999846
sample_df_home_dept92,2026-02-08,2026-02-10,2,52,persistence,4,46,1.5957,0.5528,3.8253,22.22608499999992,0.08338817028985501,19.375684126678962,0.8036215595242988,ok,2372,52,0.0005584860000453773,0.00673978479999846
sample_df_home_dept92,2026-02-08,2026-02-10,2,52,persistence,5,46,1.9467,0.2137,2.1276,22.22608499999992,0.08338817028985501,12.74191583351493,0.5284808632567096,ok,2372,52,0.0005584860000453773,0.00673978479999846
sample_df_home_dept92,2026-02-08,2026-02-10,2,52,persistence,6,46,1.725,0.2167,1.5761,22.22608499999992,0.08338817028985501,15.358816049123467,0.6370188337684772,ok,2372,52,0.0005584860000453773,0.00673978479999846
sample_df_home_dept92,2026-02-08,2026-02-10,2,52,persistence,7,46,1.538,0.3908,2.3563,22.22608499999992,0.08338817028985501,11.165768202429337,0.4631089151462696,ok,2372,52,0.0005584860000453773,0.00673978479999846
sample_df_home_dept92,2026-02-08,2026-02-10,2,52,persistence,8,46,1.0091,0.3573,2.6175,22.22608499999992,0.08338817028985501,12.498158105618982,0.5183708220237336,ok,2372,52,0.0005584860000453773,0.00673978479999846
sample_df_home_dept92,2026-02-08,2026-02-10,2,52,persistence,9,46,1.4623,0.1985,1.9586,22.22608499999992,0.08338817028985501,14.986634030321316,0.6215822952482783,ok,2372,52,0.0005584860000453773,0.00673978479999846
sample_df_home_dept92,2026-02-08,2026-02-10,2,52,persistence,10,46,1.2308,0.4287,2.0323,22.22608499999992,0.08338817028985501,16.323428711964958,0.677026893735877,ok,2372,52,0.0005584860000453773,0.00673978479999846
sample_df_home_dept92,2026-02-08,2026-02-10,2,52,persistence,11,46,1.5873,0.8639,2.048,22.22608499999992,0.08338817028985501,15.593829718833335,0.6467662083915866,ok,2372,52,0.0005584860000453773,0.00673978479999846
sample_df_home_dept92,2026-02-08,2026-02-10,2,52,persistence,12,46,0.9004,0.499,1.6855,22.22608499999992,0.08338817028985501,13.378248407853016,0.5548732513872305,ok,2372,52,0.0005584860000453773,0.00673978479999846
sample_df_home_dept92,2026-02-08,2026-02-10,2,52,persistence,13,46,1.0047,0.3777,2.7588,22.22608499999992,0.08338817028985501,13.04278597411788,0.5409596861991581,ok,2372,52,0.0005584860000453773,0.00673978479999846
sample_df_home_dept92,2026-02-08,2026-02-10,2,52,persistence,14,46,1.5558,0.2689,1.7811,22.22608499999992,0.08338817028985501,11.361629134861511,0.47123239955806906,ok,2372,52,0.0005584860000453773,0.00673978479999846
sample_df_home_dept92,2026-02-08,2026-02-10,2,52,persistence,15,46,1.3942,0.4005,1.5764,22.22608499999992,0.08338817028985501,12.899192472282028,0.5350040340978736,ok,2372,52,0.0005584860000453773,0.00673978479999846
sample_df_home_dept92,2026-02-08,2026-02-10,2,52,persistence,16,46,1.1594,0.4735,3.1867,22.22608499999992,0.08338817028985501,16.33396075738663,0.6774637185061101,ok,2372,52,0.0005584860000453773,0.00673978479999846
sample_df_home_dept92,2026-02-08,2026-02-10,2,52,persistence,17,46,1.0301,0.3505,1.9113,22.22608499999992,0.08338817028985501,13.764095673144421,0.5708765666273212,ok,2372,52,0.0005584860000453773,0.00673978479999846
sample_df_home_dept92,2026-02-08,2026-02-10,2,52,persistence,18,46,2.4123,0.2077,1.9962,22.22608499999992,0.08338817028985501,12.689794355604358,0.5263190844472826,ok,2372,52,0.0005584860000453773,0.00673978479999846
sample_df_home_dept92,2026-02-08,2026-02-10,2,52,persistence,19,46,2.7145,0.2388,1.7323,22.22608499999992,0.08338817028985501,15.545435754811127,0.6447590311180089,ok,2372,52,0.0005584860000453773,0.00673978479999846
sample_df_home_dept92,2026-02-08,2026-02-10,2,52,gmm,0,46,2.5786,0.5878,1.1932,30.931582866148418,0.09303546301048277,27.25882214133044,1.1305808361031615,ok,2372,52,0.013412935000019388,0.00721836100000246
sample_df_home_dept92,2026-02-08,2026-02-10,2,52,gmm,1,46,3.4363,0.9003,5.6075,30.931582866148418,0.09303546301048277,30.370668940221346,1.25964710086963,ok,2372,52,0.013412935000019388,0.00721836100000246
sample_df_home_dept92,2026-02-08,2026-02-10,2,52,gmm,2,46,3.5238,0.7174,2.633,30.931582866148418,0.09303546301048277,30.693739112718337,1.2730466873905686,ok,2372,52,0.013412935000019388,0.00721836100000246
sample_df_home_dept92,2026-02-08,2026-02-10,2,52,gmm,3,46,2.0911,0.6742,5.0366,30.931582866148418,0.09303546301048277,21.931888565325842,0.9096421255088475,ok,2372,52,0.013412935000019388,0.00721836100000246
sample_df_home_dept92,2026-02-08,2026-02-10,2,52,gmm,4,46,0.9584,0.5592,5.6538,30.931582866148418,0.09303546301048277,19.766067816022026,0.8198130264780128,ok,2372,52,0.013412935000019388,0.00721836100000246
sample_df_home_dept92,2026-02-08,2026-02-10,2,52,gmm,5,46,2.2816,0.2609,2.5885,30.931582866148418,0.09303546301048277,23.68238999849462,0.9822455330827576,ok,2372,52,0.013412935000019388,0.00721836100000246
sample_df_home_dept92,2026-02-08,2026-02-10,2,52,gmm,6,46,1.8397,0.4435,2.8334,30.931582866148418,0.09303546301048277,20.979089208132134,0.8701240315754594,ok,2372,52,0.013412935000019388,0.00721836100000246
sample_df_home_dept92,2026-02-08,2026-02-10,2,52,gmm,7,46,2.4157,0.4265,2.7832,30.931582866148418,0.09303546301048277,23.821241564617797,0.9880045097145378,ok,2372,52,0.013412935000019388,0.00721836100000246
sample_df_home_dept92,2026-02-08,2026-02-10,2,52,gmm,8,46,3.1803,0.5781,4.1101,30.931582866148418,0.09303546301048277,34.07872851574627,1.4134417539724469,ok,2372,52,0.013412935000019388,0.00721836100000246
sample_df_home_dept92,2026-02-08,2026-02-10,2,52,gmm,9,46,2.0806,0.2096,1.7857,30.931582866148418,0.09303546301048277,24.875336930857078,1.0317239343586544,ok,2372,52,0.013412935000019388,0.00721836100000246
sample_df_home_dept92,2026-02-08,2026-02-10,2,52,gmm,10,46,2.166,0.4215,4.4902,30.931582866148418,0.09303546301048277,22.651996905106685,0.9395091786285004,ok,2372,52,0.013412935000019388,0.00721836100000246
sample_df_home_dept92,2026-02-08,2026-02-10,2,52,gmm,11,46,1.7999,0.2117,3.2319,30.931582866148418,0.09303546301048277,21.20621367435427,0.8795441953517792,ok,2372,52,0.013412935000019388,0.00721836100000246
sample_df_home_dept92,2026-02-08,2026-02-10,2,52,gmm,12,46,4.1188,0.4901,3.4018,30.931582866148418,0.09303546301048277,32.418006630108465,1.344562022916409,ok,2372,52,0.013412935000019388,0.00721836100000246
sample_df_home_dept92,2026-02-08,2026-02-10,2,52,gmm,13,46,1.5432,0.3878,2.418,30.931582866148418,0.09303546301048277,21.679472978283645,0.899172992838183,ok,2372,52,0.013412935000019388,0.00721836100000246
sample_df_home_dept92,2026-02-08,2026-02-10,2,52,gmm,14,46,1.8503,0.2285,3.8644,30.931582866148418,0.09303546301048277,15.408395456471274,0.6390751782254079,ok,2372,52,0.013412935000019388,0.00721836100000246
sample_df_home_dept92,2026-02-08,2026-02-10,2,52,gmm,15,46,2.394,0.267,2.4793,30.931582866148418,0.09303546301048277,22.427489197923354,0.9301975469672745,ok,2372,52,0.013412935000019388,0.00721836100000246
sample_df_home_dept92,2026-02-08,2026-02-10,2,52,gmm,16,46,2.6926,0.2897,2.1597,30.931582866148418,0.09303546301048277,23.359090676403312,0.9688364424042807,ok,2372,52,0.013412935000019388,0.00721836100000246
sample_df_home_dept92,2026-02-08,2026-02-10,2,52,gmm,17,46,2.7227,0.4366,2.3901,30.931582866148418,0.09303546301048277,27.20165172451,1.1282096486279984,ok,2372,52,0.013412935000019388,0.00721836100000246
sample_df_home_dept92,2026-02-08,2026-02-10,2,52,gmm,18,46,1.8661,1.0458,3.2455,30.931582866148418,0.09303546301048277,22.833758901150876,0.9470478986947589,ok,2372,52,0.013412935000019388,0.00721836100000246
sample_df_home_dept92,2026-02-08,2026-02-10,2,52,gmm,19,46,2.0569,0.2447,3.7613,30.931582866148418,0.09303546301048277,23.522050953794643,0.9755953465751745,ok,2372,52,0.013412935000019388,0.00721836100000246
sample_df_home_dept92,2026-02-08,2026-02-10,2,52,vae,0,46,2.7481,0.2336,2.4981,17.310881001528287,0.06494438357878873,24.158430626060568,1.001989688128861,ok,2372,52,13.26270058900002,0.008913916000000199
sample_df_home_dept92,2026-02-08,2026-02-10,2,52,vae,1,46,2.5451,0.2253,1.3316,17.310881001528287,0.06494438357878873,21.746104634494657,0.9019365925711209,ok,2372,52,13.26270058900002,0.008913916000000199
sample_df_home_dept92,2026-02-08,2026-02-10,2,52,vae,2,46,2.7813,0.3134,2.0923,17.310881001528287,0.06494438357878873,28.543214548568468,1.183852009528443,ok,2372,52,13.26270058900002,0.008913916000000199
sample_df_home_dept92,2026-02-08,2026-02-10,2,52,vae,3,46,1.8092,0.4932,3.6051,17.310881001528287,0.06494438357878873,17.960591428907204,0.7449294899581489,ok,2372,52,13.26270058900002,0.008913916000000199
sample_df_home_dept92,2026-02-08,2026-02-10,2,52,vae,4,46,2.7642,0.3915,2.1733,17.310881001528287,0.06494438357878873,24.60334903634562,1.0204430250225003,ok,2372,52,13.26270058900002,0.008913916000000199
sample_df_home_dept92,2026-02-08,2026-02-10,2,52,vae,5,46,2.7252,0.2566,2.3884,17.310881001528287,0.06494438357878873,27.840587812363136,1.1547100195052202,ok,2372,52,13.26270058900002,0.008913916000000199
sample_df_home_dept92,2026-02-08,2026-02-10,2,52,vae,6,46,2.4944,0.3981,1.5218,17.310881001528287,0.06494438357878873,26.925891773454275,1.116772290314719,ok,2372,52,13.26270058900002,0.008913916000000199
sample_df_home_dept92,2026-02-08,2026-02-10,2,52,vae,7,46,2.575,0.2931,2.3329,17.310881001528287,0.06494438357878873,23.210332339268238,0.9626665747444273,ok,2372,52,13.26270058900002,0.008913916000000199
sample_df_home_dept92,2026-02-08,2026-02-10,2,52,vae,8,46,2.8389,0.3532,1.4592,17.310881001528287,0.06494438357878873,27.980814379849388,1.1605260253872978,ok,2372,52,13.26270058900002,0.008913916000000199
sample_df_home_dept92,2026-02-08,2026-02-10,2,52,vae,9,46,2.4211,0.3627,2.844,17.310881001528287,0.06494438357878873,25.918298452146942,1.074981574129357,ok,2372,52,13.26270058900002,0.008913916000000199
sample_df_home_dept92,2026-02-08,2026-02-10,2,52,vae,10,46,1.2974,0.2856,2.0954,17.310881001528287,0.06494438357878873,21.839705541183392,0.905818762930335,ok,2372,52,13.26270058900002,0.008913916000000199
sample_df_home_dept92,2026-02-08,2026-02-10,2,52,vae,11,46,3.28,0.3306,3.0874,17.310881001528287,0.06494438357878873,21.959020857970167,0.9107674584357133,ok,2372,52,13.26270058900002,0.008913916000000199
sample_df_home_dept92,2026-02-08,2026-02-10,2,52,vae,12,46,2.5245,0.2068,0.977,17.310881001528287,0.06494438357878873,25.385851306030236,1.0528979148825899,ok,2372,52,13.26270058900002,0.008913916000000199
sample_df_home_dept92,2026-02-08,2026-02-10,2,52,vae,13,46,2.3407,0.5548,1.2859,17.310881001528287,0.06494438357878873,27.880067921578608,1.1563474877221096,ok,2372,52,13.26270058900002,0.008913916000000199
sample_df_home_dept92,2026-02-08,2026-02-10,2,52,vae,14,46,2.9186,0.8746,2.4718,17.310881001528287,0.06494438357878873,16.66431633631833,0.6911654729217436,ok,2372,52,13.26270058900002,0.008913916000000199
sample_df_home_dept92,2026-02-08,2026-02-10,2,52,vae,15,46,1.9798,0.2214,2.1528,17.310881001528287,0.06494438357878873,18.70120852515089,0.7756471596931851,ok,2372,52,13.26270058900002,0.008913916000000199
sample_df_home_dept92,2026-02-08,2026-02-10,2,52,vae,16,46,2.1078,0.2877,2.1342,17.310881001528287,0.06494438357878873,25.643809322578996,1.0635969241250698,ok,2372,52,13.26270058900002,0.008913916000000199
sample_df_home_dept92,2026-02-08,2026-02-10,2,52,vae,17,46,1.6265,0.507,3.4116,17.310881001528287,0.06494438357878873,19.210604180184433,0.796774740429769,ok,2372,52,13.26270058900002,0.008913916000000199
sample_df_home_dept92,2026-02-08,2026-02-10,2,52,vae,18,46,2.2729,0.2023,2.5191,17.310881001528287,0.06494438357878873,21.14426256140192,0.8769747247885962,ok,2372,52,13.26270058900002,0.008913916000000199
sample_df_home_dept92,2026-02-08,2026-02-10,2,52,vae,19,46,3.2492,0.6785,2.438,17.310881001528287,0.06494438357878873,30.232640843393785,1.2539222782669532,ok,2372,52,13.26270058900002,0.008913916000000199
sample_df_home_dept92,2026-02-08,2026-02-11,3,52,persistence,0,60,0.8817,0.305,1.1071,87.24593500000005,0.3508616111111109,11.701506180670474,0.444430612289095,ok,2509,52,0.0006336379999538622,0.0069975857500026
sample_df_home_dept92,2026-02-08,2026-02-11,3,52,persistence,1,60,2.1583,0.4049,2.5397,87.24593500000005,0.3508616111111109,13.877198454196364,0.5270647821426343,ok,2509,52,0.0006336379999538622,0.0069975857500026
sample_df_home_dept92,2026-02-08,2026-02-11,3,52,persistence,2,60,0.8986,0.4933,1.7621,87.24593500000005,0.3508616111111109,9.992779901074224,0.37953210649418406,ok,2509,52,0.0006336379999538622,0.0069975857500026
sample_df_home_dept92,2026-02-08,2026-02-11,3,52,persistence,3,60,3.0819,1.6562,3.9491,87.24593500000005,0.3508616111111109,15.785312419322253,0.5995361584547803,ok,2509,52,0.0006336379999538622,0.0069975857500026
sample_df_home_dept92,2026-02-08,2026-02-11,3,52,persistence,4,60,1.7694,0.4597,2.4087,87.24593500000005,0.3508616111111109,13.773686670170967,0.5231333390580222,ok,2509,52,0.0006336379999538622,0.0069975857500026
sample_df_home_dept92,2026-02-08,2026-02-11,3,52,persistence,5,60,2.655,0.6837,3.2498,87.24593500000005,0.3508616111111109,19.595809663541637,0.7442612559957957,ok,2509,52,0.0006336379999538622,0.0069975857500026
sample_df_home_dept92,2026-02-08,2026-02-11,3,52,persistence,6,60,2.2267,0.3475,1.0952,87.24593500000005,0.3508616111111109,8.500576337536,0.32285727052317376,ok,2509,52,0.0006336379999538622,0.0069975857500026
sample_df_home_dept92,2026-02-08,2026-02-11,3,52,persistence,7,60,0.9594,0.2581,2.0738,87.24593500000005,0.3508616111111109,11.65067196604383,0.44249989663737194,ok,2509,52,0.0006336379999538622,0.0069975857500026
sample_df_home_dept92,2026-02-08,2026-02-11,3,52,persistence,8,60,1.4875,0.3399,1.4294,87.24593500000005,0.3508616111111109,11.516131166314048,0.4373899518936308,ok,2509,52,0.0006336379999538622,0.0069975857500026
sample_df_home_dept92,2026-02-08,2026-02-11,3,52,persistence,9,60,2.0639,0.9503,3.4206,87.24593500000005,0.3508616111111109,19.259108274135475,0.731473124079961,ok,2509,52,0.0006336379999538622,0.0069975857500026
sample_df_home_dept92,2026-02-08,2026-02-11,3,52,persistence,10,60,2.5331,0.7085,4.0458,87.24593500000005,0.3508616111111109,22.12697592032199,0.8403965527633724,ok,2509,52,0.0006336379999538622,0.0069975857500026
sample_df_home_dept92,2026-02-08,2026-02-11,3,52,persistence,11,60,0.5994,0.5358,3.9964,87.24593500000005,0.3508616111111109,20.236948266397572,0.7686121060000567,ok,2509,52,0.0006336379999538622,0.0069975857500026
sample_df_home_dept92,2026-02-08,2026-02-11,3,52,persistence,12,60,1.6986,0.1654,1.7247,87.24593500000005,0.3508616111111109,10.401890003966493,0.39507036718599253,ok,2509,52,0.0006336379999538622,0.0069975857500026
sample_df_home_dept92,2026-02-08,2026-02-11,3,52,persistence,13,60,0.6844,1.0625,4.9101,87.24593500000005,0.3508616111111109,17.959990544603198,0.6821318103159779,ok,2509,52,0.0006336379999538622,0.0069975857500026
sample_df_home_dept92,2026-02-08,2026-02-11,3,52,persistence,14,60,1.7111,0.3582,2.108,87.24593500000005,0.3508616111111109,16.060195486316072,0.6099763913517874,ok,2509,52,0.0006336379999538622,0.0069975857500026
sample_df_home_dept92,2026-02-08,2026-02-11,3,52,persistence,15,60,1.2942,0.6725,3.6908,87.24593500000005,0.3508616111111109,11.894445212814645,0.4517585588684802,ok,2509,52,0.0006336379999538622,0.0069975857500026
sample_df_home_dept92,2026-02-08,2026-02-11,3,52,persistence,16,60,3.1686,0.4678,3.1032,87.24593500000005,0.3508616111111109,12.694555118158403,0.48214723957677186,ok,2509,52,0.0006336379999538622,0.0069975857500026
sample_df_home_dept92,2026-02-08,2026-02-11,3,52,persistence,17,60,1.6322,0.7333,2.8829,87.24593500000005,0.3508616111111109,12.124052551647793,0.4604791909484984,ok,2509,52,0.0006336379999538622,0.0069975857500026
sample_df_home_dept92,2026-02-08,2026-02-11,3,52,persistence,18,60,2.6047,0.6371,2.4552,87.24593500000005,0.3508616111111109,10.641273760297272,0.40416231379145556,ok,2509,52,0.0006336379999538622,0.0069975857500026
sample_df_home_dept92,2026-02-08,2026-02-11,3,52,persistence,19,60,0.8114,0.44,1.8412,87.24593500000005,0.3508616111111109,9.002215038963262,0.341909825961849,ok,2509,52,0.0006336379999538622,0.0069975857500026
sample_df_home_dept92,2026-02-08,2026-02-11,3,52,gmm,0,60,2.8666,0.7314,2.1369,78.83691429307169,0.31769706731440217,28.929651438986287,1.0987664753429272,ok,2509,52,0.014466109000068172,0.008038317450001387
sample_df_home_dept92,2026-02-08,2026-02-11,3,52,gmm,1,60,3.8788,1.0242,6.4775,78.83691429307169,0.31769706731440217,31.657210204877657,1.2023608839312865,ok,2509,52,0.014466109000068172,0.008038317450001387
sample_df_home_dept92,2026-02-08,2026-02-11,3,52,gmm,2,60,3.2501,0.7711,2.6754,78.83691429307169,0.31769706731440217,28.151319934440952,1.0692049520836064,ok,2509,52,0.014466109000068172,0.008038317450001387
sample_df_home_dept92,2026-02-08,2026-02-11,3,52,gmm,3,60,2.7775,0.552,2.2936,78.83691429307169,0.31769706731440217,24.158119632789518,0.9175406767625759,ok,2509,52,0.014466109000068172,0.008038317450001387
sample_df_home_dept92,2026-02-08,2026-02-11,3,52,gmm,4,60,1.6702,0.4911,4.1836,78.83691429307169,0.31769706731440217,20.80514239635222,0.7901924787465969,ok,2509,52,0.014466109000068172,0.008038317450001387
sample_df_home_dept92,2026-02-08,2026-02-11,3,52,gmm,5,60,2.5535,0.2764,1.7163,78.83691429307169,0.31769706731440217,26.148232994247522,0.9931264420564939,ok,2509,52,0.014466109000068172,0.008038317450001387
sample_df_home_dept92,2026-02-08,2026-02-11,3,52,gmm,6,60,2.5093,0.2499,1.8117,78.83691429307169,0.31769706731440217,19.84036930937832,0.7535497861612496,ok,2509,52,0.014466109000068172,0.008038317450001387
sample_df_home_dept92,2026-02-08,2026-02-11,3,52,gmm,7,60,2.5227,0.6081,3.7111,78.83691429307169,0.31769706731440217,25.798645399029105,0.9798488838863977,ok,2509,52,0.014466109000068172,0.008038317450001387
sample_df_home_dept92,2026-02-08,2026-02-11,3,52,gmm,8,60,3.4728,0.7263,3.7691,78.83691429307169,0.31769706731440217,38.346300259592354,1.4564167586856431,ok,2509,52,0.014466109000068172,0.008038317450001387
sample_df_home_dept92,2026-02-08,2026-02-11,3,52,gmm,9,60,2.2161,0.3682,2.4815,78.83691429307169,0.31769706731440217,28.169341101543036,1.0698894074183027,ok,2509,52,0.014466109000068172,0.008038317450001387
sample_df_home_dept92,2026-02-08,2026-02-11,3,52,gmm,10,60,2.5168,0.3171,1.3346,78.83691429307169,0.31769706731440217,20.96948724930687,0.796434400299042,ok,2509,52,0.014466109000068172,0.008038317450001387
sample_df_home_dept92,2026-02-08,2026-02-11,3,52,gmm,11,60,1.9534,0.6103,3.2798,78.83691429307169,0.31769706731440217,23.683152339612572,0.8995011182933748,ok,2509,52,0.014466109000068172,0.008038317450001387
sample_df_home_dept92,2026-02-08,2026-02-11,3,52,gmm,12,60,3.6227,0.3981,2.6118,78.83691429307169,0.31769706731440217,37.20317650366746,1.4130001947900368,ok,2509,52,0.014466109000068172,0.008038317450001387
sample_df_home_dept92,2026-02-08,2026-02-11,3,52,gmm,13,60,2.0405,0.4116,1.0806,78.83691429307169,0.31769706731440217,22.417961077158132,0.8514483532258934,ok,2509,52,0.014466109000068172,0.008038317450001387
sample_df_home_dept92,2026-02-08,2026-02-11,3,52,gmm,14,60,2.3785,0.489,2.5214,78.83691429307169,0.31769706731440217,17.18651442160094,0.6527546975213248,ok,2509,52,0.014466109000068172,0.008038317450001387
sample_df_home_dept92,2026-02-08,2026-02-11,3,52,gmm,15,60,2.2611,0.4488,1.7746,78.83691429307169,0.31769706731440217,21.22978523223637,0.8063206824703125,ok,2509,52,0.014466109000068172,0.008038317450001387
sample_df_home_dept92,2026-02-08,2026-02-11,3,52,gmm,16,60,3.1033,0.4983,2.3638,78.83691429307169,0.31769706731440217,29.16727290608498,1.107791489087752,ok,2509,52,0.014466109000068172,0.008038317450001387
sample_df_home_dept92,2026-02-08,2026-02-11,3,52,gmm,17,60,3.5202,0.4178,2.3042,78.83691429307169,0.31769706731440217,29.853373792693677,1.1338500350919658,ok,2509,52,0.014466109000068172,0.008038317450001387
sample_df_home_dept92,2026-02-08,2026-02-11,3,52,gmm,18,60,2.3117,1.0995,3.9579,78.83691429307169,0.31769706731440217,24.14214681770254,0.9169340191341064,ok,2509,52,0.014466109000068172,0.008038317450001387
sample_df_home_dept92,2026-02-08,2026-02-11,3,52,gmm,19,60,2.4994,0.3062,4.0205,78.83691429307169,0.31769706731440217,26.233524408728428,0.9963658639715436,ok,2509,52,0.014466109000068172,0.008038317450001387
sample_df_home_dept92,2026-02-08,2026-02-11,3,52,vae,0,60,1.9051,0.4072,3.0335,83.39302113435215,0.38237140449766804,20.39015391112239,0.7744309533723438,ok,2509,52,14.204143828000042,0.009356286749999753
sample_df_home_dept92,2026-02-08,2026-02-11,3,52,vae,1,60,2.007,0.2554,1.2298,83.39302113435215,0.38237140449766804,25.052922859324827,0.9515258697545912,ok,2509,52,14.204143828000042,0.009356286749999753
sample_df_home_dept92,2026-02-08,2026-02-11,3,52,vae,2,60,3.0902,0.7431,3.9078,83.39302113435215,0.38237140449766804,30.045498177936864,1.1411470408663458,ok,2509,52,14.204143828000042,0.009356286749999753
sample_df_home_dept92,2026-02-08,2026-02-11,3,52,vae,3,60,3.5051,0.5729,2.5769,83.39302113435215,0.38237140449766804,29.210997793917528,1.1094521880073314,ok,2509,52,14.204143828000042,0.009356286749999753
sample_df_home_dept92,2026-02-08,2026-02-11,3,52,vae,4,60,1.7671,0.5709,2.7094,83.39302113435215,0.38237140449766804,19.777032253923178,0.7511442047000342,ok,2509,52,14.204143828000042,0.009356286749999753
sample_df_home_dept92,2026-02-08,2026-02-11,3,52,vae,5,60,2.4414,1.1638,6.3362,83.39302113435215,0.38237140449766804,33.6487564371287,1.2780010705649918,ok,2509,52,14.204143828000042,0.009356286749999753
sample_df_home_dept92,2026-02-08,2026-02-11,3,52,vae,6,60,2.7854,0.3466,2.8112,83.39302113435215,0.38237140449766804,28.022420252932424,1.0643092605809743,ok,2509,52,14.204143828000042,0.009356286749999753
sample_df_home_dept92,2026-02-08,2026-02-11,3,52,vae,7,60,2.6097,0.37,1.6671,83.39302113435215,0.38237140449766804,20.288958164490897,0.7705874748541015,ok,2509,52,14.204143828000042,0.009356286749999753
sample_df_home_dept92,2026-02-08,2026-02-11,3,52,vae,8,60,3.0718,0.6578,3.067,83.39302113435215,0.38237140449766804,25.45710651024837,0.9668770206819755,ok,2509,52,14.204143828000042,0.009356286749999753
sample_df_home_dept92,2026-02-08,2026-02-11,3,52,vae,9,60,2.1975,0.7691,2.1267,83.39302113435215,0.38237140449766804,20.395093248144118,0.7746185525192378,ok,2509,52,14.204143828000042,0.009356286749999753
sample_df_home_dept92,2026-02-08,2026-02-11,3,52,vae,10,60,2.8818,0.5132,1.8796,83.39302113435215,0.38237140449766804,28.41282634190972,1.079137130983862,ok,2509,52,14.204143828000042,0.009356286749999753
sample_df_home_dept92,2026-02-08,2026-02-11,3,52,vae,11,60,1.7747,0.4906,3.4622,83.39302113435215,0.38237140449766804,22.110476466603988,0.8397698930663122,ok,2509,52,14.204143828000042,0.009356286749999753
sample_df_home_dept92,2026-02-08,2026-02-11,3,52,vae,12,60,2.2344,0.8737,2.6283,83.39302113435215,0.38237140449766804,22.608340424094035,0.8586790813406798,ok,2509,52,14.204143828000042,0.009356286749999753
sample_df_home_dept92,2026-02-08,2026-02-11,3,52,vae,13,60,2.848,0.726,1.9635,83.39302113435215,0.38237140449766804,22.47083144199466,0.8534564031515569,ok,2509,52,14.204143828000042,0.009356286749999753
sample_df_home_dept92,2026-02-08,2026-02-11,3,52,vae,14,60,2.9524,0.2991,1.0208,83.39302113435215,0.38237140449766804,20.907808104563948,0.7940917873362042,ok,2509,52,14.204143828000042,0.009356286749999753
sample_df_home_dept92,2026-02-08,2026-02-11,3,52,vae,15,60,1.9747,1.0369,4.1489,83.39302113435215,0.38237140449766804,23.3629635662648,0.8873401459886204,ok,2509,52,14.204143828000042,0.009356286749999753
sample_df_home_dept92,2026-02-08,2026-02-11,3,52,vae,16,60,3.0318,0.3781,1.9505,83.39302113435215,0.38237140449766804,21.255671803663546,0.8073038708404088,ok,2509,52,14.204143828000042,0.009356286749999753
sample_df_home_dept92,2026-02-08,2026-02-11,3,52,vae,17,60,2.1929,0.3876,1.3593,83.39302113435215,0.38237140449766804,23.52768275729588,0.8935962851381802,ok,2509,52,14.204143828000042,0.009356286749999753
sample_df_home_dept92,2026-02-08,2026-02-11,3,52,vae,18,60,2.6818,0.609,4.0463,83.39302113435215,0.38237140449766804,23.184975185191462,0.8805800346012985,ok,2509,52,14.204143828000042,0.009356286749999753
sample_df_home_dept92,2026-02-08,2026-02-11,3,52,vae,19,60,3.3616,0.4859,3.0783,83.39302113435215,0.38237140449766804,25.562001544092638,0.9708610004703638,ok,2509,52,14.204143828000042,0.009356286749999753
sample_df_home_dept92,2026-02-13,2026-02-14,1,52,persistence,0,68,0.9483,0.5694,3.2851,33.174377500000006,0.3038900367647059,21.35092126978731,0.6555235589080904,ok,2342,52,0.0006741170000168495,0.007332157199999756
sample_df_home_dept92,2026-02-13,2026-02-14,1,52,persistence,1,68,0.6647,0.7028,1.0591,33.174377500000006,0.3038900367647059,6.8978151519012885,0.21177916774312222,ok,2342,52,0.0006741170000168495,0.007332157199999756
sample_df_home_dept92,2026-02-13,2026-02-14,1,52,persistence,2,68,0.4034,0.6319,2.2107,33.174377500000006,0.3038900367647059,11.35632579432702,0.3486659431109013,ok,2342,52,0.0006741170000168495,0.007332157199999756
sample_df_home_dept92,2026-02-13,2026-02-14,1,52,persistence,3,68,0.8088,0.8492,1.5072,33.174377500000006,0.3038900367647059,14.355032381852265,0.4407332965303196,ok,2342,52,0.0006741170000168495,0.007332157199999756
sample_df_home_dept92,2026-02-13,2026-02-14,1,52,persistence,4,68,0.7512,1.1328,1.9099,33.174377500000006,0.3038900367647059,18.437830278734314,0.5660848059030694,ok,2342,52,0.0006741170000168495,0.007332157199999756
sample_df_home_dept92,2026-02-13,2026-02-14,1,52,persistence,5,68,1.1184,0.4763,1.5844,33.174377500000006,0.3038900367647059,18.888193167132815,0.5799120070656193,ok,2342,52,0.0006741170000168495,0.007332157199999756
sample_df_home_dept92,2026-02-13,2026-02-14,1,52,persistence,6,68,1.0681,0.4208,2.2089,33.174377500000006,0.3038900367647059,12.357128355415954,0.3793929383688387,ok,2342,52,0.0006741170000168495,0.007332157199999756
sample_df_home_dept92,2026-02-13,2026-02-14,1,52,persistence,7,68,1.775,0.3406,1.1224,33.174377500000006,0.3038900367647059,10.74385857085493,0.3298617571475956,ok,2342,52,0.0006741170000168495,0.007332157199999756
sample_df_home_dept92,2026-02-13,2026-02-14,1,52,persistence,8,68,0.5395,0.4586,1.7586,33.174377500000006,0.3038900367647059,12.961956208475875,0.3979625776717393,ok,2342,52,0.0006741170000168495,0.007332157199999756
sample_df_home_dept92,2026-02-13,2026-02-14,1,52,persistence,9,68,1.2066,0.4345,1.4688,33.174377500000006,0.3038900367647059,14.352323176943187,0.4406501175601305,ok,2342,52,0.0006741170000168495,0.007332157199999756
sample_df_home_dept92,2026-02-13,2026-02-14,1,52,persistence,10,68,0.6208,0.923,1.4502,33.174377500000006,0.3038900367647059,11.32466271389032,0.34769381198308763,ok,2342,52,0.0006741170000168495,0.007332157199999756
sample_df_home_dept92,2026-02-13,2026-02-14,1,52,persistence,11,68,0.6556,0.3358,1.5471,33.174377500000006,0.3038900367647059,17.0184952163072,0.5225078773177051,ok,2342,52,0.0006741170000168495,0.007332157199999756
sample_df_home_dept92,2026-02-13,2026-02-14,1,52,persistence,12,68,0.9539,0.4171,2.5123,33.174377500000006,0.3038900367647059,14.600447304303103,0.4482681125385531,ok,2342,52,0.0006741170000168495,0.007332157199999756
sample_df_home_dept92,2026-02-13,2026-02-14,1,52,persistence,13,68,0.5743,0.6063,1.1053,33.174377500000006,0.3038900367647059,11.414680728322038,0.35045757699540214,ok,2342,52,0.0006741170000168495,0.007332157199999756
sample_df_home_dept92,2026-02-13,2026-02-14,1,52,persistence,14,68,1.39,1.1803,1.484,33.174377500000006,0.3038900367647059,12.964917603493147,0.3980534994720928,ok,2342,52,0.0006741170000168495,0.007332157199999756
sample_df_home_dept92,2026-02-13,2026-02-14,1,52,persistence,15,68,1.5498,0.4546,1.6117,33.174377500000006,0.3038900367647059,17.624341093071823,0.5411087723455239,ok,2342,52,0.0006741170000168495,0.007332157199999756
sample_df_home_dept92,2026-02-13,2026-02-14,1,52,persistence,16,68,1.075,0.4125,3.1153,33.174377500000006,0.3038900367647059,19.44717398477782,0.5970740344233108,ok,2342,52,0.0006741170000168495,0.007332157199999756
sample_df_home_dept92,2026-02-13,2026-02-14,1,52,persistence,17,68,1.2488,0.4483,1.2369,33.174377500000006,0.3038900367647059,15.192320348424056,0.46644000870178587,ok,2342,52,0.0006741170000168495,0.007332157199999756
sample_df_home_dept92,2026-02-13,2026-02-14,1,52,persistence,18,68,2.0853,0.7847,1.6732,33.174377500000006,0.3038900367647059,11.62460085921569,0.35690261932172934,ok,2342,52,0.0006741170000168495,0.007332157199999756
sample_df_home_dept92,2026-02-13,2026-02-14,1,52,persistence,19,68,0.8623,0.2984,1.646,33.174377500000006,0.3038900367647059,12.697534308520362,0.38984420269757114,ok,2342,52,0.0006741170000168495,0.007332157199999756
sample_df_home_dept92,2026-02-13,2026-02-14,1,52,gmm,0,68,2.1164,0.5683,1.1129,40.90544330358285,0.2487389457716293,31.806562642520294,0.976536369396004,ok,2342,52,0.014711911000063083,0.007595142249999754
sample_df_home_dept92,2026-02-13,2026-02-14,1,52,gmm,1,68,1.779,0.8967,4.8598,40.90544330358285,0.2487389457716293,34.712954645577504,1.0657694476951614,ok,2342,52,0.014711911000063083,0.007595142249999754
sample_df_home_dept92,2026-02-13,2026-02-14,1,52,gmm,2,68,2.0857,0.7616,1.8292,40.90544330358285,0.2487389457716293,32.97327654482388,1.012357233507748,ok,2342,52,0.014711911000063083,0.007595142249999754
sample_df_home_dept92,2026-02-13,2026-02-14,1,52,gmm,3,68,2.0875,0.4979,2.9001,40.90544330358285,0.2487389457716293,29.22466492712709,0.897266029828681,ok,2342,52,0.014711911000063083,0.007595142249999754
sample_df_home_dept92,2026-02-13,2026-02-14,1,52,gmm,4,68,1.9047,0.4885,4.1021,40.90544330358285,0.2487389457716293,28.42502057261247,0.8727150651883899,ok,2342,52,0.014711911000063083,0.007595142249999754
sample_df_home_dept92,2026-02-13,2026-02-14,1,52,gmm,5,68,2.377,0.2328,1.5421,40.90544330358285,0.2487389457716293,29.322666057312397,0.900274895292814,ok,2342,52,0.014711911000063083,0.007595142249999754
sample_df_home_dept92,2026-02-13,2026-02-14,1,52,gmm,6,68,1.2371,0.4442,1.7792,40.90544330358285,0.2487389457716293,23.96182485426053,0.735684446957528,ok,2342,52,0.014711911000063083,0.007595142249999754
sample_df_home_dept92,2026-02-13,2026-02-14,1,52,gmm,7,68,2.0917,0.4807,2.2747,40.90544330358285,0.2487389457716293,29.08296715743588,0.8929155746373746,ok,2342,52,0.014711911000063083,0.007595142249999754
sample_df_home_dept92,2026-02-13,2026-02-14,1,52,gmm,8,68,2.1509,0.543,2.6574,40.90544330358285,0.2487389457716293,41.7831676748892,1.2828416362274233,ok,2342,52,0.014711911000063083,0.007595142249999754
sample_df_home_dept92,2026-02-13,2026-02-14,1,52,gmm,9,68,1.8401,0.3431,1.8705,40.90544330358285,0.2487389457716293,34.2976554368473,1.0530187840643714,ok,2342,52,0.014711911000063083,0.007595142249999754
sample_df_home_dept92,2026-02-13,2026-02-14,1,52,gmm,10,68,1.5332,0.3232,2.0076,40.90544330358285,0.2487389457716293,27.551284082333744,0.8458892975122263,ok,2342,52,0.014711911000063083,0.007595142249999754
sample_df_home_dept92,2026-02-13,2026-02-14,1,52,gmm,11,68,1.9664,0.4913,2.4774,40.90544330358285,0.2487389457716293,26.658456256850545,0.8184773808901035,ok,2342,52,0.014711911000063083,0.007595142249999754
sample_df_home_dept92,2026-02-13,2026-02-14,1,52,gmm,12,68,2.1189,0.4078,2.6929,40.90544330358285,0.2487389457716293,41.8742431065431,1.2856378664384043,ok,2342,52,0.014711911000063083,0.007595142249999754
sample_df_home_dept92,2026-02-13,2026-02-14,1,52,gmm,13,68,1.3761,0.4042,1.4549,40.90544330358285,0.2487389457716293,25.835472534771466,0.7932098427073785,ok,2342,52,0.014711911000063083,0.007595142249999754
sample_df_home_dept92,2026-02-13,2026-02-14,1,52,gmm,14,68,0.9801,0.412,2.5041,40.90544330358285,0.2487389457716293,21.57332566060037,0.6623518974111632,ok,2342,52,0.014711911000063083,0.007595142249999754
sample_df_home_dept92,2026-02-13,2026-02-14,1,52,gmm,15,68,1.7925,0.4343,2.2603,40.90544330358285,0.2487389457716293,25.52442679579511,0.7836600060881267,ok,2342,52,0.014711911000063083,0.007595142249999754
sample_df_home_dept92,2026-02-13,2026-02-14,1,52,gmm,16,68,1.8081,0.4011,1.6762,40.90544330358285,0.2487389457716293,32.29806141665633,0.9916265391151221,ok,2342,52,0.014711911000063083,0.007595142249999754
sample_df_home_dept92,2026-02-13,2026-02-14,1,52,gmm,17,68,1.9548,0.4147,1.9218,40.90544330358285,0.2487389457716293,31.61391258330519,0.9706215589367831,ok,2342,52,0.014711911000063083,0.007595142249999754
sample_df_home_dept92,2026-02-13,2026-02-14,1,52,gmm,18,68,1.7287,1.042,2.4624,40.90544330358285,0.2487389457716293,25.82287995930288,0.792823220988218,ok,2342,52,0.014711911000063083,0.007595142249999754
sample_df_home_dept92,2026-02-13,2026-02-14,1,52,gmm,19,68,1.4575,0.4323,3.2048,40.90544330358285,0.2487389457716293,33.176735605591446,1.0186039057670466,ok,2342,52,0.014711911000063083,0.007595142249999754
sample_df_home_dept92,2026-02-13,2026-02-14,1,52,vae,0,68,2.2147,0.5085,1.2247,24.223238700806547,0.15059781184699333,30.288519889563776,0.929928882280175,ok,2342,52,14.502861505999931,0.008861228699998946
sample_df_home_dept92,2026-02-13,2026-02-14,1,52,vae,1,68,1.8968,0.2928,1.5871,24.223238700806547,0.15059781184699333,26.743706741953503,0.8210947715257202,ok,2342,52,14.502861505999931,0.008861228699998946
sample_df_home_dept92,2026-02-13,2026-02-14,1,52,vae,2,68,2.1864,0.456,1.4025,24.223238700806547,0.15059781184699333,31.267241440864563,0.9599779385425201,ok,2342,52,14.502861505999931,0.008861228699998946
sample_df_home_dept92,2026-02-13,2026-02-14,1,52,vae,3,68,1.7411,0.4885,1.4104,24.223238700806547,0.15059781184699333,28.774186662470196,0.883435286343317,ok,2342,52,14.502861505999931,0.008861228699998946
sample_df_home_dept92,2026-02-13,2026-02-14,1,52,vae,4,68,1.5706,0.2755,1.7233,24.223238700806547,0.15059781184699333,21.228352588165667,0.6517604117645999,ok,2342,52,14.502861505999931,0.008861228699998946
sample_df_home_dept92,2026-02-13,2026-02-14,1,52,vae,5,68,1.4421,0.2897,1.4776,24.223238700806547,0.15059781184699333,27.358265006993427,0.8399631573890234,ok,2342,52,14.502861505999931,0.008861228699998946
sample_df_home_dept92,2026-02-13,2026-02-14,1,52,vae,6,68,1.7473,0.6002,1.716,24.223238700806547,0.15059781184699333,25.71235515102825,0.7894298491167034,ok,2342,52,14.502861505999931,0.008861228699998946
sample_df_home_dept92,2026-02-13,2026-02-14,1,52,vae,7,68,1.1994,0.8116,1.4585,24.223238700806547,0.15059781184699333,23.294218137121316,0.7151873486993222,ok,2342,52,14.502861505999931,0.008861228699998946
sample_df_home_dept92,2026-02-13,2026-02-14,1,52,vae,8,68,1.8829,0.4588,1.551,24.223238700806547,0.15059781184699333,27.33605751393547,0.8392813350592122,ok,2342,52,14.502861505999931,0.008861228699998946
sample_df_home_dept92,2026-02-13,2026-02-14,1,52,vae,9,68,2.3075,0.5403,0.7605,24.223238700806547,0.15059781184699333,33.95981386117452,1.042646252161239,ok,2342,52,14.502861505999931,0.008861228699998946
sample_df_home_dept92,2026-02-13,2026-02-14,1,52,vae,10,68,1.5029,0.3388,1.3547,24.223238700806547,0.15059781184699333,21.712706168919603,0.6666312072217956,ok,2342,52,14.502861505999931,0.008861228699998946
sample_df_home_dept92,2026-02-13,2026-02-14,1,52,vae,11,68,1.4782,0.7571,2.3553,24.223238700806547,0.15059781184699333,23.522847080440428,0.7222067956215502,ok,2342,52,14.502861505999931,0.008861228699998946
sample_df_home_dept92,2026-02-13,2026-02-14,1,52,vae,12,68,1.808,0.284,1.7454,24.223238700806547,0.15059781184699333,30.60138146103072,0.9395344692327061,ok,2342,52,14.502861505999931,0.008861228699998946
sample_df_home_dept92,2026-02-13,2026-02-14,1,52,vae,13,68,1.688,1.2335,2.7023,24.223238700806547,0.15059781184699333,31.973586671748357,0.9816644003919162,ok,2342,52,14.502861505999931,0.008861228699998946
sample_df_home_dept92,2026-02-13,2026-02-14,1,52,vae,14,68,1.5088,0.3073,1.6688,24.223238700806547,0.15059781184699333,26.86455864721054,0.8248052095922508,ok,2342,52,14.502861505999931,0.008861228699998946
sample_df_home_dept92,2026-02-13,2026-02-14,1,52,vae,15,68,1.3675,0.2228,0.9777,24.223238700806547,0.15059781184699333,24.81477513610191,0.7618720290884928,ok,2342,52,14.502861505999931,0.008861228699998946
sample_df_home_dept92,2026-02-13,2026-02-14,1,52,vae,16,68,2.4542,0.3409,1.2137,24.223238700806547,0.15059781184699333,28.715182970772027,0.881623734069672,ok,2342,52,14.502861505999931,0.008861228699998946
sample_df_home_dept92,2026-02-13,2026-02-14,1,52,vae,17,68,1.5317,0.3308,1.4607,24.223238700806547,0.15059781184699333,29.39123024860348,0.902379977416478,ok,2342,52,14.502861505999931,0.008861228699998946
sample_df_home_dept92,2026-02-13,2026-02-14,1,52,vae,18,68,1.0228,0.2847,2.2704,24.223238700806547,0.15059781184699333,21.263292967763174,0.6528331636938465,ok,2342,52,14.502861505999931,0.008861228699998946
sample_df_home_dept92,2026-02-13,2026-02-14,1,52,vae,19,68,1.3372,0.4642,2.1848,24.223238700806547,0.15059781184699333,26.445444897652596,0.8119374305757872,ok,2342,52,14.502861505999931,0.008861228699998946
sample_df_home_dept92,2026-02-13,2026-02-15,2,52,persistence,0,69,2.7973,0.7133,2.8492,79.63761999999986,0.22374039251207703,16.8756960918632,0.39448859459223906,ok,2604,52,0.0005515980000154741,0.00853548635000152
sample_df_home_dept92,2026-02-13,2026-02-15,2,52,persistence,1,69,3.1734,0.6988,2.3715,79.63761999999986,0.22374039251207703,23.634039217670516,0.5524725537106622,ok,2604,52,0.0005515980000154741,0.00853548635000152
sample_df_home_dept92,2026-02-13,2026-02-15,2,52,persistence,2,69,3.3577,0.4739,3.2959,79.63761999999986,0.22374039251207703,18.38230888900154,0.42970738270636927,ok,2604,52,0.0005515980000154741,0.00853548635000152
sample_df_home_dept92,2026-02-13,2026-02-15,2,52,persistence,3,69,0.7483,0.7068,3.4876,79.63761999999986,0.22374039251207703,20.655313081691624,0.48284144156803127,ok,2604,52,0.0005515980000154741,0.00853548635000152
sample_df_home_dept92,2026-02-13,2026-02-15,2,52,persistence,4,69,3.0534,0.7051,4.4463,79.63761999999986,0.22374039251207703,25.70284247040893,0.6008331832940623,ok,2604,52,0.0005515980000154741,0.00853548635000152
sample_df_home_dept92,2026-02-13,2026-02-15,2,52,persistence,5,69,1.4408,0.6141,3.2219,79.63761999999986,0.22374039251207703,18.28317587908794,0.4273900358220905,ok,2604,52,0.0005515980000154741,0.00853548635000152
sample_df_home_dept92,2026-02-13,2026-02-15,2,52,persistence,6,69,0.6348,0.9423,5.2008,79.63761999999986,0.22374039251207703,20.664178222459544,0.4830486743188086,ok,2604,52,0.0005515980000154741,0.00853548635000152
sample_df_home_dept92,2026-02-13,2026-02-15,2,52,persistence,7,69,2.0534,0.962,4.0319,79.63761999999986,0.22374039251207703,15.01823676749787,0.3510683697675913,ok,2604,52,0.0005515980000154741,0.00853548635000152
sample_df_home_dept92,2026-02-13,2026-02-15,2,52,persistence,8,69,0.5686,0.8388,3.9166,79.63761999999986,0.22374039251207703,24.57963675539433,0.5745769719033084,ok,2604,52,0.0005515980000154741,0.00853548635000152
sample_df_home_dept92,2026-02-13,2026-02-15,2,52,persistence,9,69,1.2198,0.6193,3.1329,79.63761999999986,0.22374039251207703,14.099631299998858,0.32959492192367357,ok,2604,52,0.0005515980000154741,0.00853548635000152
sample_df_home_dept92,2026-02-13,2026-02-15,2,52,persistence,10,69,0.7254,0.8244,4.2941,79.63761999999986,0.22374039251207703,20.67775403282317,0.4833660243304256,ok,2604,52,0.0005515980000154741,0.00853548635000152
sample_df_home_dept92,2026-02-13,2026-02-15,2,52,persistence,11,69,2.1976,0.9405,1.8977,79.63761999999986,0.22374039251207703,11.665921263219872,0.27270418113124617,ok,2604,52,0.0005515980000154741,0.00853548635000152
sample_df_home_dept92,2026-02-13,2026-02-15,2,52,persistence,12,69,1.9771,0.6112,3.3339,79.63761999999986,0.22374039251207703,19.197471442082307,0.4487627347450981,ok,2604,52,0.0005515980000154741,0.00853548635000152
sample_df_home_dept92,2026-02-13,2026-02-15,2,52,persistence,13,69,0.7754,0.7437,5.3061,79.63761999999986,0.22374039251207703,24.949855191446588,0.5832312490208496,ok,2604,52,0.0005515980000154741,0.00853548635000152
sample_df_home_dept92,2026-02-13,2026-02-15,2,52,persistence,14,69,0.6374,0.4968,4.1734,79.63761999999986,0.22374039251207703,16.0097176879507,0.37424536423024013,ok,2604,52,0.0005515980000154741,0.00853548635000152
sample_df_home_dept92,2026-02-13,2026-02-15,2,52,persistence,15,69,1.6039,0.5403,3.6319,79.63761999999986,0.22374039251207703,14.95104133531613,0.34949760009621916,ok,2604,52,0.0005515980000154741,0.00853548635000152
sample_df_home_dept92,2026-02-13,2026-02-15,2,52,persistence,16,69,1.1539,0.8143,4.0713,79.63761999999986,0.22374039251207703,13.548791701081534,0.3167184196425367,ok,2604,52,0.0005515980000154741,0.00853548635000152
sample_df_home_dept92,2026-02-13,2026-02-15,2,52,persistence,17,69,1.258,2.8538,5.0723,79.63761999999986,0.22374039251207703,28.567602256800207,0.667800202362553,ok,2604,52,0.0005515980000154741,0.00853548635000152
sample_df_home_dept92,2026-02-13,2026-02-15,2,52,persistence,18,69,1.7853,0.6181,3.4111,79.63761999999986,0.22374039251207703,13.261173395623608,0.30999501454674305,ok,2604,52,0.0005515980000154741,0.00853548635000152
sample_df_home_dept92,2026-02-13,2026-02-15,2,52,persistence,19,69,0.7297,0.7286,3.3598,79.63761999999986,0.22374039251207703,18.755754020269478,0.4384370874953904,ok,2604,52,0.0005515980000154741,0.00853548635000152
sample_df_home_dept92,2026-02-13,2026-02-15,2,52,gmm,0,69,2.641,0.8337,4.6675,64.84102102188034,0.3230790569208998,45.272166386444646,1.0582883926515858,ok,2604,52,0.014961990999950103,0.006793258699997295
sample_df_home_dept92,2026-02-13,2026-02-15,2,52,gmm,1,69,1.9111,0.4162,4.4406,64.84102102188034,0.3230790569208998,46.839345650440755,1.094922990831273,ok,2604,52,0.014961990999950103,0.006793258699997295
sample_df_home_dept92,2026-02-13,2026-02-15,2,52,gmm,2,69,2.6123,0.6044,4.9697,64.84102102188034,0.3230790569208998,47.56549885110897,1.1118976479968745,ok,2604,52,0.014961990999950103,0.006793258699997295
sample_df_home_dept92,2026-02-13,2026-02-15,2,52,gmm,3,69,2.5521,1.0524,6.6788,64.84102102188034,0.3230790569208998,42.959528816647214,1.004227858511576,ok,2604,52,0.014961990999950103,0.006793258699997295
sample_df_home_dept92,2026-02-13,2026-02-15,2,52,gmm,4,69,2.5354,0.9328,7.0239,64.84102102188034,0.3230790569208998,39.13445830068434,0.9148124836527006,ok,2604,52,0.014961990999950103,0.006793258699997295
sample_df_home_dept92,2026-02-13,2026-02-15,2,52,gmm,5,69,3.221,0.7536,4.6365,64.84102102188034,0.3230790569208998,41.673901984769024,0.9741748687375877,ok,2604,52,0.014961990999950103,0.006793258699997295
sample_df_home_dept92,2026-02-13,2026-02-15,2,52,gmm,6,69,1.5786,0.9623,4.7136,64.84102102188034,0.3230790569208998,38.58954763053518,0.9020745768264986,ok,2604,52,0.014961990999950103,0.006793258699997295
sample_df_home_dept92,2026-02-13,2026-02-15,2,52,gmm,7,69,2.8609,0.5093,3.2971,64.84102102188034,0.3230790569208998,42.55314729349919,0.9947282280926438,ok,2604,52,0.014961990999950103,0.006793258699997295
sample_df_home_dept92,2026-02-13,2026-02-15,2,52,gmm,8,69,2.3068,0.6577,6.053,64.84102102188034,0.3230790569208998,53.22760060917392,1.244255718017717,ok,2604,52,0.014961990999950103,0.006793258699997295
sample_df_home_dept92,2026-02-13,2026-02-15,2,52,gmm,9,69,2.4549,0.5051,3.8581,64.84102102188034,0.3230790569208998,45.95595839869846,1.0742728088462736,ok,2604,52,0.014961990999950103,0.006793258699997295
sample_df_home_dept92,2026-02-13,2026-02-15,2,52,gmm,10,69,1.8274,0.8629,5.4342,64.84102102188034,0.3230790569208998,42.76549115292498,0.9996920073773137,ok,2604,52,0.014961990999950103,0.006793258699997295
sample_df_home_dept92,2026-02-13,2026-02-15,2,52,gmm,11,69,2.6933,0.5203,3.8237,64.84102102188034,0.3230790569208998,37.43512677823365,0.8750886760901145,ok,2604,52,0.014961990999950103,0.006793258699997295
sample_df_home_dept92,2026-02-13,2026-02-15,2,52,gmm,12,69,2.3518,0.9731,6.3563,64.84102102188034,0.3230790569208998,53.605769624071634,1.253095848960657,ok,2604,52,0.014961990999950103,0.006793258699997295
sample_df_home_dept92,2026-02-13,2026-02-15,2,52,gmm,13,69,2.0351,1.0606,4.6406,64.84102102188034,0.3230790569208998,41.075647336100026,0.9601899857273101,ok,2604,52,0.014961990999950103,0.006793258699997295
sample_df_home_dept92,2026-02-13,2026-02-15,2,52,gmm,14,69,1.4848,0.6403,6.4102,64.84102102188034,0.3230790569208998,30.668323658256455,0.7169069549835537,ok,2604,52,0.014961990999950103,0.006793258699997295
sample_df_home_dept92,2026-02-13,2026-02-15,2,52,gmm,15,69,2.6369,0.7093,4.0177,64.84102102188034,0.3230790569208998,41.24239861407838,0.964087986552761,ok,2604,52,0.014961990999950103,0.006793258699997295
sample_df_home_dept92,2026-02-13,2026-02-15,2,52,gmm,16,69,2.2539,0.6285,5.1013,64.84102102188034,0.3230790569208998,46.30378981203175,1.0824037638394155,ok,2604,52,0.014961990999950103,0.006793258699997295
sample_df_home_dept92,2026-02-13,2026-02-15,2,52,gmm,17,69,2.3448,0.7609,3.4395,64.84102102188034,0.3230790569208998,48.57233033611245,1.135433479369291,ok,2604,52,0.014961990999950103,0.006793258699997295
sample_df_home_dept92,2026-02-13,2026-02-15,2,52,gmm,18,69,2.487,0.852,3.2706,64.84102102188034,0.3230790569208998,38.337703576001765,0.8961874355442376,ok,2604,52,0.014961990999950103,0.006793258699997295
sample_df_home_dept92,2026-02-13,2026-02-15,2,52,gmm,19,69,1.8249,0.5929,3.6442,64.84102102188034,0.3230790569208998,40.264641764975565,0.9412318078709534,ok,2604,52,0.014961990999950103,0.006793258699997295
sample_df_home_dept92,2026-02-13,2026-02-15,2,52,vae,0,69,1.8843,0.6394,3.1432,78.98045136415163,0.3310783171519943,37.57918144390593,0.8784561177823664,ok,2604,52,14.705766516000153,0.007637876100000085
sample_df_home_dept92,2026-02-13,2026-02-15,2,52,vae,1,69,2.268,1.1051,4.0341,78.98045136415163,0.3310783171519943,36.22962358843946,0.8469086676015956,ok,2604,52,14.705766516000153,0.007637876100000085
sample_df_home_dept92,2026-02-13,2026-02-15,2,52,vae,2,69,2.1353,0.6253,4.2562,78.98045136415163,0.3310783171519943,35.36156115989301,0.8266167207929108,ok,2604,52,14.705766516000153,0.007637876100000085
sample_df_home_dept92,2026-02-13,2026-02-15,2,52,vae,3,69,1.9872,0.9098,4.0431,78.98045136415163,0.3310783171519943,40.028314930660414,0.9357073992642846,ok,2604,52,14.705766516000153,0.007637876100000085
sample_df_home_dept92,2026-02-13,2026-02-15,2,52,vae,4,69,1.8005,0.7036,3.8096,78.98045136415163,0.3310783171519943,46.79751469208642,1.0939451445912234,ok,2604,52,14.705766516000153,0.007637876100000085
sample_df_home_dept92,2026-02-13,2026-02-15,2,52,vae,5,69,2.6156,0.6161,4.0698,78.98045136415163,0.3310783171519943,52.12282670200867,1.2184303711041795,ok,2604,52,14.705766516000153,0.007637876100000085
sample_df_home_dept92,2026-02-13,2026-02-15,2,52,vae,6,69,2.2903,0.6756,3.9679,78.98045136415163,0.3310783171519943,41.72458504184226,0.9753596428556817,ok,2604,52,14.705766516000153,0.007637876100000085
sample_df_home_dept92,2026-02-13,2026-02-15,2,52,vae,7,69,2.4144,0.8545,5.5203,78.98045136415163,0.3310783171519943,32.77746031434895,0.766210423755196,ok,2604,52,14.705766516000153,0.007637876100000085
sample_df_home_dept92,2026-02-13,2026-02-15,2,52,vae,8,69,2.6103,1.0231,4.3292,78.98045136415163,0.3310783171519943,45.360624656403665,1.060356205345429,ok,2604,52,14.705766516000153,0.007637876100000085
sample_df_home_dept92,2026-02-13,2026-02-15,2,52,vae,9,69,2.9082,0.5667,3.1762,78.98045136415163,0.3310783171519943,50.70401620682775,1.1852640616856005,ok,2604,52,14.705766516000153,0.007637876100000085
sample_df_home_dept92,2026-02-13,2026-02-15,2,52,vae,10,69,2.7918,0.4462,3.7354,78.98045136415163,0.3310783171519943,44.97718666966547,1.0513929061915315,ok,2604,52,14.705766516000153,0.007637876100000085
sample_df_home_dept92,2026-02-13,2026-02-15,2,52,vae,11,69,2.7866,0.734,3.6996,78.98045136415163,0.3310783171519943,43.83566248752015,1.0247084797918,ok,2604,52,14.705766516000153,0.007637876100000085
sample_df_home_dept92,2026-02-13,2026-02-15,2,52,vae,12,69,1.9773,0.8229,4.4837,78.98045136415163,0.3310783171519943,32.4161399591977,0.757764149401517,ok,2604,52,14.705766516000153,0.007637876100000085
sample_df_home_dept92,2026-02-13,2026-02-15,2,52,vae,13,69,2.174,0.6547,4.0835,78.98045136415163,0.3310783171519943,44.128301664218284,1.0315492534647708,ok,2604,52,14.705766516000153,0.007637876100000085
sample_df_home_dept92,2026-02-13,2026-02-15,2,52,vae,14,69,2.1918,0.4539,2.4184,78.98045136415163,0.3310783171519943,43.116692253785644,1.007901732649895,ok,2604,52,14.705766516000153,0.007637876100000085
sample_df_home_dept92,2026-02-13,2026-02-15,2,52,vae,15,69,2.5342,1.0493,4.7004,78.98045136415163,0.3310783171519943,42.291514701596036,0.9886122686135463,ok,2604,52,14.705766516000153,0.007637876100000085
sample_df_home_dept92,2026-02-13,2026-02-15,2,52,vae,16,69,2.3986,1.015,4.2811,78.98045136415163,0.3310783171519943,47.11950262423121,1.1014719788110399,ok,2604,52,14.705766516000153,0.007637876100000085
sample_df_home_dept92,2026-02-13,2026-02-15,2,52,vae,17,69,2.3504,1.3149,4.1238,78.98045136415163,0.3310783171519943,48.29280117422604,1.1288991672070043,ok,2604,52,14.705766516000153,0.007637876100000085
sample_df_home_dept92,2026-02-13,2026-02-15,2,52,vae,18,69,2.2191,0.4497,1.7599,78.98045136415163,0.3310783171519943,41.74129480608156,0.9757502526044498,ok,2604,52,14.705766516000153,0.007637876100000085
sample_df_home_dept92,2026-02-13,2026-02-15,2,52,vae,19,69,2.0189,1.2024,5.0118,78.98045136415163,0.3310783171519943,45.00831656861356,1.0521206029940209,ok,2604,52,14.705766516000153,0.007637876100000085
sample_df_home_dept92,2026-02-13,2026-02-16,3,52,persistence,0,56,0.692,0.4811,2.407,25.12966750000001,0.06936472470238092,10.486155835002894,0.39120939153478734,ok,2516,52,0.0005780059998414799,0.0065836730999990324
sample_df_home_dept92,2026-02-13,2026-02-16,3,52,persistence,1,56,1.1702,0.457,2.327,25.12966750000001,0.06936472470238092,8.336070233253691,0.3109956608556857,ok,2516,52,0.0005780059998414799,0.0065836730999990324
sample_df_home_dept92,2026-02-13,2026-02-16,3,52,persistence,2,56,1.2902,0.5464,1.9866,25.12966750000001,0.06936472470238092,11.5967993300614,0.4326444200381367,ok,2516,52,0.0005780059998414799,0.0065836730999990324
sample_df_home_dept92,2026-02-13,2026-02-16,3,52,persistence,3,56,1.9592,0.3166,2.1632,25.12966750000001,0.06936472470238092,12.425099975493938,0.46354601988141664,ok,2516,52,0.0005780059998414799,0.0065836730999990324
sample_df_home_dept92,2026-02-13,2026-02-16,3,52,persistence,4,56,1.8509,0.3708,1.9056,25.12966750000001,0.06936472470238092,11.78099975719268,0.43951642710653593,ok,2516,52,0.0005780059998414799,0.0065836730999990324
sample_df_home_dept92,2026-02-13,2026-02-16,3,52,persistence,5,56,1.4414,0.3865,2.1256,25.12966750000001,0.06936472470238092,15.388294701613132,0.5740945968856475,ok,2516,52,0.0005780059998414799,0.0065836730999990324
sample_df_home_dept92,2026-02-13,2026-02-16,3,52,persistence,6,56,1.6232,0.2833,2.3505,25.12966750000001,0.06936472470238092,12.139995930762195,0.45290957868994536,ok,2516,52,0.0005780059998414799,0.0065836730999990324
sample_df_home_dept92,2026-02-13,2026-02-16,3,52,persistence,7,56,1.2682,0.4966,3.3258,25.12966750000001,0.06936472470238092,11.598944845221212,0.43272446325830294,ok,2516,52,0.0005780059998414799,0.0065836730999990324
sample_df_home_dept92,2026-02-13,2026-02-16,3,52,persistence,8,56,1.0565,0.3675,1.4389,25.12966750000001,0.06936472470238092,12.113066740392554,0.45190492528360693,ok,2516,52,0.0005780059998414799,0.0065836730999990324
sample_df_home_dept92,2026-02-13,2026-02-16,3,52,persistence,9,56,1.6071,0.4705,3.374,25.12966750000001,0.06936472470238092,15.553454228122982,0.5802562407605569,ok,2516,52,0.0005780059998414799,0.0065836730999990324
sample_df_home_dept92,2026-02-13,2026-02-16,3,52,persistence,10,56,1.8518,0.4351,1.4004,25.12966750000001,0.06936472470238092,8.318700643212038,0.31034764962465655,ok,2516,52,0.0005780059998414799,0.0065836730999990324
sample_df_home_dept92,2026-02-13,2026-02-16,3,52,persistence,11,56,2.1845,0.3543,3.3618,25.12966750000001,0.06936472470238092,14.67925222308125,0.5476421884946845,ok,2516,52,0.0005780059998414799,0.0065836730999990324
sample_df_home_dept92,2026-02-13,2026-02-16,3,52,persistence,12,56,0.8494,0.382,2.2371,25.12966750000001,0.06936472470238092,12.001314980521723,0.4477357770590424,ok,2516,52,0.0005780059998414799,0.0065836730999990324
sample_df_home_dept92,2026-02-13,2026-02-16,3,52,persistence,13,56,1.9405,0.3273,1.1979,25.12966750000001,0.06936472470238092,8.184063048264221,0.30532469436574033,ok,2516,52,0.0005780059998414799,0.0065836730999990324
sample_df_home_dept92,2026-02-13,2026-02-16,3,52,persistence,14,56,1.0851,0.6114,3.5082,25.12966750000001,0.06936472470238092,9.942442629881379,0.3709249598048103,ok,2516,52,0.0005780059998414799,0.0065836730999990324
sample_df_home_dept92,2026-02-13,2026-02-16,3,52,persistence,15,56,1.3801,0.3572,2.7366,25.12966750000001,0.06936472470238092,10.232570216889004,0.38174881542612793,ok,2516,52,0.0005780059998414799,0.0065836730999990324
sample_df_home_dept92,2026-02-13,2026-02-16,3,52,persistence,16,56,1.0833,0.3627,1.2201,25.12966750000001,0.06936472470238092,10.478883361575374,0.39093807572093725,ok,2516,52,0.0005780059998414799,0.0065836730999990324
sample_df_home_dept92,2026-02-13,2026-02-16,3,52,persistence,17,56,0.6143,0.4662,3.2898,25.12966750000001,0.06936472470238092,15.228539934419707,0.5681345895910863,ok,2516,52,0.0005780059998414799,0.0065836730999990324
sample_df_home_dept92,2026-02-13,2026-02-16,3,52,persistence,18,56,0.7893,0.3813,1.0607,25.12966750000001,0.06936472470238092,8.077698449810693,0.3013565261927146,ok,2516,52,0.0005780059998414799,0.0065836730999990324
sample_df_home_dept92,2026-02-13,2026-02-16,3,52,persistence,19,56,0.7167,0.6056,2.4441,25.12966750000001,0.06936472470238092,10.293672733169961,0.38402838084472746,ok,2516,52,0.0005780059998414799,0.0065836730999990324
sample_df_home_dept92,2026-02-13,2026-02-16,3,52,gmm,0,56,2.5498,0.5929,2.6968,60.68574526128377,0.09941970087636948,30.29227806926257,1.1301208811070012,ok,2516,52,0.013416967000011937,0.007608892200005357
sample_df_home_dept92,2026-02-13,2026-02-16,3,52,gmm,1,56,3.0324,0.8504,6.6906,60.68574526128377,0.09941970087636948,33.23794889713336,1.2400156900689727,ok,2516,52,0.013416967000011937,0.007608892200005357
sample_df_home_dept92,2026-02-13,2026-02-16,3,52,gmm,2,56,2.9005,0.5898,3.419,60.68574526128377,0.09941970087636948,30.1118975181707,1.1233913830194555,ok,2516,52,0.013416967000011937,0.007608892200005357
sample_df_home_dept92,2026-02-13,2026-02-16,3,52,gmm,3,56,2.1786,0.5627,3.055,60.68574526128377,0.09941970087636948,25.62281456964257,0.9559161483885947,ok,2516,52,0.013416967000011937,0.007608892200005357
sample_df_home_dept92,2026-02-13,2026-02-16,3,52,gmm,4,56,1.3426,0.4652,4.8583,60.68574526128377,0.09941970087636948,24.08301262632662,0.8984704084237214,ok,2516,52,0.013416967000011937,0.007608892200005357
sample_df_home_dept92,2026-02-13,2026-02-16,3,52,gmm,5,56,2.5605,0.2875,2.1861,60.68574526128377,0.09941970087636948,26.584967986514428,0.9918114239023457,ok,2516,52,0.013416967000011937,0.007608892200005357
sample_df_home_dept92,2026-02-13,2026-02-16,3,52,gmm,6,56,1.8732,0.3196,2.4454,60.68574526128377,0.09941970087636948,23.619949676959326,0.8811948140577109,ok,2516,52,0.013416967000011937,0.007608892200005357
sample_df_home_dept92,2026-02-13,2026-02-16,3,52,gmm,7,56,2.3049,0.4546,3.1993,60.68574526128377,0.09941970087636948,25.898133010850618,0.96618751585233,ok,2516,52,0.013416967000011937,0.007608892200005357
sample_df_home_dept92,2026-02-13,2026-02-16,3,52,gmm,8,56,2.8193,0.5205,4.1598,60.68574526128377,0.09941970087636948,37.73342600911135,1.4077294732043524,ok,2516,52,0.013416967000011937,0.007608892200005357
sample_df_home_dept92,2026-02-13,2026-02-16,3,52,gmm,9,56,1.8021,0.3546,2.9041,60.68574526128377,0.09941970087636948,29.873004307548214,1.1144789398858665,ok,2516,52,0.013416967000011937,0.007608892200005357
sample_df_home_dept92,2026-02-13,2026-02-16,3,52,gmm,10,56,1.9533,0.3535,2.2349,60.68574526128377,0.09941970087636948,23.451540028821945,0.8749119171588786,ok,2516,52,0.013416967000011937,0.007608892200005357
sample_df_home_dept92,2026-02-13,2026-02-16,3,52,gmm,11,56,1.737,0.4632,3.4808,60.68574526128377,0.09941970087636948,25.031566123809963,0.9338583086635761,ok,2516,52,0.013416967000011937,0.007608892200005357
sample_df_home_dept92,2026-02-13,2026-02-16,3,52,gmm,12,56,3.0867,0.4346,2.3275,60.68574526128377,0.09941970087636948,38.8669125516429,1.450016712455219,ok,2516,52,0.013416967000011937,0.007608892200005357
sample_df_home_dept92,2026-02-13,2026-02-16,3,52,gmm,13,56,1.6487,0.4587,1.3476,60.68574526128377,0.09941970087636948,23.60688200931481,0.8807072956202178,ok,2516,52,0.013416967000011937,0.007608892200005357
sample_df_home_dept92,2026-02-13,2026-02-16,3,52,gmm,14,56,2.0476,0.3622,3.1556,60.68574526128377,0.09941970087636948,17.079528820001585,0.6371898513152165,ok,2516,52,0.013416967000011937,0.007608892200005357
sample_df_home_dept92,2026-02-13,2026-02-16,3,52,gmm,15,56,1.7595,0.4155,2.0338,60.68574526128377,0.09941970087636948,20.522293908402883,0.7656298684790764,ok,2516,52,0.013416967000011937,0.007608892200005357
sample_df_home_dept92,2026-02-13,2026-02-16,3,52,gmm,16,56,2.6197,0.4394,2.6257,60.68574526128377,0.09941970087636948,30.310595244416465,1.1308042441105026,ok,2516,52,0.013416967000011937,0.007608892200005357
sample_df_home_dept92,2026-02-13,2026-02-16,3,52,gmm,17,56,2.9683,0.3999,1.9855,60.68574526128377,0.09941970087636948,31.67751176346417,1.1818001083823744,ok,2516,52,0.013416967000011937,0.007608892200005357
sample_df_home_dept92,2026-02-13,2026-02-16,3,52,gmm,18,56,1.9009,0.8679,4.1546,60.68574526128377,0.09941970087636948,25.757324620458807,0.960934345329697,ok,2516,52,0.013416967000011937,0.007608892200005357
sample_df_home_dept92,2026-02-13,2026-02-16,3,52,gmm,19,56,1.9728,0.3522,3.9896,60.68574526128377,0.09941970087636948,28.473284330204713,1.0622592695632305,ok,2516,52,0.013416967000011937,0.007608892200005357
sample_df_home_dept92,2026-02-13,2026-02-16,3,52,vae,0,56,2.7597,0.3228,1.6733,31.86189635855107,0.09535198143847182,28.092312634060846,1.0480462721802504,ok,2516,52,14.859220284000003,0.008725617300001431
sample_df_home_dept92,2026-02-13,2026-02-16,3,52,vae,1,56,2.1443,0.3313,2.4208,31.86189635855107,0.09535198143847182,20.247646772718745,0.7553835455626161,ok,2516,52,14.859220284000003,0.008725617300001431
sample_df_home_dept92,2026-02-13,2026-02-16,3,52,vae,2,56,3.2472,0.2602,2.497,31.86189635855107,0.09535198143847182,31.41498054448886,1.1720057967156157,ok,2516,52,14.859220284000003,0.008725617300001431
sample_df_home_dept92,2026-02-13,2026-02-16,3,52,vae,3,56,2.5694,0.6632,1.4876,31.86189635855107,0.09535198143847182,27.319452330787232,1.0192129977427473,ok,2516,52,14.859220284000003,0.008725617300001431
sample_df_home_dept92,2026-02-13,2026-02-16,3,52,vae,4,56,2.284,0.31,1.9752,31.86189635855107,0.09535198143847182,25.07821201347758,0.9355985374377427,ok,2516,52,14.859220284000003,0.008725617300001431
sample_df_home_dept92,2026-02-13,2026-02-16,3,52,vae,5,56,1.7422,0.4298,2.0506,31.86189635855107,0.09535198143847182,21.37996948247913,0.7976273654406048,ok,2516,52,14.859220284000003,0.008725617300001431
sample_df_home_dept92,2026-02-13,2026-02-16,3,52,vae,6,56,1.5778,0.4423,1.7112,31.86189635855107,0.09535198143847182,20.48099617983498,0.7640891647627642,ok,2516,52,14.859220284000003,0.008725617300001431
sample_df_home_dept92,2026-02-13,2026-02-16,3,52,vae,7,56,3.7187,0.5772,2.7309,31.86189635855107,0.09535198143847182,32.17739088339351,1.2004492119648071,ok,2516,52,14.859220284000003,0.008725617300001431
sample_df_home_dept92,2026-02-13,2026-02-16,3,52,vae,8,56,2.0703,0.5215,3.3723,31.86189635855107,0.09535198143847182,30.07602347361493,1.1220530219114022,ok,2516,52,14.859220284000003,0.008725617300001431
sample_df_home_dept92,2026-02-13,2026-02-16,3,52,vae,9,56,2.2495,0.5687,4.3054,31.86189635855107,0.09535198143847182,30.316274369827525,1.1310161165289054,ok,2516,52,14.859220284000003,0.008725617300001431
sample_df_home_dept92,2026-02-13,2026-02-16,3,52,vae,10,56,2.1507,0.3039,2.4543,31.86189635855107,0.09535198143847182,21.224560939621558,0.7918295037220446,ok,2516,52,14.859220284000003,0.008725617300001431
sample_df_home_dept92,2026-02-13,2026-02-16,3,52,vae,11,56,2.2836,0.705,1.5325,31.86189635855107,0.09535198143847182,30.649953680928075,1.1434647661882644,ok,2516,52,14.859220284000003,0.008725617300001431
sample_df_home_dept92,2026-02-13,2026-02-16,3,52,vae,12,56,2.0961,0.4437,2.3557,31.86189635855107,0.09535198143847182,24.78571535987833,0.9246862985123432,ok,2516,52,14.859220284000003,0.008725617300001431
sample_df_home_dept92,2026-02-13,2026-02-16,3,52,vae,13,56,3.0389,1.0534,5.3375,31.86189635855107,0.09535198143847182,33.9983148566069,1.2683828351915425,ok,2516,52,14.859220284000003,0.008725617300001431
sample_df_home_dept92,2026-02-13,2026-02-16,3,52,vae,14,56,2.6085,0.5999,2.1382,31.86189635855107,0.09535198143847182,32.085962947185955,1.1970382892343203,ok,2516,52,14.859220284000003,0.008725617300001431
sample_df_home_dept92,2026-02-13,2026-02-16,3,52,vae,15,56,1.8954,0.4408,2.3122,31.86189635855107,0.09535198143847182,19.186892394019228,0.7158097416264109,ok,2516,52,14.859220284000003,0.008725617300001431
sample_df_home_dept92,2026-02-13,2026-02-16,3,52,vae,16,56,2.3619,0.3055,2.0074,31.86189635855107,0.09535198143847182,31.746824996402008,1.184385992867555,ok,2516,52,14.859220284000003,0.008725617300001431
sample_df_home_dept92,2026-02-13,2026-02-16,3,52,vae,17,56,1.6827,0.5156,1.7478,31.86189635855107,0.09535198143847182,20.215527062547263,0.754185248258039,ok,2516,52,14.859220284000003,0.008725617300001431
sample_df_home_dept92,2026-02-13,2026-02-16,3,52,vae,18,56,1.8976,0.4119,2.411,31.86189635855107,0.09535198143847182,22.841018988393138,0.8521350703807596,ok,2516,52,14.859220284000003,0.008725617300001431
sample_df_home_dept92,2026-02-13,2026-02-16,3,52,vae,19,56,2.3998,0.4099,2.8096,31.86189635855107,0.09535198143847182,27.446441891196564,1.0239506260443576,ok,2516,52,14.859220284000003,0.008725617300001431
sample_df_home_dept92,2026-02-18,2026-02-19,1,52,persistence,0,63,0.9722,0.5244,2.3295,53.447692499999874,0.3076942592592593,8.880517504788482,0.2509069655999232,ok,2424,52,0.0007374760000402603,0.007151789149997967
sample_df_home_dept92,2026-02-18,2026-02-19,1,52,persistence,1,63,0.8336,0.4702,1.8115,53.447692499999874,0.3076942592592593,12.673543576213987,0.35807376770459837,ok,2424,52,0.0007374760000402603,0.007151789149997967
sample_df_home_dept92,2026-02-18,2026-02-19,1,52,persistence,2,63,1.7151,0.5255,1.7665,53.447692499999874,0.3076942592592593,11.156884578501696,0.31522262679297697,ok,2424,52,0.0007374760000402603,0.007151789149997967
sample_df_home_dept92,2026-02-18,2026-02-19,1,52,persistence,3,63,1.7127,0.5802,1.4533,53.447692499999874,0.3076942592592593,13.243820195906654,0.3741861593667413,ok,2424,52,0.0007374760000402603,0.007151789149997967
sample_df_home_dept92,2026-02-18,2026-02-19,1,52,persistence,4,63,2.2524,0.4196,2.2063,53.447692499999874,0.3076942592592593,4.862466549563181,0.13738239090505402,ok,2424,52,0.0007374760000402603,0.007151789149997967
sample_df_home_dept92,2026-02-18,2026-02-19,1,52,persistence,5,63,2.077,0.7417,1.2288,53.447692499999874,0.3076942592592593,13.56745817693421,0.38333011113855237,ok,2424,52,0.0007374760000402603,0.007151789149997967
sample_df_home_dept92,2026-02-18,2026-02-19,1,52,persistence,6,63,2.3907,0.7584,1.6286,53.447692499999874,0.3076942592592593,13.245191707920236,0.3742249095766729,ok,2424,52,0.0007374760000402603,0.007151789149997967
sample_df_home_dept92,2026-02-18,2026-02-19,1,52,persistence,7,63,1.214,0.5177,1.8796,53.447692499999874,0.3076942592592593,12.217399591864954,0.3451860387036745,ok,2424,52,0.0007374760000402603,0.007151789149997967
sample_df_home_dept92,2026-02-18,2026-02-19,1,52,persistence,8,63,4.0812,0.7564,2.0421,53.447692499999874,0.3076942592592593,14.330490070985938,0.4048885413864798,ok,2424,52,0.0007374760000402603,0.007151789149997967
sample_df_home_dept92,2026-02-18,2026-02-19,1,52,persistence,9,63,1.4153,0.6058,2.0432,53.447692499999874,0.3076942592592593,12.488132127649562,0.3528352189464093,ok,2424,52,0.0007374760000402603,0.007151789149997967
sample_df_home_dept92,2026-02-18,2026-02-19,1,52,persistence,10,63,1.1167,0.4155,2.6857,53.447692499999874,0.3076942592592593,11.63311437719122,0.3286778532088948,ok,2424,52,0.0007374760000402603,0.007151789149997967
sample_df_home_dept92,2026-02-18,2026-02-19,1,52,persistence,11,63,3.1503,0.8895,3.7181,53.447692499999874,0.3076942592592593,14.058918120555377,0.397215644622542,ok,2424,52,0.0007374760000402603,0.007151789149997967
sample_df_home_dept92,2026-02-18,2026-02-19,1,52,persistence,12,63,1.436,0.5909,2.2012,53.447692499999874,0.3076942592592593,17.632932447707756,0.4981945672307029,ok,2424,52,0.0007374760000402603,0.007151789149997967
sample_df_home_dept92,2026-02-18,2026-02-19,1,52,persistence,13,63,0.727,0.5245,2.3238,53.447692499999874,0.3076942592592593,8.470123164016162,0.23931183066696005,ok,2424,52,0.0007374760000402603,0.007151789149997967
sample_df_home_dept92,2026-02-18,2026-02-19,1,52,persistence,14,63,1.6185,0.6529,2.677,53.447692499999874,0.3076942592592593,12.03350474770027,0.3399903395438055,ok,2424,52,0.0007374760000402603,0.007151789149997967
sample_df_home_dept92,2026-02-18,2026-02-19,1,52,persistence,15,63,0.914,0.7168,3.623,53.447692499999874,0.3076942592592593,18.03391455153847,0.5095237721872595,ok,2424,52,0.0007374760000402603,0.007151789149997967
sample_df_home_dept92,2026-02-18,2026-02-19,1,52,persistence,16,63,1.4669,0.8165,3.0771,53.447692499999874,0.3076942592592593,11.315678681739575,0.3197091385955936,ok,2424,52,0.0007374760000402603,0.007151789149997967
sample_df_home_dept92,2026-02-18,2026-02-19,1,52,persistence,17,63,0.9415,0.3337,3.1569,53.447692499999874,0.3076942592592593,15.374045107168948,0.43437277216740133,ok,2424,52,0.0007374760000402603,0.007151789149997967
sample_df_home_dept92,2026-02-18,2026-02-19,1,52,persistence,18,63,3.2526,0.5056,1.5023,53.447692499999874,0.3076942592592593,18.135961733958183,0.5124069767837424,ok,2424,52,0.0007374760000402603,0.007151789149997967
sample_df_home_dept92,2026-02-18,2026-02-19,1,52,persistence,19,63,0.8339,0.7163,2.1376,53.447692499999874,0.3076942592592593,17.551997697093825,0.49590786573192447,ok,2424,52,0.0007374760000402603,0.007151789149997967
sample_df_home_dept92,2026-02-18,2026-02-19,1,52,gmm,0,63,3.2637,0.5591,1.6739,36.69265267224382,0.3412340482835676,35.4205442492798,1.0007593896067979,ok,2424,52,0.015163365999796952,0.007231871900000897
sample_df_home_dept92,2026-02-18,2026-02-19,1,52,gmm,1,63,3.7374,0.2407,3.9855,36.69265267224382,0.3412340482835676,33.75018860617733,0.9535657586435614,ok,2424,52,0.015163365999796952,0.007231871900000897
sample_df_home_dept92,2026-02-18,2026-02-19,1,52,gmm,2,63,3.3242,0.371,2.596,36.69265267224382,0.3412340482835676,33.637610822438525,0.9503850262035164,ok,2424,52,0.015163365999796952,0.007231871900000897
sample_df_home_dept92,2026-02-18,2026-02-19,1,52,gmm,3,63,2.946,0.8094,4.797,36.69265267224382,0.3412340482835676,30.74316769438607,0.8686064652165473,ok,2424,52,0.015163365999796952,0.007231871900000897
sample_df_home_dept92,2026-02-18,2026-02-19,1,52,gmm,4,63,1.9652,0.7643,4.9693,36.69265267224382,0.3412340482835676,22.252948233294195,0.6287268409591413,ok,2424,52,0.015163365999796952,0.007231871900000897
sample_df_home_dept92,2026-02-18,2026-02-19,1,52,gmm,5,63,2.5891,0.7691,2.9761,36.69265267224382,0.3412340482835676,32.244557982859604,0.9110262094779557,ok,2424,52,0.015163365999796952,0.007231871900000897
sample_df_home_dept92,2026-02-18,2026-02-19,1,52,gmm,6,63,2.5566,0.7733,3.378,36.69265267224382,0.3412340482835676,26.440946847441307,0.7470530560300234,ok,2424,52,0.015163365999796952,0.007231871900000897
sample_df_home_dept92,2026-02-18,2026-02-19,1,52,gmm,7,63,2.8585,0.384,1.7284,36.69265267224382,0.3412340482835676,29.70456917626916,0.839262274124443,ok,2424,52,0.015163365999796952,0.007231871900000897
sample_df_home_dept92,2026-02-18,2026-02-19,1,52,gmm,8,63,3.8531,0.3688,3.4271,36.69265267224382,0.3412340482835676,43.86870279497686,1.2394506398030776,ok,2424,52,0.015163365999796952,0.007231871900000897
sample_df_home_dept92,2026-02-18,2026-02-19,1,52,gmm,9,63,2.4682,0.5752,1.6392,36.69265267224382,0.3412340482835676,35.41048574961304,1.0004752003544806,ok,2424,52,0.015163365999796952,0.007231871900000897
sample_df_home_dept92,2026-02-18,2026-02-19,1,52,gmm,10,63,2.5269,0.7112,4.0745,36.69265267224382,0.3412340482835676,28.961583455098147,0.8182702212758821,ok,2424,52,0.015163365999796952,0.007231871900000897
sample_df_home_dept92,2026-02-18,2026-02-19,1,52,gmm,11,63,2.0429,0.3366,2.5985,36.69265267224382,0.3412340482835676,26.103243589204634,0.7375117089461759,ok,2424,52,0.015163365999796952,0.007231871900000897
sample_df_home_dept92,2026-02-18,2026-02-19,1,52,gmm,12,63,3.7318,0.7855,3.0412,36.69265267224382,0.3412340482835676,42.41446290261377,1.1983630659707605,ok,2424,52,0.015163365999796952,0.007231871900000897
sample_df_home_dept92,2026-02-18,2026-02-19,1,52,gmm,13,63,2.116,0.7404,2.906,36.69265267224382,0.3412340482835676,29.713639701369413,0.8395185494966918,ok,2424,52,0.015163365999796952,0.007231871900000897
sample_df_home_dept92,2026-02-18,2026-02-19,1,52,gmm,14,63,2.7706,0.5664,3.4148,36.69265267224382,0.3412340482835676,21.024722657393745,0.5940249947936188,ok,2424,52,0.015163365999796952,0.007231871900000897
sample_df_home_dept92,2026-02-18,2026-02-19,1,52,gmm,15,63,2.4391,0.7116,2.5701,36.69265267224382,0.3412340482835676,28.802082267966444,0.813763731777807,ok,2424,52,0.015163365999796952,0.007231871900000897
sample_df_home_dept92,2026-02-18,2026-02-19,1,52,gmm,16,63,3.5757,0.5375,2.3907,36.69265267224382,0.3412340482835676,35.33000986084206,0.9982014633741082,ok,2424,52,0.015163365999796952,0.007231871900000897
sample_df_home_dept92,2026-02-18,2026-02-19,1,52,gmm,17,63,3.7329,0.7244,1.8682,36.69265267224382,0.3412340482835676,35.81981006734919,1.0120401032392572,ok,2424,52,0.015163365999796952,0.007231871900000897
sample_df_home_dept92,2026-02-18,2026-02-19,1,52,gmm,18,63,2.596,0.5103,1.9248,36.69265267224382,0.3412340482835676,27.814549302750883,0.7858623285545686,ok,2424,52,0.015163365999796952,0.007231871900000897
sample_df_home_dept92,2026-02-18,2026-02-19,1,52,gmm,19,63,2.6101,0.5902,1.932,36.69265267224382,0.3412340482835676,29.569198058517202,0.8354375469768753,ok,2424,52,0.015163365999796952,0.007231871900000897
sample_df_home_dept92,2026-02-18,2026-02-19,1,52,vae,0,63,3.431,1.1852,4.4726,48.82106318318886,0.37224648832734025,29.615140207759513,0.8367355800310652,ok,2424,52,13.9510378949999,0.00866330564999771
sample_df_home_dept92,2026-02-18,2026-02-19,1,52,vae,1,63,2.5134,0.3669,2.0684,48.82106318318886,0.37224648832734025,28.218151510152527,0.7972655609803786,ok,2424,52,13.9510378949999,0.00866330564999771
sample_df_home_dept92,2026-02-18,2026-02-19,1,52,vae,2,63,3.6577,0.746,2.25,48.82106318318886,0.37224648832734025,31.8163564813687,0.8989279573945065,ok,2424,52,13.9510378949999,0.00866330564999771
sample_df_home_dept92,2026-02-18,2026-02-19,1,52,vae,3,63,2.7704,0.5195,2.1354,48.82106318318886,0.37224648832734025,24.093730724509246,0.6807356511384121,ok,2424,52,13.9510378949999,0.00866330564999771
sample_df_home_dept92,2026-02-18,2026-02-19,1,52,vae,4,63,2.0171,0.6947,2.1479,48.82106318318886,0.37224648832734025,25.22428227241034,0.7126778502484532,ok,2424,52,13.9510378949999,0.00866330564999771
sample_df_home_dept92,2026-02-18,2026-02-19,1,52,vae,5,63,2.5036,0.6495,3.4497,48.82106318318886,0.37224648832734025,29.110998162688347,0.8224917309882657,ok,2424,52,13.9510378949999,0.00866330564999771
sample_df_home_dept92,2026-02-18,2026-02-19,1,52,vae,6,63,3.3093,0.5298,3.2452,48.82106318318886,0.37224648832734025,38.619818484315296,1.0911505396723131,ok,2424,52,13.9510378949999,0.00866330564999771
sample_df_home_dept92,2026-02-18,2026-02-19,1,52,vae,7,63,3.2853,0.4509,2.1684,48.82106318318886,0.37224648832734025,19.535248053786482,0.5519419120309608,ok,2424,52,13.9510378949999,0.00866330564999771
sample_df_home_dept92,2026-02-18,2026-02-19,1,52,vae,8,63,3.411,0.4907,2.1093,48.82106318318886,0.37224648832734025,33.26318979875861,0.9398062685063789,ok,2424,52,13.9510378949999,0.00866330564999771
sample_df_home_dept92,2026-02-18,2026-02-19,1,52,vae,9,63,2.709,0.3637,1.7014,48.82106318318886,0.37224648832734025,26.678526993845413,0.7537655605196432,ok,2424,52,13.9510378949999,0.00866330564999771
sample_df_home_dept92,2026-02-18,2026-02-19,1,52,vae,10,63,2.5768,0.7862,3.7787,48.82106318318886,0.37224648832734025,33.84389981724643,0.9562134416867357,ok,2424,52,13.9510378949999,0.00866330564999771
sample_df_home_dept92,2026-02-18,2026-02-19,1,52,vae,11,63,2.8344,0.7053,4.2068,48.82106318318886,0.37224648832734025,29.935586375894466,0.8457893514629115,ok,2424,52,13.9510378949999,0.00866330564999771
sample_df_home_dept92,2026-02-18,2026-02-19,1,52,vae,12,63,2.0805,0.3934,2.9869,48.82106318318886,0.37224648832734025,26.836708836039826,0.7582347737177035,ok,2424,52,13.9510378949999,0.00866330564999771
sample_df_home_dept92,2026-02-18,2026-02-19,1,52,vae,13,63,3.7066,0.7046,1.758,48.82106318318886,0.37224648832734025,32.38999702704151,0.915135392218236,ok,2424,52,13.9510378949999,0.00866330564999771
sample_df_home_dept92,2026-02-18,2026-02-19,1,52,vae,14,63,4.0649,0.8828,3.3713,48.82106318318886,0.37224648832734025,31.515755888647938,0.8904348957529483,ok,2424,52,13.9510378949999,0.00866330564999771
sample_df_home_dept92,2026-02-18,2026-02-19,1,52,vae,15,63,2.8739,0.5628,3.0392,48.82106318318886,0.37224648832734025,31.493500239461042,0.8898060926002122,ok,2424,52,13.9510378949999,0.00866330564999771
sample_df_home_dept92,2026-02-18,2026-02-19,1,52,vae,16,63,1.9576,0.5038,2.2513,48.82106318318886,0.37224648832734025,21.2638329682863,0.6007807320034554,ok,2424,52,13.9510378949999,0.00866330564999771
sample_df_home_dept92,2026-02-18,2026-02-19,1,52,vae,17,63,2.1686,0.3634,1.9868,48.82106318318886,0.37224648832734025,25.600519752639173,0.723307929459296,ok,2424,52,13.9510378949999,0.00866330564999771
sample_df_home_dept92,2026-02-18,2026-02-19,1,52,vae,18,63,2.7466,0.6595,1.8524,48.82106318318886,0.37224648832734025,27.155614503757295,0.7672450204016903,ok,2424,52,13.9510378949999,0.00866330564999771
sample_df_home_dept92,2026-02-18,2026-02-19,1,52,vae,19,63,3.3344,0.557,2.6758,48.82106318318886,0.37224648832734025,25.119691870308483,0.7097227904326145,ok,2424,52,13.9510378949999,0.00866330564999771
sample_df_home_dept92,2026-02-18,2026-02-20,2,52,persistence,0,48,1.3042,0.454,3.014,118.78053749999998,0.46660906250000045,11.553615976933575,0.6486437796854777,ok,2451,52,0.0005839509999532311,0.006612075700002151
sample_df_home_dept92,2026-02-18,2026-02-20,2,52,persistence,1,48,2.3569,0.3855,1.9816,118.78053749999998,0.46660906250000045,11.30450419386208,0.6346581314816355,ok,2451,52,0.0005839509999532311,0.006612075700002151
sample_df_home_dept92,2026-02-18,2026-02-20,2,52,persistence,2,48,1.3201,1.2956,4.5609,118.78053749999998,0.46660906250000045,17.544731357990972,0.9849973276188126,ok,2451,52,0.0005839509999532311,0.006612075700002151
sample_df_home_dept92,2026-02-18,2026-02-20,2,52,persistence,3,48,3.2122,0.6716,4.59,118.78053749999998,0.46660906250000045,15.118484380610438,0.8487828287986547,ok,2451,52,0.0005839509999532311,0.006612075700002151
sample_df_home_dept92,2026-02-18,2026-02-20,2,52,persistence,4,48,3.5333,0.485,3.1441,118.78053749999998,0.46660906250000045,12.398894741021099,0.6960994691873821,ok,2451,52,0.0005839509999532311,0.006612075700002151
sample_df_home_dept92,2026-02-18,2026-02-20,2,52,persistence,5,48,1.1767,1.5723,5.8186,118.78053749999998,0.46660906250000045,17.333902235929337,0.973160946794415,ok,2451,52,0.0005839509999532311,0.006612075700002151
sample_df_home_dept92,2026-02-18,2026-02-20,2,52,persistence,6,48,1.9302,0.601,2.7918,118.78053749999998,0.46660906250000045,15.036840304492044,0.8441991623319751,ok,2451,52,0.0005839509999532311,0.006612075700002151
sample_df_home_dept92,2026-02-18,2026-02-20,2,52,persistence,7,48,1.1816,0.6404,2.525,118.78053749999998,0.46660906250000045,13.134553738761605,0.7374008793958144,ok,2451,52,0.0005839509999532311,0.006612075700002151
sample_df_home_dept92,2026-02-18,2026-02-20,2,52,persistence,8,48,2.3361,0.8418,3.0035,118.78053749999998,0.46660906250000045,14.816343833239246,0.8318200366274107,ok,2451,52,0.0005839509999532311,0.006612075700002151
sample_df_home_dept92,2026-02-18,2026-02-20,2,52,persistence,9,48,1.9361,0.337,1.3772,118.78053749999998,0.46660906250000045,9.470921094289022,0.5317170025356012,ok,2451,52,0.0005839509999532311,0.006612075700002151
sample_df_home_dept92,2026-02-18,2026-02-20,2,52,persistence,10,48,1.4583,0.9315,6.0003,118.78053749999998,0.46660906250000045,17.537819498041028,0.9846092815757781,ok,2451,52,0.0005839509999532311,0.006612075700002151
sample_df_home_dept92,2026-02-18,2026-02-20,2,52,persistence,11,48,1.7198,1.2585,6.6885,118.78053749999998,0.46660906250000045,18.123657206631812,1.0174994162609938,ok,2451,52,0.0005839509999532311,0.006612075700002151
sample_df_home_dept92,2026-02-18,2026-02-20,2,52,persistence,12,48,1.6573,0.3959,0.8826,118.78053749999998,0.46660906250000045,9.820767090471072,0.5513580767866759,ok,2451,52,0.0005839509999532311,0.006612075700002151
sample_df_home_dept92,2026-02-18,2026-02-20,2,52,persistence,13,48,1.1681,0.4671,2.9928,118.78053749999998,0.46660906250000045,13.18771882739989,0.7403856768921566,ok,2451,52,0.0005839509999532311,0.006612075700002151
sample_df_home_dept92,2026-02-18,2026-02-20,2,52,persistence,14,48,1.6351,0.6351,4.2569,118.78053749999998,0.46660906250000045,11.868718759526809,0.6663342984199365,ok,2451,52,0.0005839509999532311,0.006612075700002151
sample_df_home_dept92,2026-02-18,2026-02-20,2,52,persistence,15,48,1.4271,0.4244,3.1179,118.78053749999998,0.46660906250000045,11.597894553288548,0.6511296700927166,ok,2451,52,0.0005839509999532311,0.006612075700002151
sample_df_home_dept92,2026-02-18,2026-02-20,2,52,persistence,16,48,4.0215,0.6601,2.8008,118.78053749999998,0.46660906250000045,19.125471056861148,1.073743307667058,ok,2451,52,0.0005839509999532311,0.006612075700002151
sample_df_home_dept92,2026-02-18,2026-02-20,2,52,persistence,17,48,1.1962,0.9312,2.8146,118.78053749999998,0.46660906250000045,10.1109169805706,0.5676476887804645,ok,2451,52,0.0005839509999532311,0.006612075700002151
sample_df_home_dept92,2026-02-18,2026-02-20,2,52,persistence,18,48,2.4007,0.9745,3.2791,118.78053749999998,0.46660906250000045,14.575658163201194,0.8183074477512267,ok,2451,52,0.0005839509999532311,0.006612075700002151
sample_df_home_dept92,2026-02-18,2026-02-20,2,52,persistence,19,48,1.226,0.5894,3.0583,118.78053749999998,0.46660906250000045,9.728926022955704,0.5462019302363275,ok,2451,52,0.0005839509999532311,0.006612075700002151
sample_df_home_dept92,2026-02-18,2026-02-20,2,52,gmm,0,48,3.5512,1.1814,4.6122,128.98660451252368,0.539156430443095,29.1373624803398,1.6358314978657953,ok,2451,52,0.013977224999962345,0.008506875000000491
sample_df_home_dept92,2026-02-18,2026-02-20,2,52,gmm,1,48,4.1043,1.5076,9.1982,128.98660451252368,0.539156430443095,32.26185418299181,1.811246892634872,ok,2451,52,0.013977224999962345,0.008506875000000491
sample_df_home_dept92,2026-02-18,2026-02-20,2,52,gmm,2,48,4.0956,1.2774,5.6212,128.98660451252368,0.539156430443095,28.311666802362684,1.5894752431224912,ok,2451,52,0.013977224999962345,0.008506875000000491
sample_df_home_dept92,2026-02-18,2026-02-20,2,52,gmm,3,48,3.1682,0.8765,3.4035,128.98660451252368,0.539156430443095,19.660170576632808,1.1037624391833842,ok,2451,52,0.013977224999962345,0.008506875000000491
sample_df_home_dept92,2026-02-18,2026-02-20,2,52,gmm,4,48,1.5079,1.0528,7.4819,128.98660451252368,0.539156430443095,21.534581847875952,1.2089957457162974,ok,2451,52,0.013977224999962345,0.008506875000000491
sample_df_home_dept92,2026-02-18,2026-02-20,2,52,gmm,5,48,2.6959,0.5405,2.101,128.98660451252368,0.539156430443095,23.520412312508867,1.3204843550803014,ok,2451,52,0.013977224999962345,0.008506875000000491
sample_df_home_dept92,2026-02-18,2026-02-20,2,52,gmm,6,48,2.6824,0.7058,1.5767,128.98660451252368,0.539156430443095,19.23336344814626,1.0798006085694074,ok,2451,52,0.013977224999962345,0.008506875000000491
sample_df_home_dept92,2026-02-18,2026-02-20,2,52,gmm,7,48,3.4086,0.9478,5.6616,128.98660451252368,0.539156430443095,23.717502178131806,1.3315493857711775,ok,2451,52,0.013977224999962345,0.008506875000000491
sample_df_home_dept92,2026-02-18,2026-02-20,2,52,gmm,8,48,4.1502,1.1117,6.2628,128.98660451252368,0.539156430443095,35.28032928526491,1.9807102972636779,ok,2451,52,0.013977224999962345,0.008506875000000491
sample_df_home_dept92,2026-02-18,2026-02-20,2,52,gmm,9,48,2.7084,0.5253,4.0872,128.98660451252368,0.539156430443095,24.718156322776846,1.3877281689189245,ok,2451,52,0.013977224999962345,0.008506875000000491
sample_df_home_dept92,2026-02-18,2026-02-20,2,52,gmm,10,48,3.0198,0.2749,1.2005,128.98660451252368,0.539156430443095,18.5744628761519,1.0428085743604967,ok,2451,52,0.013977224999962345,0.008506875000000491
sample_df_home_dept92,2026-02-18,2026-02-20,2,52,gmm,11,48,2.4872,0.8237,3.5522,128.98660451252368,0.539156430443095,20.322304460187112,1.1409359981578169,ok,2451,52,0.013977224999962345,0.008506875000000491
sample_df_home_dept92,2026-02-18,2026-02-20,2,52,gmm,12,48,4.6804,0.5564,3.476,128.98660451252368,0.539156430443095,31.133561273732436,1.7479022065456458,ok,2451,52,0.013977224999962345,0.008506875000000491
sample_df_home_dept92,2026-02-18,2026-02-20,2,52,gmm,13,48,2.2767,0.5839,1.5663,128.98660451252368,0.539156430443095,18.87439942508543,1.0596476295233546,ok,2451,52,0.013977224999962345,0.008506875000000491
sample_df_home_dept92,2026-02-18,2026-02-20,2,52,gmm,14,48,2.3751,0.5445,4.1258,128.98660451252368,0.539156430443095,14.577933375864037,0.8184351828727818,ok,2451,52,0.013977224999962345,0.008506875000000491
sample_df_home_dept92,2026-02-18,2026-02-20,2,52,gmm,15,48,3.0186,0.4454,1.7355,128.98660451252368,0.539156430443095,19.583634577240044,1.0994655506571218,ok,2451,52,0.013977224999962345,0.008506875000000491
sample_df_home_dept92,2026-02-18,2026-02-20,2,52,gmm,16,48,3.6357,0.7974,3.4942,128.98660451252368,0.539156430443095,24.100807026601462,1.3530689088520471,ok,2451,52,0.013977224999962345,0.008506875000000491
sample_df_home_dept92,2026-02-18,2026-02-20,2,52,gmm,17,48,3.4658,0.3116,2.3,128.98660451252368,0.539156430443095,25.461583148963296,1.4294656810034436,ok,2451,52,0.013977224999962345,0.008506875000000491
sample_df_home_dept92,2026-02-18,2026-02-20,2,52,gmm,18,48,2.6381,1.6097,6.729,128.98660451252368,0.539156430443095,24.020461467262507,1.34855814378987,ok,2451,52,0.013977224999962345,0.008506875000000491
sample_df_home_dept92,2026-02-18,2026-02-20,2,52,gmm,19,48,2.7269,0.5778,7.1146,128.98660451252368,0.539156430443095,26.224290998156246,1.4722856694022273,ok,2451,52,0.013977224999962345,0.008506875000000491
sample_df_home_dept92,2026-02-18,2026-02-20,2,52,vae,0,48,3.8768,0.3635,2.6283,91.17946747194449,0.3892787966999719,28.096521641356173,1.5773965509887977,ok,2451,52,13.898778672999924,0.007734733300003427
sample_df_home_dept92,2026-02-18,2026-02-20,2,52,vae,1,48,4.0594,0.3989,1.4201,91.17946747194449,0.3892787966999719,18.34558156602633,1.0299587065446012,ok,2451,52,13.898778672999924,0.007734733300003427
sample_df_home_dept92,2026-02-18,2026-02-20,2,52,vae,2,48,3.5486,0.7049,3.7714,91.17946747194449,0.3892787966999719,21.393166613741737,1.2010564034223303,ok,2451,52,13.898778672999924,0.007734733300003427
sample_df_home_dept92,2026-02-18,2026-02-20,2,52,vae,3,48,3.8878,0.6962,4.3969,91.17946747194449,0.3892787966999719,25.984069365336993,1.4587991325305514,ok,2451,52,13.898778672999924,0.007734733300003427
sample_df_home_dept92,2026-02-18,2026-02-20,2,52,vae,4,48,4.1,0.4144,1.2459,91.17946747194449,0.3892787966999719,24.471776496643326,1.3738958984002785,ok,2451,52,13.898778672999924,0.007734733300003427
sample_df_home_dept92,2026-02-18,2026-02-20,2,52,vae,5,48,3.708,0.8607,4.0869,91.17946747194449,0.3892787966999719,27.349978875345446,1.5354841036295623,ok,2451,52,13.898778672999924,0.007734733300003427
sample_df_home_dept92,2026-02-18,2026-02-20,2,52,vae,6,48,3.9703,0.4917,2.3714,91.17946747194449,0.3892787966999719,22.278565195602244,1.2507645020654519,ok,2451,52,13.898778672999924,0.007734733300003427
sample_df_home_dept92,2026-02-18,2026-02-20,2,52,vae,7,48,2.9432,1.1314,5.017,91.17946747194449,0.3892787966999719,23.18246509086274,1.3015113025207918,ok,2451,52,13.898778672999924,0.007734733300003427
sample_df_home_dept92,2026-02-18,2026-02-20,2,52,vae,8,48,3.2806,0.4423,1.8967,91.17946747194449,0.3892787966999719,22.20582043044732,1.246680461232121,ok,2451,52,13.898778672999924,0.007734733300003427
sample_df_home_dept92,2026-02-18,2026-02-20,2,52,vae,9,48,4.0222,0.8679,4.4569,91.17946747194449,0.3892787966999719,23.503433735962773,1.3195311428490377,ok,2451,52,13.898778672999924,0.007734733300003427
sample_df_home_dept92,2026-02-18,2026-02-20,2,52,vae,10,48,2.086,0.3656,0.7963,91.17946747194449,0.3892787966999719,16.691787634187964,0.9371113115030659,ok,2451,52,13.898778672999924,0.007734733300003427
sample_df_home_dept92,2026-02-18,2026-02-20,2,52,vae,11,48,3.7975,0.5658,5.9749,91.17946747194449,0.3892787966999719,22.619362664109808,1.2698975733499156,ok,2451,52,13.898778672999924,0.007734733300003427
sample_df_home_dept92,2026-02-18,2026-02-20,2,52,vae,12,48,2.9648,0.5436,3.2156,91.17946747194449,0.3892787966999719,15.125520323363311,0.849177841105623,ok,2451,52,13.898778672999924,0.007734733300003427
sample_df_home_dept92,2026-02-18,2026-02-20,2,52,vae,13,48,2.7837,0.9181,2.0458,91.17946747194449,0.3892787966999719,20.74986142033209,1.1649399258643425,ok,2451,52,13.898778672999924,0.007734733300003427
sample_df_home_dept92,2026-02-18,2026-02-20,2,52,vae,14,48,2.3523,0.6635,1.3922,91.17946747194449,0.3892787966999719,15.67480212797625,0.8800156521050465,ok,2451,52,13.898778672999924,0.007734733300003427
sample_df_home_dept92,2026-02-18,2026-02-20,2,52,vae,15,48,3.363,0.3505,2.6696,91.17946747194449,0.3892787966999719,24.4493963641533,1.3726394317012662,ok,2451,52,13.898778672999924,0.007734733300003427
sample_df_home_dept92,2026-02-18,2026-02-20,2,52,vae,16,48,1.7668,0.9247,3.7268,91.17946747194449,0.3892787966999719,16.09470917135815,0.903590097740038,ok,2451,52,13.898778672999924,0.007734733300003427
sample_df_home_dept92,2026-02-18,2026-02-20,2,52,vae,17,48,2.0576,0.3662,2.9383,91.17946747194449,0.3892787966999719,19.35216887268696,1.0864705896190692,ok,2451,52,13.898778672999924,0.007734733300003427
sample_df_home_dept92,2026-02-18,2026-02-20,2,52,vae,18,48,3.8714,1.037,3.4171,91.17946747194449,0.3892787966999719,22.791419800466343,1.2795572150993884,ok,2451,52,13.898778672999924,0.007734733300003427
sample_df_home_dept92,2026-02-18,2026-02-20,2,52,vae,19,48,3.8925,0.6428,2.9922,91.17946747194449,0.3892787966999719,24.91233442084186,1.3986297269863286,ok,2451,52,13.898778672999924,0.007734733300003427
sample_df_home_dept92,2026-02-18,2026-02-21,3,52,persistence,0,45,2.4126,0.3368,2.4808,56.010475000000106,0.14827781481481467,12.842270480854294,0.48993781728897356,ok,2361,52,0.0006468849999237136,0.006554467299997669
sample_df_home_dept92,2026-02-18,2026-02-21,3,52,persistence,1,45,4.2996,0.6204,2.9176,56.010475000000106,0.14827781481481467,13.583600385804855,0.5182198532470231,ok,2361,52,0.0006468849999237136,0.006554467299997669
sample_df_home_dept92,2026-02-18,2026-02-21,3,52,persistence,2,45,5.3841,0.3175,2.4044,56.010475000000106,0.14827781481481467,16.995574699792687,0.6483880544645106,ok,2361,52,0.0006468849999237136,0.006554467299997669
sample_df_home_dept92,2026-02-18,2026-02-21,3,52,persistence,3,45,2.0448,0.3849,2.3605,56.010475000000106,0.14827781481481467,8.887449016169347,0.33905977753237515,ok,2361,52,0.0006468849999237136,0.006554467299997669
sample_df_home_dept92,2026-02-18,2026-02-21,3,52,persistence,4,45,4.1837,0.3577,1.4208,56.010475000000106,0.14827781481481467,13.719094960929622,0.5233890261351112,ok,2361,52,0.0006468849999237136,0.006554467299997669
sample_df_home_dept92,2026-02-18,2026-02-21,3,52,persistence,5,45,1.3459,0.6946,1.9882,56.010475000000106,0.14827781481481467,10.235798233160914,0.39049984596116283,ok,2361,52,0.0006468849999237136,0.006554467299997669
sample_df_home_dept92,2026-02-18,2026-02-21,3,52,persistence,6,45,4.8296,0.6766,2.4432,56.010475000000106,0.14827781481481467,12.688536623061392,0.4840728083839861,ok,2361,52,0.0006468849999237136,0.006554467299997669
sample_df_home_dept92,2026-02-18,2026-02-21,3,52,persistence,7,45,3.7152,0.3464,3.0096,56.010475000000106,0.14827781481481467,12.60022223302198,0.4807035786550513,ok,2361,52,0.0006468849999237136,0.006554467299997669
sample_df_home_dept92,2026-02-18,2026-02-21,3,52,persistence,8,45,2.0111,1.0873,3.5177,56.010475000000106,0.14827781481481467,11.211416772337476,0.42772008815302676,ok,2361,52,0.0006468849999237136,0.006554467299997669
sample_df_home_dept92,2026-02-18,2026-02-21,3,52,persistence,9,45,1.3248,0.6704,2.3794,56.010475000000106,0.14827781481481467,17.906161382697398,0.6831273050152484,ok,2361,52,0.0006468849999237136,0.006554467299997669
sample_df_home_dept92,2026-02-18,2026-02-21,3,52,persistence,10,45,3.3844,0.5437,2.1184,56.010475000000106,0.14827781481481467,14.627203383075166,0.5580337300347074,ok,2361,52,0.0006468849999237136,0.006554467299997669
sample_df_home_dept92,2026-02-18,2026-02-21,3,52,persistence,11,45,1.9537,0.8013,3.1484,56.010475000000106,0.14827781481481467,15.19247721432837,0.579599155515167,ok,2361,52,0.0006468849999237136,0.006554467299997669
sample_df_home_dept92,2026-02-18,2026-02-21,3,52,persistence,12,45,2.1907,0.7193,2.7316,56.010475000000106,0.14827781481481467,14.002646494327506,0.5342066319135451,ok,2361,52,0.0006468849999237136,0.006554467299997669
sample_df_home_dept92,2026-02-18,2026-02-21,3,52,persistence,13,45,2.2815,0.5456,2.1766,56.010475000000106,0.14827781481481467,11.443108358711653,0.4365592159600306,ok,2361,52,0.0006468849999237136,0.006554467299997669
sample_df_home_dept92,2026-02-18,2026-02-21,3,52,persistence,14,45,1.1237,0.6911,5.0049,56.010475000000106,0.14827781481481467,18.8180060067056,0.7179145465282883,ok,2361,52,0.0006468849999237136,0.006554467299997669
sample_df_home_dept92,2026-02-18,2026-02-21,3,52,persistence,15,45,3.4667,0.8528,5.0304,56.010475000000106,0.14827781481481467,20.3464750264605,0.7762262583434968,ok,2361,52,0.0006468849999237136,0.006554467299997669
sample_df_home_dept92,2026-02-18,2026-02-21,3,52,persistence,16,45,2.9396,0.7151,3.4876,56.010475000000106,0.14827781481481467,19.53759844645889,0.7453672893899169,ok,2361,52,0.0006468849999237136,0.006554467299997669
sample_df_home_dept92,2026-02-18,2026-02-21,3,52,persistence,17,45,2.203,0.4306,1.4218,56.010475000000106,0.14827781481481467,11.05317671761458,0.42168316601108896,ok,2361,52,0.0006468849999237136,0.006554467299997669
sample_df_home_dept92,2026-02-18,2026-02-21,3,52,persistence,18,45,4.6319,0.5834,3.5403,56.010475000000106,0.14827781481481467,14.589535943666187,0.5565967019737883,ok,2361,52,0.0006468849999237136,0.006554467299997669
sample_df_home_dept92,2026-02-18,2026-02-21,3,52,persistence,19,45,1.8019,1.5672,2.0747,56.010475000000106,0.14827781481481467,10.291715064701348,0.39263309571909916,ok,2361,52,0.0006468849999237136,0.006554467299997669
sample_df_home_dept92,2026-02-18,2026-02-21,3,52,gmm,0,45,3.7616,0.66,1.6085,45.14023288759523,0.15970271635253375,34.11738164101856,1.3015919200374597,ok,2361,52,0.013981957999931183,0.0073063195000031556
sample_df_home_dept92,2026-02-18,2026-02-21,3,52,gmm,1,45,1.5742,0.7565,4.7101,45.14023288759523,0.15970271635253375,36.33873384771074,1.3863374059076823,ok,2361,52,0.013981957999931183,0.0073063195000031556
sample_df_home_dept92,2026-02-18,2026-02-21,3,52,gmm,2,45,2.573,0.5845,2.4142,45.14023288759523,0.15970271635253375,34.87935076795505,1.3306613506688583,ok,2361,52,0.013981957999931183,0.0073063195000031556
sample_df_home_dept92,2026-02-18,2026-02-21,3,52,gmm,3,45,2.3718,1.0091,5.7358,45.14023288759523,0.15970271635253375,28.036488641865986,1.0696033906248301,ok,2361,52,0.013981957999931183,0.0073063195000031556
sample_df_home_dept92,2026-02-18,2026-02-21,3,52,gmm,4,45,3.7958,0.8067,5.3834,45.14023288759523,0.15970271635253375,26.78073011657875,1.0216956945645053,ok,2361,52,0.013981957999931183,0.0073063195000031556
sample_df_home_dept92,2026-02-18,2026-02-21,3,52,gmm,5,45,5.0664,0.4677,3.4957,45.14023288759523,0.15970271635253375,29.040835446893325,1.1079196277878645,ok,2361,52,0.013981957999931183,0.0073063195000031556
sample_df_home_dept92,2026-02-18,2026-02-21,3,52,gmm,6,45,2.6705,0.7322,4.4141,45.14023288759523,0.15970271635253375,28.724598841330394,1.0958550732756884,ok,2361,52,0.013981957999931183,0.0073063195000031556
sample_df_home_dept92,2026-02-18,2026-02-21,3,52,gmm,7,45,3.6433,0.3536,1.8747,45.14023288759523,0.15970271635253375,30.734868690623564,1.1725476817667542,ok,2361,52,0.013981957999931183,0.0073063195000031556
sample_df_home_dept92,2026-02-18,2026-02-21,3,52,gmm,8,45,2.5724,0.4184,3.9359,45.14023288759523,0.15970271635253375,42.05848130747415,1.6045480868039017,ok,2361,52,0.013981957999931183,0.0073063195000031556
sample_df_home_dept92,2026-02-18,2026-02-21,3,52,gmm,9,45,2.8629,0.5362,2.4,45.14023288759523,0.15970271635253375,30.53404153716847,1.1648860445692792,ok,2361,52,0.013981957999931183,0.0073063195000031556
sample_df_home_dept92,2026-02-18,2026-02-21,3,52,gmm,10,45,2.4687,0.713,5.7886,45.14023288759523,0.15970271635253375,27.697817112725208,1.0566829346966884,ok,2361,52,0.013981957999931183,0.0073063195000031556
sample_df_home_dept92,2026-02-18,2026-02-21,3,52,gmm,11,45,3.48,0.3886,3.7232,45.14023288759523,0.15970271635253375,29.413703480623138,1.1221446942085387,ok,2361,52,0.013981957999931183,0.0073063195000031556
sample_df_home_dept92,2026-02-18,2026-02-21,3,52,gmm,12,45,2.234,0.8054,3.8855,45.14023288759523,0.15970271635253375,37.1738958838751,1.418199175654005,ok,2361,52,0.013981957999931183,0.0073063195000031556
sample_df_home_dept92,2026-02-18,2026-02-21,3,52,gmm,13,45,3.0941,0.713,4.093,45.14023288759523,0.15970271635253375,25.334242781768367,0.9665116172154351,ok,2361,52,0.013981957999931183,0.0073063195000031556
sample_df_home_dept92,2026-02-18,2026-02-21,3,52,gmm,14,45,2.09,0.4909,4.6753,45.14023288759523,0.15970271635253375,22.743915769081262,0.8676895931385707,ok,2361,52,0.013981957999931183,0.0073063195000031556
sample_df_home_dept92,2026-02-18,2026-02-21,3,52,gmm,15,45,2.1248,0.5592,3.6356,45.14023288759523,0.15970271635253375,25.334462374463936,0.9665199947656604,ok,2361,52,0.013981957999931183,0.0073063195000031556
sample_df_home_dept92,2026-02-18,2026-02-21,3,52,gmm,16,45,1.9533,0.5619,2.9164,45.14023288759523,0.15970271635253375,29.387359297488384,1.1211396529580413,ok,2361,52,0.013981957999931183,0.0073063195000031556
sample_df_home_dept92,2026-02-18,2026-02-21,3,52,gmm,17,45,2.5392,0.6891,2.8454,45.14023288759523,0.15970271635253375,32.17454606956074,1.227471956542648,ok,2361,52,0.013981957999931183,0.0073063195000031556
sample_df_home_dept92,2026-02-18,2026-02-21,3,52,gmm,18,45,3.2475,0.8858,1.9561,45.14023288759523,0.15970271635253375,23.97549012027324,0.9146746531676087,ok,2361,52,0.013981957999931183,0.0073063195000031556
sample_df_home_dept92,2026-02-18,2026-02-21,3,52,gmm,19,45,3.193,0.4116,2.547,45.14023288759523,0.15970271635253375,28.259562343331517,1.078113742634121,ok,2361,52,0.013981957999931183,0.0073063195000031556
sample_df_home_dept92,2026-02-18,2026-02-21,3,52,vae,0,45,3.114,0.5966,1.7245,64.06295662539844,0.1773677807264692,32.40115289948127,1.236117098832678,ok,2361,52,13.521352737999905,0.00841733849999855
sample_df_home_dept92,2026-02-18,2026-02-21,3,52,vae,1,45,1.5475,0.6492,4.0102,64.06295662539844,0.1773677807264692,29.742897819626375,1.1347035914966452,ok,2361,52,13.521352737999905,0.00841733849999855
sample_df_home_dept92,2026-02-18,2026-02-21,3,52,vae,2,45,2.3703,0.4138,2.5909,64.06295662539844,0.1773677807264692,31.73007111749965,1.21051505720175,ok,2361,52,13.521352737999905,0.00841733849999855
sample_df_home_dept92,2026-02-18,2026-02-21,3,52,vae,3,45,3.098,0.4223,2.3566,64.06295662539844,0.1773677807264692,32.55848924442622,1.2421195440807729,ok,2361,52,13.521352737999905,0.00841733849999855
sample_df_home_dept92,2026-02-18,2026-02-21,3,52,vae,4,45,2.7727,0.6858,2.7573,64.06295662539844,0.1773677807264692,32.582268438075005,1.243026729944094,ok,2361,52,13.521352737999905,0.00841733849999855
sample_df_home_dept92,2026-02-18,2026-02-21,3,52,vae,5,45,2.5111,0.7255,1.6704,64.06295662539844,0.1773677807264692,30.8745430306954,1.177876314379507,ok,2361,52,13.521352737999905,0.00841733849999855
sample_df_home_dept92,2026-02-18,2026-02-21,3,52,vae,6,45,1.7241,0.8755,2.4287,64.06295662539844,0.1773677807264692,27.62859642431225,1.0540421374137745,ok,2361,52,13.521352737999905,0.00841733849999855
sample_df_home_dept92,2026-02-18,2026-02-21,3,52,vae,7,45,2.9233,0.7409,3.8606,64.06295662539844,0.1773677807264692,34.84289240523789,1.3292704493731562,ok,2361,52,13.521352737999905,0.00841733849999855
sample_df_home_dept92,2026-02-18,2026-02-21,3,52,vae,8,45,3.1907,0.6266,3.3254,64.06295662539844,0.1773677807264692,33.925685347255204,1.2942786288333208,ok,2361,52,13.521352737999905,0.00841733849999855
sample_df_home_dept92,2026-02-18,2026-02-21,3,52,vae,9,45,1.5956,0.6085,1.3278,64.06295662539844,0.1773677807264692,30.25415702138607,1.1542083369972544,ok,2361,52,13.521352737999905,0.00841733849999855
sample_df_home_dept92,2026-02-18,2026-02-21,3,52,vae,10,45,4.2987,0.5944,2.0395,64.06295662539844,0.1773677807264692,29.08973947438316,1.1097853362325456,ok,2361,52,13.521352737999905,0.00841733849999855
sample_df_home_dept92,2026-02-18,2026-02-21,3,52,vae,11,45,3.0681,0.8251,3.1847,64.06295662539844,0.1773677807264692,29.3890403110073,1.1212037843042484,ok,2361,52,13.521352737999905,0.00841733849999855
sample_df_home_dept92,2026-02-18,2026-02-21,3,52,vae,12,45,2.3715,0.8538,4.1106,64.06295662539844,0.1773677807264692,27.70828535160815,1.0570823022475289,ok,2361,52,13.521352737999905,0.00841733849999855
sample_df_home_dept92,2026-02-18,2026-02-21,3,52,vae,13,45,2.2652,0.2798,2.634,64.06295662539844,0.1773677807264692,25.087597774006415,0.957102010329467,ok,2361,52,13.521352737999905,0.00841733849999855
sample_df_home_dept92,2026-02-18,2026-02-21,3,52,vae,14,45,2.7832,1.0609,4.5302,64.06295662539844,0.1773677807264692,31.28311897404078,1.19346365200628,ok,2361,52,13.521352737999905,0.00841733849999855
sample_df_home_dept92,2026-02-18,2026-02-21,3,52,vae,15,45,2.4494,0.3368,3.1835,64.06295662539844,0.1773677807264692,26.699446326041727,1.018594685052515,ok,2361,52,13.521352737999905,0.00841733849999855
sample_df_home_dept92,2026-02-18,2026-02-21,3,52,vae,16,45,1.6205,0.9773,6.2325,64.06295662539844,0.1773677807264692,25.923728815663594,0.9890007480275864,ok,2361,52,13.521352737999905,0.00841733849999855
sample_df_home_dept92,2026-02-18,2026-02-21,3,52,vae,17,45,5.0315,0.4323,2.0846,64.06295662539844,0.1773677807264692,26.193608901362907,0.9992967825422314,ok,2361,52,13.521352737999905,0.00841733849999855
sample_df_home_dept92,2026-02-18,2026-02-21,3,52,vae,18,45,3.0877,0.5643,2.7519,64.06295662539844,0.1773677807264692,31.579869353931773,1.2047847991212095,ok,2361,52,13.521352737999905,0.00841733849999855
sample_df_home_dept92,2026-02-18,2026-02-21,3,52,vae,19,45,2.1813,0.5415,1.8406,64.06295662539844,0.1773677807264692,31.914110466584816,1.2175362328669483,ok,2361,52,13.521352737999905,0.00841733849999855
sample_df_home_dept92,2026-02-23,2026-02-24,1,52,persistence,0,31,1.5763,0.7812,2.851,14.625729999999997,0.1573779032258067,6.8975839277984905,0.4707525416095475,ok,2392,52,0.0005534389999866107,0.006502492700008133
sample_df_home_dept92,2026-02-23,2026-02-24,1,52,persistence,1,31,1.0651,0.8852,4.8022,14.625729999999997,0.1573779032258067,12.597310550438625,0.859752635290732,ok,2392,52,0.0005534389999866107,0.006502492700008133
sample_df_home_dept92,2026-02-23,2026-02-24,1,52,persistence,2,31,1.3129,0.4648,1.3763,14.625729999999997,0.1573779032258067,9.741393500559797,0.6648394274299032,ok,2392,52,0.0005534389999866107,0.006502492700008133
sample_df_home_dept92,2026-02-23,2026-02-24,1,52,persistence,3,31,1.1183,0.2788,1.0803,14.625729999999997,0.1573779032258067,7.194041862768922,0.49098547067985626,ok,2392,52,0.0005534389999866107,0.006502492700008133
sample_df_home_dept92,2026-02-23,2026-02-24,1,52,persistence,4,31,1.6059,0.4365,1.1837,14.625729999999997,0.1573779032258067,9.91742409990428,0.6768533228619689,ok,2392,52,0.0005534389999866107,0.006502492700008133
sample_df_home_dept92,2026-02-23,2026-02-24,1,52,persistence,5,31,4.7919,0.4483,2.0575,14.625729999999997,0.1573779032258067,10.569012894380641,0.7213235437820569,ok,2392,52,0.0005534389999866107,0.006502492700008133
sample_df_home_dept92,2026-02-23,2026-02-24,1,52,persistence,6,31,0.8075,0.8294,2.9498,14.625729999999997,0.1573779032258067,9.124738175314606,0.6227533774890961,ok,2392,52,0.0005534389999866107,0.006502492700008133
sample_df_home_dept92,2026-02-23,2026-02-24,1,52,persistence,7,31,1.9839,0.4071,2.3333,14.625729999999997,0.1573779032258067,6.456194185845347,0.44062817559387457,ok,2392,52,0.0005534389999866107,0.006502492700008133
sample_df_home_dept92,2026-02-23,2026-02-24,1,52,persistence,8,31,0.9151,0.5457,2.236,14.625729999999997,0.1573779032258067,6.916815665957766,0.4720650866561632,ok,2392,52,0.0005534389999866107,0.006502492700008133
sample_df_home_dept92,2026-02-23,2026-02-24,1,52,persistence,9,31,2.457,0.8573,4.0084,14.625729999999997,0.1573779032258067,9.690593433746882,0.6613723785593942,ok,2392,52,0.0005534389999866107,0.006502492700008133
sample_df_home_dept92,2026-02-23,2026-02-24,1,52,persistence,10,31,2.2973,0.7228,1.9564,14.625729999999997,0.1573779032258067,8.075789008772945,0.5511637467810709,ok,2392,52,0.0005534389999866107,0.006502492700008133
sample_df_home_dept92,2026-02-23,2026-02-24,1,52,persistence,11,31,1.4226,0.3477,3.0546,14.625729999999997,0.1573779032258067,10.542812063697909,0.7195353658105691,ok,2392,52,0.0005534389999866107,0.006502492700008133
sample_df_home_dept92,2026-02-23,2026-02-24,1,52,persistence,12,31,1.7328,0.3855,1.3805,14.625729999999997,0.1573779032258067,9.563103232292434,0.6526713120710086,ok,2392,52,0.0005534389999866107,0.006502492700008133
sample_df_home_dept92,2026-02-23,2026-02-24,1,52,persistence,13,31,1.3618,0.2574,1.7313,14.625729999999997,0.1573779032258067,6.429397548938494,0.4387993345007419,ok,2392,52,0.0005534389999866107,0.006502492700008133
sample_df_home_dept92,2026-02-23,2026-02-24,1,52,persistence,14,31,1.9608,0.5533,3.7536,14.625729999999997,0.1573779032258067,9.327073980449702,0.6365625743793414,ok,2392,52,0.0005534389999866107,0.006502492700008133
sample_df_home_dept92,2026-02-23,2026-02-24,1,52,persistence,15,31,3.3978,0.9385,2.1331,14.625729999999997,0.1573779032258067,9.299913212228427,0.6347088817231776,ok,2392,52,0.0005534389999866107,0.006502492700008133
sample_df_home_dept92,2026-02-23,2026-02-24,1,52,persistence,16,31,4.2242,0.3014,1.77,14.625729999999997,0.1573779032258067,7.6139189271097125,0.5196416200317162,ok,2392,52,0.0005534389999866107,0.006502492700008133
sample_df_home_dept92,2026-02-23,2026-02-24,1,52,persistence,17,31,4.4086,0.3021,1.1994,14.625729999999997,0.1573779032258067,6.379977168391393,0.43542644770539635,ok,2392,52,0.0005534389999866107,0.006502492700008133
sample_df_home_dept92,2026-02-23,2026-02-24,1,52,persistence,18,31,2.8495,0.5018,2.1241,14.625729999999997,0.1573779032258067,7.46070798461706,0.5091851411637845,ok,2392,52,0.0005534389999866107,0.006502492700008133
sample_df_home_dept92,2026-02-23,2026-02-24,1,52,persistence,19,31,1.5231,0.677,3.413,14.625729999999997,0.1573779032258067,7.911092238316499,0.5399233727459264,ok,2392,52,0.0005534389999866107,0.006502492700008133
sample_df_home_dept92,2026-02-23,2026-02-24,1,52,gmm,0,31,3.249,0.7101,3.1785,28.45024337741672,0.12321207640371856,15.652074589477586,1.0682369321761225,ok,2392,52,0.01401009400001385,0.007040832300003785
sample_df_home_dept92,2026-02-23,2026-02-24,1,52,gmm,1,31,3.3323,0.7134,2.2723,28.45024337741672,0.12321207640371856,15.920525601312573,1.086558419444971,ok,2392,52,0.01401009400001385,0.007040832300003785
sample_df_home_dept92,2026-02-23,2026-02-24,1,52,gmm,2,31,4.8768,0.9544,3.9957,28.45024337741672,0.12321207640371856,21.227211590579834,1.4487339207684717,ok,2392,52,0.01401009400001385,0.007040832300003785
sample_df_home_dept92,2026-02-23,2026-02-24,1,52,gmm,3,31,1.9227,0.9309,5.7331,28.45024337741672,0.12321207640371856,11.171768934042415,0.7624609827188601,ok,2392,52,0.01401009400001385,0.007040832300003785
sample_df_home_dept92,2026-02-23,2026-02-24,1,52,gmm,4,31,1.9966,0.4625,2.9053,28.45024337741672,0.12321207640371856,13.20468525938371,0.9012052933429141,ok,2392,52,0.01401009400001385,0.007040832300003785
sample_df_home_dept92,2026-02-23,2026-02-24,1,52,gmm,5,31,3.5019,0.358,1.3706,28.45024337741672,0.12321207640371856,15.373439800720526,1.0492204132962875,ok,2392,52,0.01401009400001385,0.007040832300003785
sample_df_home_dept92,2026-02-23,2026-02-24,1,52,gmm,6,31,2.5971,0.4261,3.462,28.45024337741672,0.12321207640371856,12.346070465769378,0.8426057749335003,ok,2392,52,0.01401009400001385,0.007040832300003785
sample_df_home_dept92,2026-02-23,2026-02-24,1,52,gmm,7,31,3.029,0.9103,6.1732,28.45024337741672,0.12321207640371856,15.60974588362062,1.0653480444041443,ok,2392,52,0.01401009400001385,0.007040832300003785
sample_df_home_dept92,2026-02-23,2026-02-24,1,52,gmm,8,31,4.2586,0.7881,5.721,28.45024337741672,0.12321207640371856,24.987540306303625,1.7053722333637245,ok,2392,52,0.01401009400001385,0.007040832300003785
sample_df_home_dept92,2026-02-23,2026-02-24,1,52,gmm,9,31,2.6259,0.3508,2.2692,28.45024337741672,0.12321207640371856,12.922612480747642,0.8819541354227265,ok,2392,52,0.01401009400001385,0.007040832300003785
sample_df_home_dept92,2026-02-23,2026-02-24,1,52,gmm,10,31,2.8988,0.3308,2.9197,28.45024337741672,0.12321207640371856,14.4455521413605,0.9858930977399718,ok,2392,52,0.01401009400001385,0.007040832300003785
sample_df_home_dept92,2026-02-23,2026-02-24,1,52,gmm,11,31,2.8966,0.4956,2.1622,28.45024337741672,0.12321207640371856,13.321886254594327,0.9092041327846802,ok,2392,52,0.01401009400001385,0.007040832300003785
sample_df_home_dept92,2026-02-23,2026-02-24,1,52,gmm,12,31,5.0661,0.388,4.1403,28.45024337741672,0.12321207640371856,24.235624469112572,1.65405480176168,ok,2392,52,0.01401009400001385,0.007040832300003785
sample_df_home_dept92,2026-02-23,2026-02-24,1,52,gmm,13,31,1.8463,0.286,3.3462,28.45024337741672,0.12321207640371856,12.093832903929352,0.8253908378528454,ok,2392,52,0.01401009400001385,0.007040832300003785
sample_df_home_dept92,2026-02-23,2026-02-24,1,52,gmm,14,31,2.5786,0.4464,5.2018,28.45024337741672,0.12321207640371856,9.455487927529413,0.6453266854939969,ok,2392,52,0.01401009400001385,0.007040832300003785
sample_df_home_dept92,2026-02-23,2026-02-24,1,52,gmm,15,31,4.2699,0.3308,2.2346,28.45024337741672,0.12321207640371856,17.538737772551887,1.1969996261701712,ok,2392,52,0.01401009400001385,0.007040832300003785
sample_df_home_dept92,2026-02-23,2026-02-24,1,52,gmm,16,31,3.4807,0.502,3.5202,28.45024337741672,0.12321207640371856,17.271586825682263,1.1787668669100149,ok,2392,52,0.01401009400001385,0.007040832300003785
sample_df_home_dept92,2026-02-23,2026-02-24,1,52,gmm,17,31,3.8744,0.3377,1.8668,28.45024337741672,0.12321207640371856,17.783076706063195,1.2136754905262468,ok,2392,52,0.01401009400001385,0.007040832300003785
sample_df_home_dept92,2026-02-23,2026-02-24,1,52,gmm,18,31,2.8756,1.0342,5.0057,28.45024337741672,0.12321207640371856,14.551358399067544,0.9931142588385775,ok,2392,52,0.01401009400001385,0.007040832300003785
sample_df_home_dept92,2026-02-23,2026-02-24,1,52,gmm,19,31,2.8249,0.4241,4.2686,28.45024337741672,0.12321207640371856,18.36228969039689,1.2532061417459361,ok,2392,52,0.01401009400001385,0.007040832300003785
sample_df_home_dept92,2026-02-23,2026-02-24,1,52,vae,0,31,3.4676,0.5419,2.3041,17.51643821676211,0.159114379589858,13.584013389391357,0.9270940223782259,ok,2392,52,14.595371375000013,0.008050505300002442
sample_df_home_dept92,2026-02-23,2026-02-24,1,52,vae,1,31,3.3093,0.5191,2.9308,17.51643821676211,0.159114379589858,15.464416322514236,1.0554294611758768,ok,2392,52,14.595371375000013,0.008050505300002442
sample_df_home_dept92,2026-02-23,2026-02-24,1,52,vae,2,31,2.8322,0.3867,1.1818,17.51643821676211,0.159114379589858,10.990898149130409,0.7501167499278548,ok,2392,52,14.595371375000013,0.008050505300002442
sample_df_home_dept92,2026-02-23,2026-02-24,1,52,vae,3,31,4.9096,0.8474,3.0674,17.51643821676211,0.159114379589858,17.692672795977625,1.2075055227680138,ok,2392,52,14.595371375000013,0.008050505300002442
sample_df_home_dept92,2026-02-23,2026-02-24,1,52,vae,4,31,3.9076,0.4862,2.666,17.51643821676211,0.159114379589858,17.57628413379146,1.1995621241646481,ok,2392,52,14.595371375000013,0.008050505300002442
sample_df_home_dept92,2026-02-23,2026-02-24,1,52,vae,5,31,2.8521,0.4374,2.3344,17.51643821676211,0.159114379589858,12.520806249564309,0.854531300623748,ok,2392,52,14.595371375000013,0.008050505300002442
sample_df_home_dept92,2026-02-23,2026-02-24,1,52,vae,6,31,3.8919,0.4951,2.0331,17.51643821676211,0.159114379589858,12.840695193665603,0.8763633703810408,ok,2392,52,14.595371375000013,0.008050505300002442
sample_df_home_dept92,2026-02-23,2026-02-24,1,52,vae,7,31,3.1419,0.6267,1.6388,17.51643821676211,0.159114379589858,13.785549704571661,0.9408486549554959,ok,2392,52,14.595371375000013,0.008050505300002442
sample_df_home_dept92,2026-02-23,2026-02-24,1,52,vae,8,31,2.9112,0.4393,2.0071,17.51643821676211,0.159114379589858,14.82283077013595,1.011641950562948,ok,2392,52,14.595371375000013,0.008050505300002442
sample_df_home_dept92,2026-02-23,2026-02-24,1,52,vae,9,31,3.0274,0.4825,1.9979,17.51643821676211,0.159114379589858,14.243068389254645,0.9720738036311589,ok,2392,52,14.595371375000013,0.008050505300002442
sample_df_home_dept92,2026-02-23,2026-02-24,1,52,vae,10,31,1.7915,1.2301,6.3097,17.51643821676211,0.159114379589858,18.90910113806127,1.2905254236080652,ok,2392,52,14.595371375000013,0.008050505300002442
sample_df_home_dept92,2026-02-23,2026-02-24,1,52,vae,11,31,4.1169,0.4951,2.4287,17.51643821676211,0.159114379589858,18.073884453996662,1.233522800525289,ok,2392,52,14.595371375000013,0.008050505300002442
sample_df_home_dept92,2026-02-23,2026-02-24,1,52,vae,12,31,2.7148,0.6604,8.5674,17.51643821676211,0.159114379589858,17.997291465920913,1.2282954130540304,ok,2392,52,14.595371375000013,0.008050505300002442
sample_df_home_dept92,2026-02-23,2026-02-24,1,52,vae,13,31,3.3193,0.493,3.0427,17.51643821676211,0.159114379589858,16.669731848794875,1.1376909245197753,ok,2392,52,14.595371375000013,0.008050505300002442
sample_df_home_dept92,2026-02-23,2026-02-24,1,52,vae,14,31,3.0649,0.3697,2.6417,17.51643821676211,0.159114379589858,13.293371945905267,0.9072580624754062,ok,2392,52,14.595371375000013,0.008050505300002442
sample_df_home_dept92,2026-02-23,2026-02-24,1,52,vae,15,31,4.7621,0.8212,3.1521,17.51643821676211,0.159114379589858,11.788845544777688,0.8045757849325319,ok,2392,52,14.595371375000013,0.008050505300002442
sample_df_home_dept92,2026-02-23,2026-02-24,1,52,vae,16,31,3.9498,0.5149,3.9798,17.51643821676211,0.159114379589858,15.694877972382635,1.0711582161362683,ok,2392,52,14.595371375000013,0.008050505300002442
sample_df_home_dept92,2026-02-23,2026-02-24,1,52,vae,17,31,2.9983,0.6023,2.5696,17.51643821676211,0.159114379589858,12.640570585732993,0.8627050852758447,ok,2392,52,14.595371375000013,0.008050505300002442
sample_df_home_dept92,2026-02-23,2026-02-24,1,52,vae,18,31,2.5875,0.529,2.75,17.51643821676211,0.159114379589858,12.484824683132342,0.8520755981594871,ok,2392,52,14.595371375000013,0.008050505300002442
sample_df_home_dept92,2026-02-23,2026-02-24,1,52,vae,19,31,3.362,0.3193,1.9853,17.51643821676211,0.159114379589858,15.145414980514275,1.0336579692889678,ok,2392,52,14.595371375000013,0.008050505300002442
sample_df_home_dept92,2026-02-23,2026-02-25,2,52,persistence,0,49,1.4293,0.4429,2.2009,91.33195250000003,0.3627643367346938,17.41238855124781,0.8555615443812798,ok,2507,52,0.0005404269998052769,0.0067784213499976435
sample_df_home_dept92,2026-02-23,2026-02-25,2,52,persistence,1,49,1.9983,0.4398,2.3818,91.33195250000003,0.3627643367346938,11.249444179828226,0.5527439160686038,ok,2507,52,0.0005404269998052769,0.0067784213499976435
sample_df_home_dept92,2026-02-23,2026-02-25,2,52,persistence,2,49,1.9667,0.4204,1.3043,91.33195250000003,0.3627643367346938,10.973176087878606,0.5391694225569283,ok,2507,52,0.0005404269998052769,0.0067784213499976435
sample_df_home_dept92,2026-02-23,2026-02-25,2,52,persistence,3,49,0.4639,0.5878,5.1936,91.33195250000003,0.3627643367346938,22.80741937641121,1.1206475715610855,ok,2507,52,0.0005404269998052769,0.0067784213499976435
sample_df_home_dept92,2026-02-23,2026-02-25,2,52,persistence,4,49,1.9371,0.5024,1.2903,91.33195250000003,0.3627643367346938,13.064321570423692,0.6419183161568245,ok,2507,52,0.0005404269998052769,0.0067784213499976435
sample_df_home_dept92,2026-02-23,2026-02-25,2,52,persistence,5,49,1.5942,0.7827,4.5781,91.33195250000003,0.3627643367346938,23.618422817371883,1.160496404155458,ok,2507,52,0.0005404269998052769,0.0067784213499976435
sample_df_home_dept92,2026-02-23,2026-02-25,2,52,persistence,6,49,1.4524,0.8844,4.7845,91.33195250000003,0.3627643367346938,17.549586155103217,0.8623027788474458,ok,2507,52,0.0005404269998052769,0.0067784213499976435
sample_df_home_dept92,2026-02-23,2026-02-25,2,52,persistence,7,49,1.0646,0.6529,4.303,91.33195250000003,0.3627643367346938,17.201234933185905,0.8451864648774521,ok,2507,52,0.0005404269998052769,0.0067784213499976435
sample_df_home_dept92,2026-02-23,2026-02-25,2,52,persistence,8,49,0.5959,0.4639,1.7498,91.33195250000003,0.3627643367346938,7.750681044856915,0.3808314192638028,ok,2507,52,0.0005404269998052769,0.0067784213499976435
sample_df_home_dept92,2026-02-23,2026-02-25,2,52,persistence,9,49,1.5378,0.476,2.3081,91.33195250000003,0.3627643367346938,15.25654536406637,0.7496337148224436,ok,2507,52,0.0005404269998052769,0.0067784213499976435
sample_df_home_dept92,2026-02-23,2026-02-25,2,52,persistence,10,49,1.4143,0.8847,5.6361,91.33195250000003,0.3627643367346938,25.55766608274951,1.2557815488772361,ok,2507,52,0.0005404269998052769,0.0067784213499976435
sample_df_home_dept92,2026-02-23,2026-02-25,2,52,persistence,11,49,1.2224,1.0961,8.8057,91.33195250000003,0.3627643367346938,35.585637576311164,1.7485081356284966,ok,2507,52,0.0005404269998052769,0.0067784213499976435
sample_df_home_dept92,2026-02-23,2026-02-25,2,52,persistence,12,49,0.9527,0.98,3.8376,91.33195250000003,0.3627643367346938,19.74914761217344,0.9703787152207862,ok,2507,52,0.0005404269998052769,0.0067784213499976435
sample_df_home_dept92,2026-02-23,2026-02-25,2,52,persistence,13,49,0.9537,0.2248,2.3742,91.33195250000003,0.3627643367346938,13.12836892064792,0.6450652968085653,ok,2507,52,0.0005404269998052769,0.0067784213499976435
sample_df_home_dept92,2026-02-23,2026-02-25,2,52,persistence,14,49,0.968,0.26,1.5861,91.33195250000003,0.3627643367346938,9.556914425062896,0.4695810939987665,ok,2507,52,0.0005404269998052769,0.0067784213499976435
sample_df_home_dept92,2026-02-23,2026-02-25,2,52,persistence,15,49,3.5432,0.4866,2.2836,91.33195250000003,0.3627643367346938,13.69647836603272,0.6729794794630857,ok,2507,52,0.0005404269998052769,0.0067784213499976435
sample_df_home_dept92,2026-02-23,2026-02-25,2,52,persistence,16,49,1.5194,0.4024,2.8327,91.33195250000003,0.3627643367346938,18.797520901675142,0.9236203273228745,ok,2507,52,0.0005404269998052769,0.0067784213499976435
sample_df_home_dept92,2026-02-23,2026-02-25,2,52,persistence,17,49,1.3568,0.6959,2.9557,91.33195250000003,0.3627643367346938,16.34444111733227,0.8030877121330714,ok,2507,52,0.0005404269998052769,0.0067784213499976435
sample_df_home_dept92,2026-02-23,2026-02-25,2,52,persistence,18,49,0.5333,0.8476,4.4951,91.33195250000003,0.3627643367346938,15.4887410027764,0.7610426986427083,ok,2507,52,0.0005404269998052769,0.0067784213499976435
sample_df_home_dept92,2026-02-23,2026-02-25,2,52,persistence,19,49,0.6585,0.3264,1.5827,91.33195250000003,0.3627643367346938,8.046121129914283,0.3953479328770776,ok,2507,52,0.0005404269998052769,0.0067784213499976435
sample_df_home_dept92,2026-02-23,2026-02-25,2,52,gmm,0,49,3.0884,0.7895,3.464,88.49553639160581,0.29704588683249733,25.72685168370776,1.2640945206224332,ok,2507,52,0.016321701999913785,0.007541310950000479
sample_df_home_dept92,2026-02-23,2026-02-25,2,52,gmm,1,49,2.4267,1.1686,7.8617,88.49553639160581,0.29704588683249733,28.566630612331775,1.4036276833889434,ok,2507,52,0.016321701999913785,0.007541310950000479
sample_df_home_dept92,2026-02-23,2026-02-25,2,52,gmm,2,49,2.7345,0.9728,4.5897,88.49553639160581,0.29704588683249733,24.359958442138048,1.196931920309456,ok,2507,52,0.016321701999913785,0.007541310950000479
sample_df_home_dept92,2026-02-23,2026-02-25,2,52,gmm,3,49,2.2999,0.5134,2.9545,88.49553639160581,0.29704588683249733,18.05446995770268,0.8871103556261143,ok,2507,52,0.016321701999913785,0.007541310950000479
sample_df_home_dept92,2026-02-23,2026-02-25,2,52,gmm,4,49,2.0274,0.6808,6.241,88.49553639160581,0.29704588683249733,18.378865794658992,0.9030496164828514,ok,2507,52,0.016321701999913785,0.007541310950000479
sample_df_home_dept92,2026-02-23,2026-02-25,2,52,gmm,5,49,3.3002,0.3219,1.7598,88.49553639160581,0.29704588683249733,19.66039739369926,0.9660179536998457,ok,2507,52,0.016321701999913785,0.007541310950000479
sample_df_home_dept92,2026-02-23,2026-02-25,2,52,gmm,6,49,1.9164,0.3561,1.8401,88.49553639160581,0.29704588683249733,16.519504445848604,0.8116894873156744,ok,2507,52,0.016321701999913785,0.007541310950000479
sample_df_home_dept92,2026-02-23,2026-02-25,2,52,gmm,7,49,2.9586,0.5957,4.3876,88.49553639160581,0.29704588683249733,20.395052507754112,1.0021153944454655,ok,2507,52,0.016321701999913785,0.007541310950000479
sample_df_home_dept92,2026-02-23,2026-02-25,2,52,gmm,8,49,3.0194,0.8124,5.0369,88.49553639160581,0.29704588683249733,31.50278324284777,1.5478961892122527,ok,2507,52,0.016321701999913785,0.007541310950000479
sample_df_home_dept92,2026-02-23,2026-02-25,2,52,gmm,9,49,1.9791,0.2926,2.8508,88.49553639160581,0.29704588683249733,21.456791058790422,1.0542841518666677,ok,2507,52,0.016321701999913785,0.007541310950000479
sample_df_home_dept92,2026-02-23,2026-02-25,2,52,gmm,10,49,1.8218,0.2651,2.2861,88.49553639160581,0.29704588683249733,16.40436176258112,0.8060319262274529,ok,2507,52,0.016321701999913785,0.007541310950000479
sample_df_home_dept92,2026-02-23,2026-02-25,2,52,gmm,11,49,2.517,0.5248,3.1028,88.49553639160581,0.29704588683249733,18.45813874087471,0.9069447101451803,ok,2507,52,0.016321701999913785,0.007541310950000479
sample_df_home_dept92,2026-02-23,2026-02-25,2,52,gmm,12,49,3.1144,0.3665,2.6924,88.49553639160581,0.29704588683249733,27.750387134049767,1.3635213804073194,ok,2507,52,0.016321701999913785,0.007541310950000479
sample_df_home_dept92,2026-02-23,2026-02-25,2,52,gmm,13,49,1.5947,0.4491,1.2707,88.49553639160581,0.29704588683249733,15.808964843299506,0.7767769675363357,ok,2507,52,0.016321701999913785,0.007541310950000479
sample_df_home_dept92,2026-02-23,2026-02-25,2,52,gmm,14,49,1.5165,0.3868,3.3632,88.49553639160581,0.29704588683249733,12.857155893226492,0.6317391850052325,ok,2507,52,0.016321701999913785,0.007541310950000479
sample_df_home_dept92,2026-02-23,2026-02-25,2,52,gmm,15,49,2.1738,0.3715,1.3303,88.49553639160581,0.29704588683249733,15.959716118382424,0.7841841646217779,ok,2507,52,0.016321701999913785,0.007541310950000479
sample_df_home_dept92,2026-02-23,2026-02-25,2,52,gmm,16,49,2.4366,0.4868,2.7359,88.49553639160581,0.29704588683249733,21.383090659421157,1.0506628665203006,ok,2507,52,0.016321701999913785,0.007541310950000479
sample_df_home_dept92,2026-02-23,2026-02-25,2,52,gmm,17,49,2.6717,0.4,1.9057,88.49553639160581,0.29704588683249733,22.848669534202294,1.1226744071443737,ok,2507,52,0.016321701999913785,0.007541310950000479
sample_df_home_dept92,2026-02-23,2026-02-25,2,52,gmm,18,49,2.2347,1.1799,5.6502,88.49553639160581,0.29704588683249733,20.65196332535687,1.0147387640210725,ok,2507,52,0.016321701999913785,0.007541310950000479
sample_df_home_dept92,2026-02-23,2026-02-25,2,52,gmm,19,49,2.0034,0.4359,6.0933,88.49553639160581,0.29704588683249733,22.550425140773733,1.1080201032219799,ok,2507,52,0.016321701999913785,0.007541310950000479
sample_df_home_dept92,2026-02-23,2026-02-25,2,52,vae,0,49,1.9152,0.8106,4.3296,69.35543062934988,0.26087006584460665,19.84115619983127,0.9748995774288164,ok,2507,52,15.828020195999898,0.008271422799998618
sample_df_home_dept92,2026-02-23,2026-02-25,2,52,vae,1,49,2.1926,0.3131,1.8613,69.35543062934988,0.26087006584460665,16.558887211426722,0.8136245681715174,ok,2507,52,15.828020195999898,0.008271422799998618
sample_df_home_dept92,2026-02-23,2026-02-25,2,52,vae,2,49,2.5725,0.2648,1.8056,69.35543062934988,0.26087006584460665,18.062886940601846,0.8875239259336599,ok,2507,52,15.828020195999898,0.008271422799998618
sample_df_home_dept92,2026-02-23,2026-02-25,2,52,vae,3,49,1.8633,0.4343,2.5297,69.35543062934988,0.26087006584460665,17.373446957885992,0.8536481406193982,ok,2507,52,15.828020195999898,0.008271422799998618
sample_df_home_dept92,2026-02-23,2026-02-25,2,52,vae,4,49,2.7001,0.4101,2.3519,69.35543062934988,0.26087006584460665,15.388070191181814,0.7560962161547669,ok,2507,52,15.828020195999898,0.008271422799998618
sample_df_home_dept92,2026-02-23,2026-02-25,2,52,vae,5,49,2.6801,0.2475,1.4052,69.35543062934988,0.26087006584460665,24.014047613262033,1.1799355155887399,ok,2507,52,15.828020195999898,0.008271422799998618
sample_df_home_dept92,2026-02-23,2026-02-25,2,52,vae,6,49,2.1127,0.2924,1.9711,69.35543062934988,0.26087006584460665,21.259976345593206,1.044613617609729,ok,2507,52,15.828020195999898,0.008271422799998618
sample_df_home_dept92,2026-02-23,2026-02-25,2,52,vae,7,49,2.4529,0.4419,2.8494,69.35543062934988,0.26087006584460665,22.428707652088093,1.102039487622253,ok,2507,52,15.828020195999898,0.008271422799998618
sample_df_home_dept92,2026-02-23,2026-02-25,2,52,vae,8,49,2.3032,0.5043,3.5399,69.35543062934988,0.26087006584460665,19.731827836912423,0.9695277042508069,ok,2507,52,15.828020195999898,0.008271422799998618
sample_df_home_dept92,2026-02-23,2026-02-25,2,52,vae,9,49,2.2163,0.8142,3.286,69.35543062934988,0.26087006584460665,15.91987850404498,0.7822267346720214,ok,2507,52,15.828020195999898,0.008271422799998618
sample_df_home_dept92,2026-02-23,2026-02-25,2,52,vae,10,49,2.8192,0.3521,3.597,69.35543062934988,0.26087006584460665,23.67978180765858,1.1635112916498909,ok,2507,52,15.828020195999898,0.008271422799998618
sample_df_home_dept92,2026-02-23,2026-02-25,2,52,vae,11,49,2.1442,0.8049,2.0718,69.35543062934988,0.26087006584460665,14.625304501487317,0.7186175560872305,ok,2507,52,15.828020195999898,0.008271422799998618
sample_df_home_dept92,2026-02-23,2026-02-25,2,52,vae,12,49,1.4362,0.6004,4.8342,69.35543062934988,0.26087006584460665,16.61545465478809,0.8164040219530311,ok,2507,52,15.828020195999898,0.008271422799998618
sample_df_home_dept92,2026-02-23,2026-02-25,2,52,vae,13,49,3.2461,0.5285,3.4313,69.35543062934988,0.26087006584460665,24.923242848551357,1.2246090236119966,ok,2507,52,15.828020195999898,0.008271422799998618
sample_df_home_dept92,2026-02-23,2026-02-25,2,52,vae,14,49,2.4497,0.3585,1.3648,69.35543062934988,0.26087006584460665,17.546242915051863,0.8621385080115892,ok,2507,52,15.828020195999898,0.008271422799998618
sample_df_home_dept92,2026-02-23,2026-02-25,2,52,vae,15,49,2.4011,0.8414,4.8404,69.35543062934988,0.26087006584460665,25.344019064486737,1.245283955605677,ok,2507,52,15.828020195999898,0.008271422799998618
sample_df_home_dept92,2026-02-23,2026-02-25,2,52,vae,16,49,1.8826,0.4051,1.8119,69.35543062934988,0.26087006584460665,18.122529636544087,0.8904544829276773,ok,2507,52,15.828020195999898,0.008271422799998618
sample_df_home_dept92,2026-02-23,2026-02-25,2,52,vae,17,49,3.0092,0.9339,4.0683,69.35543062934988,0.26087006584460665,18.099786625721713,0.8893370000845967,ok,2507,52,15.828020195999898,0.008271422799998618
sample_df_home_dept92,2026-02-23,2026-02-25,2,52,vae,18,49,3.47,0.3737,2.532,69.35543062934988,0.26087006584460665,23.540729626508146,1.1566789321200937,ok,2507,52,15.828020195999898,0.008271422799998618
sample_df_home_dept92,2026-02-23,2026-02-25,2,52,vae,19,49,2.3778,0.5615,1.7779,69.35543062934988,0.26087006584460665,19.774238495417904,0.9716115612921533,ok,2507,52,15.828020195999898,0.008271422799998618
sample_df_home_dept92,2026-02-23,2026-02-26,3,52,persistence,0,43,0.9977,0.2908,2.0372,17.992005000000034,0.07010874031007755,10.45075548000956,0.45770817833311633,ok,2449,52,0.0006125580000571063,0.006725360950008507
sample_df_home_dept92,2026-02-23,2026-02-26,3,52,persistence,1,43,3.8159,0.4748,1.6163,17.992005000000034,0.07010874031007755,14.061314516323353,0.6158386027255399,ok,2449,52,0.0006125580000571063,0.006725360950008507
sample_df_home_dept92,2026-02-23,2026-02-26,3,52,persistence,2,43,3.9291,0.2793,1.7864,17.992005000000034,0.07010874031007755,14.508910407490662,0.635441807524222,ok,2449,52,0.0006125580000571063,0.006725360950008507
sample_df_home_dept92,2026-02-23,2026-02-26,3,52,persistence,3,43,1.7469,0.3196,1.9878,17.992005000000034,0.07010874031007755,12.3722977174648,0.5418653092484953,ok,2449,52,0.0006125580000571063,0.006725360950008507
sample_df_home_dept92,2026-02-23,2026-02-26,3,52,persistence,4,43,1.1512,0.4229,2.1569,17.992005000000034,0.07010874031007755,13.166640169616606,0.576654855080136,ok,2449,52,0.0006125580000571063,0.006725360950008507
sample_df_home_dept92,2026-02-23,2026-02-26,3,52,persistence,5,43,1.0647,0.2512,2.0586,17.992005000000034,0.07010874031007755,13.343745809765213,0.5844114904812798,ok,2449,52,0.0006125580000571063,0.006725360950008507
sample_df_home_dept92,2026-02-23,2026-02-26,3,52,persistence,6,43,1.062,0.3635,2.791,17.992005000000034,0.07010874031007755,10.710208982999104,0.4690713750362298,ok,2449,52,0.0006125580000571063,0.006725360950008507
sample_df_home_dept92,2026-02-23,2026-02-26,3,52,persistence,7,43,3.4322,0.4249,2.8743,17.992005000000034,0.07010874031007755,11.221836257199987,0.49147894050917207,ok,2449,52,0.0006125580000571063,0.006725360950008507
sample_df_home_dept92,2026-02-23,2026-02-26,3,52,persistence,8,43,0.6981,0.2861,2.9797,17.992005000000034,0.07010874031007755,13.235595156357874,0.5796748531490509,ok,2449,52,0.0006125580000571063,0.006725360950008507
sample_df_home_dept92,2026-02-23,2026-02-26,3,52,persistence,9,43,1.7333,0.2061,1.8537,17.992005000000034,0.07010874031007755,15.890797521479284,0.695963846798378,ok,2449,52,0.0006125580000571063,0.006725360950008507
sample_df_home_dept92,2026-02-23,2026-02-26,3,52,persistence,10,43,0.9271,0.4323,2.0668,17.992005000000034,0.07010874031007755,12.205116530360598,0.534543331737166,ok,2449,52,0.0006125580000571063,0.006725360950008507
sample_df_home_dept92,2026-02-23,2026-02-26,3,52,persistence,11,43,1.3764,0.2238,1.3926,17.992005000000034,0.07010874031007755,10.643603241576947,0.46615426606442617,ok,2449,52,0.0006125580000571063,0.006725360950008507
sample_df_home_dept92,2026-02-23,2026-02-26,3,52,persistence,12,43,1.6012,0.3743,1.5617,17.992005000000034,0.07010874031007755,11.70013146567514,0.5124266728520993,ok,2449,52,0.0006125580000571063,0.006725360950008507
sample_df_home_dept92,2026-02-23,2026-02-26,3,52,persistence,13,43,3.5058,0.1726,2.2298,17.992005000000034,0.07010874031007755,16.87145578489052,0.7389134027584093,ok,2449,52,0.0006125580000571063,0.006725360950008507
sample_df_home_dept92,2026-02-23,2026-02-26,3,52,persistence,14,43,1.8531,1.1476,2.4693,17.992005000000034,0.07010874031007755,12.359481631702252,0.5413040075053861,ok,2449,52,0.0006125580000571063,0.006725360950008507
sample_df_home_dept92,2026-02-23,2026-02-26,3,52,persistence,15,43,1.4961,0.5428,1.867,17.992005000000034,0.07010874031007755,6.9631686401283535,0.3049635253447262,ok,2449,52,0.0006125580000571063,0.006725360950008507
sample_df_home_dept92,2026-02-23,2026-02-26,3,52,persistence,16,43,0.9833,0.6269,2.4704,17.992005000000034,0.07010874031007755,10.585636348879026,0.4636155098078907,ok,2449,52,0.0006125580000571063,0.006725360950008507
sample_df_home_dept92,2026-02-23,2026-02-26,3,52,persistence,17,43,0.9678,0.343,1.3139,17.992005000000034,0.07010874031007755,7.929520425278673,0.34728650534901034,ok,2449,52,0.0006125580000571063,0.006725360950008507
sample_df_home_dept92,2026-02-23,2026-02-26,3,52,persistence,18,43,2.9326,0.5898,1.6637,17.992005000000034,0.07010874031007755,11.701934284357076,0.5125056302878896,ok,2449,52,0.0006125580000571063,0.006725360950008507
sample_df_home_dept92,2026-02-23,2026-02-26,3,52,persistence,19,43,0.5233,0.6843,2.8282,17.992005000000034,0.07010874031007755,8.208165555621292,0.35949023121882634,ok,2449,52,0.0006125580000571063,0.006725360950008507
sample_df_home_dept92,2026-02-23,2026-02-26,3,52,gmm,0,43,2.5567,0.5215,1.5036,29.75307005877613,0.09395465285996138,26.389073248025095,1.1557532531841124,ok,2449,52,0.0143657290000192,0.008365015099991524
sample_df_home_dept92,2026-02-23,2026-02-26,3,52,gmm,1,43,1.9908,0.8128,5.835,29.75307005877613,0.09395465285996138,29.56486313678661,1.2948422412992984,ok,2449,52,0.0143657290000192,0.008365015099991524
sample_df_home_dept92,2026-02-23,2026-02-26,3,52,gmm,2,43,2.8746,0.8372,3.2718,29.75307005877613,0.09395465285996138,29.366948297670707,1.286174232498393,ok,2449,52,0.0143657290000192,0.008365015099991524
sample_df_home_dept92,2026-02-23,2026-02-26,3,52,gmm,3,43,1.5613,0.6765,4.9393,29.75307005877613,0.09395465285996138,22.180625325592644,0.9714372928814432,ok,2449,52,0.0143657290000192,0.008365015099991524
sample_df_home_dept92,2026-02-23,2026-02-26,3,52,gmm,4,43,2.3434,0.4971,5.5102,29.75307005877613,0.09395465285996138,21.72850864712999,0.9516360927013227,ok,2449,52,0.0143657290000192,0.008365015099991524
sample_df_home_dept92,2026-02-23,2026-02-26,3,52,gmm,5,43,3.7323,0.2305,1.7638,29.75307005877613,0.09395465285996138,23.668263217960117,1.0365908629785794,ok,2449,52,0.0143657290000192,0.008365015099991524
sample_df_home_dept92,2026-02-23,2026-02-26,3,52,gmm,6,43,1.6577,0.3945,3.0924,29.75307005877613,0.09395465285996138,21.573405358169953,0.9448430867813996,ok,2449,52,0.0143657290000192,0.008365015099991524
sample_df_home_dept92,2026-02-23,2026-02-26,3,52,gmm,7,43,2.7785,0.4209,2.6748,29.75307005877613,0.09395465285996138,26.01347410637846,1.1393032655028001,ok,2449,52,0.0143657290000192,0.008365015099991524
sample_df_home_dept92,2026-02-23,2026-02-26,3,52,gmm,8,43,2.8106,0.5458,3.9411,29.75307005877613,0.09395465285996138,35.65526111679592,1.5615813272999213,ok,2449,52,0.0143657290000192,0.008365015099991524
sample_df_home_dept92,2026-02-23,2026-02-26,3,52,gmm,9,43,1.8323,0.2501,1.44,29.75307005877613,0.09395465285996138,24.213797728472954,1.060483452131804,ok,2449,52,0.0143657290000192,0.008365015099991524
sample_df_home_dept92,2026-02-23,2026-02-26,3,52,gmm,10,43,1.8447,0.3771,4.0749,29.75307005877613,0.09395465285996138,21.258127183081672,0.9310349559277138,ok,2449,52,0.0143657290000192,0.008365015099991524
sample_df_home_dept92,2026-02-23,2026-02-26,3,52,gmm,11,43,2.0748,0.2864,2.5877,29.75307005877613,0.09395465285996138,23.556658143055117,1.0317029335245593,ok,2449,52,0.0143657290000192,0.008365015099991524
sample_df_home_dept92,2026-02-23,2026-02-26,3,52,gmm,12,43,3.0252,0.4592,2.6992,29.75307005877613,0.09395465285996138,31.12971587498054,1.3633775637004764,ok,2449,52,0.0143657290000192,0.008365015099991524
sample_df_home_dept92,2026-02-23,2026-02-26,3,52,gmm,13,43,1.2854,0.3049,2.493,29.75307005877613,0.09395465285996138,18.921669949285466,0.8287059342335696,ok,2449,52,0.0143657290000192,0.008365015099991524
sample_df_home_dept92,2026-02-23,2026-02-26,3,52,gmm,14,43,1.3269,0.2232,3.6907,29.75307005877613,0.09395465285996138,17.926857625857874,0.7851364777277361,ok,2449,52,0.0143657290000192,0.008365015099991524
sample_df_home_dept92,2026-02-23,2026-02-26,3,52,gmm,15,43,1.8981,0.38,2.2193,29.75307005877613,0.09395465285996138,19.279099921753634,0.8443601730006135,ok,2449,52,0.0143657290000192,0.008365015099991524
sample_df_home_dept92,2026-02-23,2026-02-26,3,52,gmm,16,43,2.0257,0.3166,2.3438,29.75307005877613,0.09395465285996138,23.36342655334494,1.023240035402808,ok,2449,52,0.0143657290000192,0.008365015099991524
sample_df_home_dept92,2026-02-23,2026-02-26,3,52,gmm,17,43,2.4096,0.3999,1.4217,29.75307005877613,0.09395465285996138,27.312394654937513,1.1961916463684361,ok,2449,52,0.0143657290000192,0.008365015099991524
sample_df_home_dept92,2026-02-23,2026-02-26,3,52,gmm,18,43,1.8474,1.0186,3.3078,29.75307005877613,0.09395465285996138,19.502545552451,0.8541463451848748,ok,2449,52,0.0143657290000192,0.008365015099991524
sample_df_home_dept92,2026-02-23,2026-02-26,3,52,gmm,19,43,1.9434,0.2384,4.4831,29.75307005877613,0.09395465285996138,25.360374393617747,1.1106996798223787,ok,2449,52,0.0143657290000192,0.008365015099991524
sample_df_home_dept92,2026-02-23,2026-02-26,3,52,vae,0,43,2.3047,0.547,2.9242,12.852712324662555,0.0990951097165276,25.94576401833988,1.1363377898383666,ok,2449,52,14.742237311000054,0.00763751100000718
sample_df_home_dept92,2026-02-23,2026-02-26,3,52,vae,1,43,2.2902,0.4032,3.0338,12.852712324662555,0.0990951097165276,25.41970611318321,1.1132982109363854,ok,2449,52,14.742237311000054,0.00763751100000718
sample_df_home_dept92,2026-02-23,2026-02-26,3,52,vae,2,43,2.6173,0.3592,2.2613,12.852712324662555,0.0990951097165276,31.12222448320915,1.3630494657665593,ok,2449,52,14.742237311000054,0.00763751100000718
sample_df_home_dept92,2026-02-23,2026-02-26,3,52,vae,3,43,1.775,0.2202,2.1685,12.852712324662555,0.0990951097165276,24.414290898716512,1.0692643832229527,ok,2449,52,14.742237311000054,0.00763751100000718
sample_df_home_dept92,2026-02-23,2026-02-26,3,52,vae,4,43,2.5682,0.2661,1.535,12.852712324662555,0.0990951097165276,19.76269004841604,0.8655398050719906,ok,2449,52,14.742237311000054,0.00763751100000718
sample_df_home_dept92,2026-02-23,2026-02-26,3,52,vae,5,43,2.8572,0.4118,1.7181,12.852712324662555,0.0990951097165276,29.025528177265986,1.2712211717693733,ok,2449,52,14.742237311000054,0.00763751100000718
sample_df_home_dept92,2026-02-23,2026-02-26,3,52,vae,6,43,1.6498,0.3409,1.8571,12.852712324662555,0.0990951097165276,23.486693026790743,1.0286386951569613,ok,2449,52,14.742237311000054,0.00763751100000718
sample_df_home_dept92,2026-02-23,2026-02-26,3,52,vae,7,43,2.4134,0.6502,1.018,12.852712324662555,0.0990951097165276,21.721855312100285,0.9513446988530874,ok,2449,52,14.742237311000054,0.00763751100000718
sample_df_home_dept92,2026-02-23,2026-02-26,3,52,vae,8,43,2.1596,0.3152,1.5039,12.852712324662555,0.0990951097165276,27.26751694928216,1.1942261527787554,ok,2449,52,14.742237311000054,0.00763751100000718
sample_df_home_dept92,2026-02-23,2026-02-26,3,52,vae,9,43,2.5677,0.4259,2.0653,12.852712324662555,0.0990951097165276,22.28053794861625,0.9758131320027481,ok,2449,52,14.742237311000054,0.00763751100000718
sample_df_home_dept92,2026-02-23,2026-02-26,3,52,vae,10,43,2.121,0.2853,1.8359,12.852712324662555,0.0990951097165276,22.670203628093173,0.9928791870504886,ok,2449,52,14.742237311000054,0.00763751100000718
sample_df_home_dept92,2026-02-23,2026-02-26,3,52,vae,11,43,2.3893,0.3021,1.1546,12.852712324662555,0.0990951097165276,29.408330503583656,1.2879866348763889,ok,2449,52,14.742237311000054,0.00763751100000718
sample_df_home_dept92,2026-02-23,2026-02-26,3,52,vae,12,43,1.9481,0.5114,1.4348,12.852712324662555,0.0990951097165276,21.314264977883628,0.9334936038066725,ok,2449,52,14.742237311000054,0.00763751100000718
sample_df_home_dept92,2026-02-23,2026-02-26,3,52,vae,13,43,2.0569,0.3968,2.0796,12.852712324662555,0.0990951097165276,24.760295143886303,1.0844182133030003,ok,2449,52,14.742237311000054,0.00763751100000718
sample_df_home_dept92,2026-02-23,2026-02-26,3,52,vae,14,43,1.6209,1.2145,2.6274,12.852712324662555,0.0990951097165276,20.873521108689204,0.9141904946806053,ok,2449,52,14.742237311000054,0.00763751100000718
sample_df_home_dept92,2026-02-23,2026-02-26,3,52,vae,15,43,2.1561,0.2337,2.6451,12.852712324662555,0.0990951097165276,26.434472921548334,1.157741607222726,ok,2449,52,14.742237311000054,0.00763751100000718
sample_df_home_dept92,2026-02-23,2026-02-26,3,52,vae,16,43,2.1842,0.2819,2.5976,12.852712324662555,0.0990951097165276,22.991052521373362,1.0069312967514934,ok,2449,52,14.742237311000054,0.00763751100000718
sample_df_home_dept92,2026-02-23,2026-02-26,3,52,vae,17,43,2.6679,0.3291,1.1877,12.852712324662555,0.0990951097165276,24.80115209783954,1.0862076113998123,ok,2449,52,14.742237311000054,0.00763751100000718
sample_df_home_dept92,2026-02-23,2026-02-26,3,52,vae,18,43,2.4455,0.3327,1.3993,12.852712324662555,0.0990951097165276,21.37994342455287,0.9363701003660102,ok,2449,52,14.742237311000054,0.00763751100000718
sample_df_home_dept92,2026-02-23,2026-02-26,3,52,vae,19,43,2.3818,0.3365,3.2793,12.852712324662555,0.0990951097165276,27.14583237955573,1.1888967751230184,ok,2449,52,14.742237311000054,0.00763751100000718
