dataset,origin,target_date,day_offset,X,method,scenario,true_count,wasserstein_hour,wasserstein_duration,wasserstein_energy,crps_total_energy,crps_mean_duration,profile_rmse_kw,profile_nrmse,status,n_pool_sessions,n_pool_occurrences,fit_seconds,sample_seconds
boulder,2021-03-19,2021-03-20,1,,vae_shared,0.0,22,1.5458,0.4954,1.4776,4.620194448922449,0.0938071328615518,7.243488788710911,1.0174808812577878,ok,21379.0,,138.093699395,0.0181589865000006
boulder,2021-03-19,2021-03-20,1,,vae_shared,1.0,22,2.2358,0.5129,2.2521,4.620194448922449,0.0938071328615518,8.5148725752908,1.196070057457284,ok,21379.0,,138.093699395,0.0181589865000006
boulder,2021-03-19,2021-03-20,1,,vae_shared,2.0,22,5.3546,0.6259,1.6467,4.620194448922449,0.0938071328615518,9.972711635221389,1.4008502972972328,ok,21379.0,,138.093699395,0.0181589865000006
boulder,2021-03-19,2021-03-20,1,,vae_shared,3.0,22,4.7137,0.659,0.9776,4.620194448922449,0.0938071328615518,7.275659731100823,1.0219998802883097,ok,21379.0,,138.093699395,0.0181589865000006
boulder,2021-03-19,2021-03-20,1,,vae_shared,4.0,22,1.7811,0.2899,1.2329,4.620194448922449,0.0938071328615518,6.675859584211343,0.9377469464000434,ok,21379.0,,138.093699395,0.0181589865000006
boulder,2021-03-19,2021-03-20,1,,vae_shared,5.0,22,1.9668,0.4013,2.3661,4.620194448922449,0.0938071328615518,6.984205999947707,0.9810598570661134,ok,21379.0,,138.093699395,0.0181589865000006
boulder,2021-03-19,2021-03-20,1,,vae_shared,6.0,22,2.4892,0.2249,1.2319,4.620194448922449,0.0938071328615518,6.487012886798602,0.911219963379706,ok,21379.0,,138.093699395,0.0181589865000006
boulder,2021-03-19,2021-03-20,1,,vae_shared,7.0,22,2.6411,0.3517,0.9733,4.620194448922449,0.0938071328615518,8.226911023303877,1.1556205748625636,ok,21379.0,,138.093699395,0.0181589865000006
boulder,2021-03-19,2021-03-20,1,,vae_shared,8.0,22,1.5516,0.4906,2.0446,4.620194448922449,0.0938071328615518,5.452499993188539,0.7659036494643177,ok,21379.0,,138.093699395,0.0181589865000006
boulder,2021-03-19,2021-03-20,1,,vae_shared,9.0,22,1.9846,0.4824,1.6438,4.620194448922449,0.0938071328615518,6.617817130112287,0.9295938189403704,ok,21379.0,,138.093699395,0.0181589865000006
boulder,2021-03-19,2021-03-20,1,4.0,persistence,0.0,22,2.2727,0.4618,2.1361,12.229110000000013,0.0959436868686868,4.818045017943942,0.6767828091951432,ok,58.0,4.0,0.0010267440000006,0.0047106269000011
boulder,2021-03-19,2021-03-20,1,4.0,persistence,1.0,22,1.3485,0.5566,4.2729,12.229110000000013,0.0959436868686868,7.320050190689977,1.0282353346749586,ok,58.0,4.0,0.0010267440000006,0.0047106269000011
boulder,2021-03-19,2021-03-20,1,4.0,persistence,2.0,22,0.7045,0.4684,1.6392,12.229110000000013,0.0959436868686868,4.77522913709151,0.6707685332775141,ok,58.0,4.0,0.0010267440000006,0.0047106269000011
boulder,2021-03-19,2021-03-20,1,4.0,persistence,3.0,22,0.8129,0.6096,2.6342,12.229110000000013,0.0959436868686868,4.712796234132014,0.6619986867331648,ok,58.0,4.0,0.0010267440000006,0.0047106269000011
boulder,2021-03-19,2021-03-20,1,4.0,persistence,4.0,22,1.0803,0.3938,1.8244,12.229110000000013,0.0959436868686868,4.710793521934079,0.6617173690654634,ok,58.0,4.0,0.0010267440000006,0.0047106269000011
boulder,2021-03-19,2021-03-20,1,4.0,persistence,5.0,22,1.6644,0.4536,2.0454,12.229110000000013,0.0959436868686868,3.455571060896641,0.4853983475158722,ok,58.0,4.0,0.0010267440000006,0.0047106269000011
boulder,2021-03-19,2021-03-20,1,4.0,persistence,6.0,22,2.1674,0.6222,1.5949,12.229110000000013,0.0959436868686868,7.200772311255004,1.011480568370743,ok,58.0,4.0,0.0010267440000006,0.0047106269000011
boulder,2021-03-19,2021-03-20,1,4.0,persistence,7.0,22,1.0212,0.3671,1.7225,12.229110000000013,0.0959436868686868,4.504650507630916,0.632760801039126,ok,58.0,4.0,0.0010267440000006,0.0047106269000011
boulder,2021-03-19,2021-03-20,1,4.0,persistence,8.0,22,1.2667,0.6319,1.9038,12.229110000000013,0.0959436868686868,6.352459477110978,0.89231946862384,ok,58.0,4.0,0.0010267440000006,0.0047106269000011
boulder,2021-03-19,2021-03-20,1,4.0,persistence,9.0,22,0.8402,0.7255,4.2392,12.229110000000013,0.0959436868686868,8.740750600320135,1.2277987697763817,ok,58.0,4.0,0.0010267440000006,0.0047106269000011
boulder,2021-03-19,2021-03-20,1,4.0,vae_percell,0.0,22,2.1699,0.4232,5.2764,34.514753373463535,0.111648376237846,17.1231870597693,2.405265745239956,ok,58.0,4.0,0.2140452379999828,0.005910694900001
boulder,2021-03-19,2021-03-20,1,4.0,vae_percell,1.0,22,2.7039,0.6958,1.3353,34.514753373463535,0.111648376237846,11.43405154270814,1.606122295399049,ok,58.0,4.0,0.2140452379999828,0.005910694900001
boulder,2021-03-19,2021-03-20,1,4.0,vae_percell,2.0,22,2.8831,0.8042,2.9016,34.514753373463535,0.111648376237846,10.38171458476298,1.4583022646675965,ok,58.0,4.0,0.2140452379999828,0.005910694900001
boulder,2021-03-19,2021-03-20,1,4.0,vae_percell,3.0,22,3.2224,0.565,2.4991,34.514753373463535,0.111648376237846,10.670785193526267,1.4989075346320628,ok,58.0,4.0,0.2140452379999828,0.005910694900001
boulder,2021-03-19,2021-03-20,1,4.0,vae_percell,4.0,22,2.5918,0.7406,2.9464,34.514753373463535,0.111648376237846,9.256907195050768,1.3003024323335797,ok,58.0,4.0,0.2140452379999828,0.005910694900001
boulder,2021-03-19,2021-03-20,1,4.0,vae_percell,5.0,22,2.3667,0.6508,4.6155,34.514753373463535,0.111648376237846,14.889377308383676,2.091486186701208,ok,58.0,4.0,0.2140452379999828,0.005910694900001
boulder,2021-03-19,2021-03-20,1,4.0,vae_percell,6.0,22,3.4545,0.6266,5.106,34.514753373463535,0.111648376237846,16.862931453286635,2.3687080709533657,ok,58.0,4.0,0.2140452379999828,0.005910694900001
boulder,2021-03-19,2021-03-20,1,4.0,vae_percell,7.0,22,3.7363,0.5263,2.4474,34.514753373463535,0.111648376237846,11.509747646109032,1.6167552017571227,ok,58.0,4.0,0.2140452379999828,0.005910694900001
boulder,2021-03-19,2021-03-20,1,4.0,vae_percell,8.0,22,2.1969,0.4908,0.9968,34.514753373463535,0.111648376237846,6.642636222664786,0.9330801157924746,ok,58.0,4.0,0.2140452379999828,0.005910694900001
boulder,2021-03-19,2021-03-20,1,4.0,vae_percell,9.0,22,2.2416,0.5938,3.1922,34.514753373463535,0.111648376237846,9.077885147391145,1.2751555016030212,ok,58.0,4.0,0.2140452379999828,0.005910694900001
boulder,2021-03-19,2021-03-20,1,16.0,persistence,0.0,22,1.1894,0.6281,1.6306,30.212239999999987,0.2661178030303024,8.512997265367668,1.1958066357762571,ok,212.0,16.0,0.0008471480000196,0.0046443823000004
boulder,2021-03-19,2021-03-20,1,16.0,persistence,1.0,22,2.1924,0.5423,2.3407,30.212239999999987,0.2661178030303024,9.18072929626924,1.2896018489758203,ok,212.0,16.0,0.0008471480000196,0.0046443823000004
boulder,2021-03-19,2021-03-20,1,16.0,persistence,2.0,22,1.7992,0.4359,1.8502,30.212239999999987,0.2661178030303024,6.715593265343509,0.9433282708243982,ok,212.0,16.0,0.0008471480000196,0.0046443823000004
boulder,2021-03-19,2021-03-20,1,16.0,persistence,3.0,22,1.1773,0.5143,1.8421,30.212239999999987,0.2661178030303024,6.413293397238513,0.9008647086963032,ok,212.0,16.0,0.0008471480000196,0.0046443823000004
boulder,2021-03-19,2021-03-20,1,16.0,persistence,4.0,22,0.5197,0.8468,2.4296,30.212239999999987,0.2661178030303024,6.149954806773539,0.8638739727524474,ok,212.0,16.0,0.0008471480000196,0.0046443823000004
boulder,2021-03-19,2021-03-20,1,16.0,persistence,5.0,22,1.0212,0.8429,2.0486,30.212239999999987,0.2661178030303024,4.556871093387943,0.6400961402887245,ok,212.0,16.0,0.0008471480000196,0.0046443823000004
boulder,2021-03-19,2021-03-20,1,16.0,persistence,6.0,22,1.7273,1.062,2.3215,30.212239999999987,0.2661178030303024,6.696286194164079,0.9406162384914746,ok,212.0,16.0,0.0008471480000196,0.0046443823000004
boulder,2021-03-19,2021-03-20,1,16.0,persistence,7.0,22,1.5417,0.3255,2.5031,30.212239999999987,0.2661178030303024,7.33226289296318,1.029950832749705,ok,212.0,16.0,0.0008471480000196,0.0046443823000004
boulder,2021-03-19,2021-03-20,1,16.0,persistence,8.0,22,0.6977,0.9982,2.1985,30.212239999999987,0.2661178030303024,6.644252271160124,0.9333071194498496,ok,212.0,16.0,0.0008471480000196,0.0046443823000004
boulder,2021-03-19,2021-03-20,1,16.0,persistence,9.0,22,2.6765,1.0235,4.6046,30.212239999999987,0.2661178030303024,7.267225282220264,1.0208151072141398,ok,212.0,16.0,0.0008471480000196,0.0046443823000004
boulder,2021-03-19,2021-03-20,1,16.0,vae_percell,0.0,22,1.6589,1.119,5.9534,12.730723607921163,0.1029474584002316,13.972947330787402,1.9627567845560767,ok,212.0,16.0,0.3359619189999989,0.0059485246999997
boulder,2021-03-19,2021-03-20,1,16.0,vae_percell,1.0,22,1.7708,0.571,3.5441,12.730723607921163,0.1029474584002316,7.818032491335795,1.098186084222824,ok,212.0,16.0,0.3359619189999989,0.0059485246999997
boulder,2021-03-19,2021-03-20,1,16.0,vae_percell,2.0,22,2.0824,0.6049,1.2483,12.730723607921163,0.1029474584002316,7.444976029836087,1.0457834605317082,ok,212.0,16.0,0.3359619189999989,0.0059485246999997
boulder,2021-03-19,2021-03-20,1,16.0,vae_percell,3.0,22,2.4965,0.5742,1.4112,12.730723607921163,0.1029474584002316,11.028481287646407,1.5491525129407266,ok,212.0,16.0,0.3359619189999989,0.0059485246999997
boulder,2021-03-19,2021-03-20,1,16.0,vae_percell,4.0,22,1.8109,0.7296,1.9228,12.730723607921163,0.1029474584002316,8.296779328961774,1.1654348601174231,ok,212.0,16.0,0.3359619189999989,0.0059485246999997
boulder,2021-03-19,2021-03-20,1,16.0,vae_percell,5.0,22,2.3851,0.6303,2.7591,12.730723607921163,0.1029474584002316,11.538527703726157,1.6207978888159555,ok,212.0,16.0,0.3359619189999989,0.0059485246999997
boulder,2021-03-19,2021-03-20,1,16.0,vae_percell,6.0,22,2.9757,0.6222,1.5955,12.730723607921163,0.1029474584002316,12.53734818105018,1.7611005480911188,ok,212.0,16.0,0.3359619189999989,0.0059485246999997
boulder,2021-03-19,2021-03-20,1,16.0,vae_percell,7.0,22,3.8411,0.6539,1.8397,12.730723607921163,0.1029474584002316,10.87684471978305,1.5278523752307085,ok,212.0,16.0,0.3359619189999989,0.0059485246999997
boulder,2021-03-19,2021-03-20,1,16.0,vae_percell,8.0,22,1.9994,0.7561,1.3676,12.730723607921163,0.1029474584002316,7.467009748685773,1.0488785005499248,ok,212.0,16.0,0.3359619189999989,0.0059485246999997
boulder,2021-03-19,2021-03-20,1,16.0,vae_percell,9.0,22,2.383,0.6907,2.3567,12.730723607921163,0.1029474584002316,8.861367235134544,1.2447415888329365,ok,212.0,16.0,0.3359619189999989,0.0059485246999997
boulder,2021-03-19,2021-03-21,2,,vae_shared,0.0,19,1.4723,0.5356,1.8971,7.739912546715157,0.0811883210281994,4.18940067657974,0.6128027806668521,ok,21379.0,,138.093699395,0.0056147249000019
boulder,2021-03-19,2021-03-21,2,,vae_shared,1.0,19,2.209,0.5249,2.3774,7.739912546715157,0.0811883210281994,7.777140130883585,1.1375978250263967,ok,21379.0,,138.093699395,0.0056147249000019
boulder,2021-03-19,2021-03-21,2,,vae_shared,2.0,19,5.2061,0.6077,3.0883,7.739912546715157,0.0811883210281994,5.314323345609919,0.7773503598637092,ok,21379.0,,138.093699395,0.0056147249000019
boulder,2021-03-19,2021-03-21,2,,vae_shared,3.0,19,3.1095,0.599,1.3597,7.739912546715157,0.0811883210281994,6.582138453444647,0.9627994690395948,ok,21379.0,,138.093699395,0.0056147249000019
boulder,2021-03-19,2021-03-21,2,,vae_shared,4.0,19,1.3056,0.3204,4.0277,7.739912546715157,0.0811883210281994,5.353586703392389,0.7830935906226868,ok,21379.0,,138.093699395,0.0056147249000019
boulder,2021-03-19,2021-03-21,2,,vae_shared,5.0,19,2.2913,0.4476,2.5917,7.739912546715157,0.0811883210281994,7.447234269959963,1.0893409872255926,ok,21379.0,,138.093699395,0.0056147249000019
boulder,2021-03-19,2021-03-21,2,,vae_shared,6.0,19,3.4834,0.5899,3.97,7.739912546715157,0.0811883210281994,8.042804224728686,1.1764577260002345,ok,21379.0,,138.093699395,0.0056147249000019
boulder,2021-03-19,2021-03-21,2,,vae_shared,7.0,19,1.722,0.5825,2.4032,7.739912546715157,0.0811883210281994,4.19233237699673,0.6132316138834163,ok,21379.0,,138.093699395,0.0056147249000019
boulder,2021-03-19,2021-03-21,2,,vae_shared,8.0,19,1.4964,0.8507,3.3724,7.739912546715157,0.0811883210281994,7.116191697453904,1.0409178774273578,ok,21379.0,,138.093699395,0.0056147249000019
boulder,2021-03-19,2021-03-21,2,,vae_shared,9.0,19,3.3394,0.7434,2.9656,7.739912546715157,0.0811883210281994,6.902033898612869,1.0095920375846952,ok,21379.0,,138.093699395,0.0056147249000019
boulder,2021-03-19,2021-03-21,2,4.0,persistence,0.0,19,2.0228,0.5911,2.3212,11.338150000000011,0.1704099415204678,7.302881675563115,1.0682258736158146,ok,60.0,4.0,0.0008551680000152,0.0046182786000002
boulder,2021-03-19,2021-03-21,2,4.0,persistence,1.0,19,2.1342,0.4151,2.0116,11.338150000000011,0.1704099415204678,7.22096999090828,1.056244277201272,ok,60.0,4.0,0.0008551680000152,0.0046182786000002
boulder,2021-03-19,2021-03-21,2,4.0,persistence,2.0,19,2.7596,0.6003,1.5565,11.338150000000011,0.1704099415204678,10.257160623661942,1.500361755099111,ok,60.0,4.0,0.0008551680000152,0.0046182786000002
boulder,2021-03-19,2021-03-21,2,4.0,persistence,3.0,19,3.3009,0.513,2.1882,11.338150000000011,0.1704099415204678,8.211627980618061,1.2011523482238824,ok,60.0,4.0,0.0008551680000152,0.0046182786000002
boulder,2021-03-19,2021-03-21,2,4.0,persistence,4.0,19,2.4149,0.7895,2.3491,11.338150000000011,0.1704099415204678,8.103981701741569,1.1854064351168532,ok,60.0,4.0,0.0008551680000152,0.0046182786000002
boulder,2021-03-19,2021-03-21,2,4.0,persistence,5.0,19,2.3096,0.6781,1.9249,11.338150000000011,0.1704099415204678,8.644123406686967,1.264415430507312,ok,60.0,4.0,0.0008551680000152,0.0046182786000002
boulder,2021-03-19,2021-03-21,2,4.0,persistence,6.0,19,4.414,0.5946,2.6812,11.338150000000011,0.1704099415204678,8.056782345325814,1.1785023695737895,ok,60.0,4.0,0.0008551680000152,0.0046182786000002
boulder,2021-03-19,2021-03-21,2,4.0,persistence,7.0,19,4.2158,0.5864,2.2313,11.338150000000011,0.1704099415204678,10.40016674567803,1.5212799140409736,ok,60.0,4.0,0.0008551680000152,0.0046182786000002
boulder,2021-03-19,2021-03-21,2,4.0,persistence,8.0,19,3.9456,0.4464,2.3648,11.338150000000011,0.1704099415204678,9.930931260248103,1.4526426953890266,ok,60.0,4.0,0.0008551680000152,0.0046182786000002
boulder,2021-03-19,2021-03-21,2,4.0,persistence,9.0,19,3.5465,0.7912,3.5341,11.338150000000011,0.1704099415204678,8.026779800766075,1.174113760282711,ok,60.0,4.0,0.0008551680000152,0.0046182786000002
boulder,2021-03-19,2021-03-21,2,4.0,vae_percell,0.0,19,2.8166,0.6903,2.0993,17.566313754267295,0.1002368168549819,10.817396972884904,1.5823100859316637,ok,60.0,4.0,0.2230555309999999,0.0061546999
boulder,2021-03-19,2021-03-21,2,4.0,vae_percell,1.0,19,2.108,0.5968,6.5843,17.566313754267295,0.1002368168549819,25.051190147812957,3.664352055752009,ok,60.0,4.0,0.2230555309999999,0.0061546999
boulder,2021-03-19,2021-03-21,2,4.0,vae_percell,2.0,19,2.2059,0.6333,3.3966,17.566313754267295,0.1002368168549819,10.332909673138555,1.5114419147056246,ok,60.0,4.0,0.2230555309999999,0.0061546999
boulder,2021-03-19,2021-03-21,2,4.0,vae_percell,3.0,19,2.2696,0.8896,2.8876,17.566313754267295,0.1002368168549819,7.248047352964183,1.0602050066807278,ok,60.0,4.0,0.2230555309999999,0.0061546999
boulder,2021-03-19,2021-03-21,2,4.0,vae_percell,4.0,19,2.1985,0.88,6.2332,17.566313754267295,0.1002368168549819,9.086445333918617,1.3291158800185694,ok,60.0,4.0,0.2230555309999999,0.0061546999
boulder,2021-03-19,2021-03-21,2,4.0,vae_percell,5.0,19,2.0916,0.406,2.6364,17.566313754267295,0.1002368168549819,14.907750686930989,2.180624814788016,ok,60.0,4.0,0.2230555309999999,0.0061546999
boulder,2021-03-19,2021-03-21,2,4.0,vae_percell,6.0,19,3.4692,0.5766,2.8921,17.566313754267295,0.1002368168549819,8.602139800299089,1.258274296554491,ok,60.0,4.0,0.2230555309999999,0.0061546999
boulder,2021-03-19,2021-03-21,2,4.0,vae_percell,7.0,19,3.0119,0.8207,1.8877,17.566313754267295,0.1002368168549819,8.758749293177782,1.2811822827138004,ok,60.0,4.0,0.2230555309999999,0.0061546999
boulder,2021-03-19,2021-03-21,2,4.0,vae_percell,8.0,19,2.8753,0.6521,1.765,17.566313754267295,0.1002368168549819,13.49315214745589,1.9737050223308936,ok,60.0,4.0,0.2230555309999999,0.0061546999
boulder,2021-03-19,2021-03-21,2,4.0,vae_percell,9.0,19,4.4164,0.4849,3.653,17.566313754267295,0.1002368168549819,7.735573231138097,1.1315176446583228,ok,60.0,4.0,0.2230555309999999,0.0061546999
boulder,2021-03-19,2021-03-21,2,16.0,persistence,0.0,19,1.7754,0.5117,1.6586,10.374889999999995,0.141277485380117,6.087037592377402,0.8903788036998791,ok,192.0,16.0,0.0008635899999944,0.0046830618000001
boulder,2021-03-19,2021-03-21,2,16.0,persistence,1.0,19,3.8746,0.4894,1.4102,10.374889999999995,0.141277485380117,9.878214431851626,1.4449315640069422,ok,192.0,16.0,0.0008635899999944,0.0046830618000001
boulder,2021-03-19,2021-03-21,2,16.0,persistence,2.0,19,3.5386,0.6078,1.5872,10.374889999999995,0.141277485380117,10.96795630763367,1.6043330878147684,ok,192.0,16.0,0.0008635899999944,0.0046830618000001
boulder,2021-03-19,2021-03-21,2,16.0,persistence,3.0,19,3.7123,0.568,2.104,10.374889999999995,0.141277485380117,12.44328767480758,1.8201365485014895,ok,192.0,16.0,0.0008635899999944,0.0046830618000001
boulder,2021-03-19,2021-03-21,2,16.0,persistence,4.0,19,2.436,0.5499,2.4936,10.374889999999995,0.141277485380117,5.085970493049376,0.7439481446483928,ok,192.0,16.0,0.0008635899999944,0.0046830618000001
boulder,2021-03-19,2021-03-21,2,16.0,persistence,5.0,19,0.914,0.5833,2.814,10.374889999999995,0.141277485380117,10.37228766228822,1.5172019131184962,ok,192.0,16.0,0.0008635899999944,0.0046830618000001
boulder,2021-03-19,2021-03-21,2,16.0,persistence,6.0,19,2.6096,0.8219,5.2705,10.374889999999995,0.141277485380117,14.450921244596705,2.113802284749785,ok,192.0,16.0,0.0008635899999944,0.0046830618000001
boulder,2021-03-19,2021-03-21,2,16.0,persistence,7.0,19,1.6228,0.8606,3.3064,10.374889999999995,0.141277485380117,4.6652436079059365,0.6824065006231448,ok,192.0,16.0,0.0008635899999944,0.0046830618000001
boulder,2021-03-19,2021-03-21,2,16.0,persistence,8.0,19,3.8947,0.6514,2.6007,10.374889999999995,0.141277485380117,9.279944226090226,1.3574198471806518,ok,192.0,16.0,0.0008635899999944,0.0046830618000001
boulder,2021-03-19,2021-03-21,2,16.0,persistence,9.0,19,1.9035,0.4705,2.328,10.374889999999995,0.141277485380117,6.394781793314884,0.9353939542255508,ok,192.0,16.0,0.0008635899999944,0.0046830618000001
boulder,2021-03-19,2021-03-21,2,16.0,vae_percell,0.0,19,2.7799,0.8128,4.2045,25.52550488964388,0.0962708761260962,10.155027706953344,1.48542230667,ok,192.0,16.0,0.2997703590000071,0.0056962811999994
boulder,2021-03-19,2021-03-21,2,16.0,vae_percell,1.0,19,1.873,0.6342,3.0953,25.52550488964388,0.0962708761260962,15.008046246637296,2.195295504612495,ok,192.0,16.0,0.2997703590000071,0.0056962811999994
boulder,2021-03-19,2021-03-21,2,16.0,vae_percell,2.0,19,2.0341,0.4858,2.0074,25.52550488964388,0.0962708761260962,8.37833806682686,1.225537794324819,ok,192.0,16.0,0.2997703590000071,0.0056962811999994
boulder,2021-03-19,2021-03-21,2,16.0,vae_percell,3.0,19,2.8088,0.7334,1.5053,25.52550488964388,0.0962708761260962,6.890502453645189,1.007905280435682,ok,192.0,16.0,0.2997703590000071,0.0056962811999994
boulder,2021-03-19,2021-03-21,2,16.0,vae_percell,4.0,19,1.9011,0.7632,5.2857,25.52550488964388,0.0962708761260962,5.2075949848525855,0.761738714834448,ok,192.0,16.0,0.2997703590000071,0.0056962811999994
boulder,2021-03-19,2021-03-21,2,16.0,vae_percell,5.0,19,1.9844,0.5203,2.4727,25.52550488964388,0.0962708761260962,14.529811784783972,2.1253419645577654,ok,192.0,16.0,0.2997703590000071,0.0056962811999994
boulder,2021-03-19,2021-03-21,2,16.0,vae_percell,6.0,19,4.2682,0.7659,5.0443,25.52550488964388,0.0962708761260962,14.988301046365764,2.1924072839419675,ok,192.0,16.0,0.2997703590000071,0.0056962811999994
boulder,2021-03-19,2021-03-21,2,16.0,vae_percell,7.0,19,3.0415,1.1473,3.1157,25.52550488964388,0.0962708761260962,6.010054723454775,0.8791181676849893,ok,192.0,16.0,0.2997703590000071,0.0056962811999994
boulder,2021-03-19,2021-03-21,2,16.0,vae_percell,8.0,19,1.997,0.4964,4.6142,25.52550488964388,0.0962708761260962,13.8538217278845,2.02646180996025,ok,192.0,16.0,0.2997703590000071,0.0056962811999994
boulder,2021-03-19,2021-03-21,2,16.0,vae_percell,9.0,19,4.8924,1.0269,2.8353,25.52550488964388,0.0962708761260962,10.679785743220831,1.5621810625463963,ok,192.0,16.0,0.2997703590000071,0.0056962811999994
boulder,2021-03-26,2021-03-27,1,,vae_shared,0.0,20,2.4423,0.3899,2.0562,26.7470001340541,0.0824426945555704,9.847869762936163,1.3679496823081212,ok,21473.0,,23.367303571000008,0.0127295454999995
boulder,2021-03-26,2021-03-27,1,,vae_shared,1.0,20,1.2869,0.4209,3.0386,26.7470001340541,0.0824426945555704,6.591614698198746,0.9156292121404008,ok,21473.0,,23.367303571000008,0.0127295454999995
boulder,2021-03-26,2021-03-27,1,,vae_shared,2.0,20,1.9094,0.4759,2.7994,26.7470001340541,0.0824426945555704,9.683227448232378,1.3450795177430723,ok,21473.0,,23.367303571000008,0.0127295454999995
boulder,2021-03-26,2021-03-27,1,,vae_shared,3.0,20,1.8426,0.2239,2.5178,26.7470001340541,0.0824426945555704,6.134281096257558,0.8521018330681425,ok,21473.0,,23.367303571000008,0.0127295454999995
boulder,2021-03-26,2021-03-27,1,,vae_shared,4.0,20,1.2631,0.5275,3.102,26.7470001340541,0.0824426945555704,6.668062038660243,0.926248373199089,ok,21473.0,,23.367303571000008,0.0127295454999995
boulder,2021-03-26,2021-03-27,1,,vae_shared,5.0,20,2.1778,0.3703,2.5664,26.7470001340541,0.0824426945555704,5.734122486282083,0.7965165281680904,ok,21473.0,,23.367303571000008,0.0127295454999995
boulder,2021-03-26,2021-03-27,1,,vae_shared,6.0,20,1.7228,0.4945,2.3566,26.7470001340541,0.0824426945555704,5.994903574276217,0.8327411549209912,ok,21473.0,,23.367303571000008,0.0127295454999995
boulder,2021-03-26,2021-03-27,1,,vae_shared,7.0,20,2.6126,0.6244,3.4762,26.7470001340541,0.0824426945555704,9.006973960206683,1.2511423753586166,ok,21473.0,,23.367303571000008,0.0127295454999995
boulder,2021-03-26,2021-03-27,1,,vae_shared,8.0,20,1.8276,0.4104,2.1013,26.7470001340541,0.0824426945555704,6.256587339465304,0.8690911709216979,ok,21473.0,,23.367303571000008,0.0127295454999995
boulder,2021-03-26,2021-03-27,1,,vae_shared,9.0,20,1.7051,0.4921,2.7721,26.7470001340541,0.0824426945555704,10.609763587322597,1.4737829680959291,ok,21473.0,,23.367303571000008,0.0127295454999995
boulder,2021-03-26,2021-03-27,1,4.0,persistence,0.0,20,2.8717,0.6048,2.4141,12.06024999999999,0.0739975,7.757930284713876,1.0776399895421411,ok,63.0,4.0,0.0022377919999883,0.0057577595999987
boulder,2021-03-26,2021-03-27,1,4.0,persistence,1.0,20,1.6983,0.4985,2.6977,12.06024999999999,0.0739975,6.372160155961402,0.8851451807141827,ok,63.0,4.0,0.0022377919999883,0.0057577595999987
boulder,2021-03-26,2021-03-27,1,4.0,persistence,2.0,20,0.6358,0.5229,1.9326,12.06024999999999,0.0739975,6.287844425909943,0.8734330359647092,ok,63.0,4.0,0.0022377919999883,0.0057577595999987
boulder,2021-03-26,2021-03-27,1,4.0,persistence,3.0,20,1.9908,0.602,3.0379,12.06024999999999,0.0739975,5.628018965088891,0.7817778809680359,ok,63.0,4.0,0.0022377919999883,0.0057577595999987
boulder,2021-03-26,2021-03-27,1,4.0,persistence,4.0,20,2.2492,0.6375,1.6195,12.06024999999999,0.0739975,8.07122731814009,1.1211595107848438,ok,63.0,4.0,0.0022377919999883,0.0057577595999987
boulder,2021-03-26,2021-03-27,1,4.0,persistence,5.0,20,1.4142,0.6178,3.1132,12.06024999999999,0.0739975,6.323260012956485,0.8783525507648957,ok,63.0,4.0,0.0022377919999883,0.0057577595999987
boulder,2021-03-26,2021-03-27,1,4.0,persistence,6.0,20,1.27,0.8108,2.7913,12.06024999999999,0.0739975,8.374677887222042,1.1633112775693903,ok,63.0,4.0,0.0022377919999883,0.0057577595999987
boulder,2021-03-26,2021-03-27,1,4.0,persistence,7.0,20,1.3475,0.6001,2.0046,12.06024999999999,0.0739975,6.342039390634292,0.8809611599714253,ok,63.0,4.0,0.0022377919999883,0.0057577595999987
boulder,2021-03-26,2021-03-27,1,4.0,persistence,8.0,20,2.76,0.5293,2.2749,12.06024999999999,0.0739975,7.187300072880409,0.9983747843978896,ok,63.0,4.0,0.0022377919999883,0.0057577595999987
boulder,2021-03-26,2021-03-27,1,4.0,persistence,9.0,20,0.5592,0.7417,3.7631,12.06024999999999,0.0739975,6.580661305537084,0.9141076962824118,ok,63.0,4.0,0.0022377919999883,0.0057577595999987
boulder,2021-03-26,2021-03-27,1,4.0,vae_percell,0.0,20,3.3794,0.6334,1.8427,12.089806826295964,0.1580394105902985,8.836163138062886,1.2274153546413231,ok,63.0,4.0,0.272290068999979,0.0064912278000008
boulder,2021-03-26,2021-03-27,1,4.0,vae_percell,1.0,20,2.6598,0.4351,2.4411,12.089806826295964,0.1580394105902985,16.686081618339664,2.3178332571662263,ok,63.0,4.0,0.272290068999979,0.0064912278000008
boulder,2021-03-26,2021-03-27,1,4.0,vae_percell,2.0,20,2.5714,0.3445,4.0448,12.089806826295964,0.1580394105902985,18.832230777752716,2.615950934539896,ok,63.0,4.0,0.272290068999979,0.0064912278000008
boulder,2021-03-26,2021-03-27,1,4.0,vae_percell,3.0,20,2.1131,0.6194,2.9373,12.089806826295964,0.1580394105902985,8.836744433557818,1.22749610134155,ok,63.0,4.0,0.272290068999979,0.0064912278000008
boulder,2021-03-26,2021-03-27,1,4.0,vae_percell,4.0,20,2.1667,0.8,3.333,12.089806826295964,0.1580394105902985,7.530304574107882,1.0460209159755356,ok,63.0,4.0,0.272290068999979,0.0064912278000008
boulder,2021-03-26,2021-03-27,1,4.0,vae_percell,5.0,20,3.6006,0.8636,4.2063,12.089806826295964,0.1580394105902985,13.872487466050291,1.927002009452742,ok,63.0,4.0,0.272290068999979,0.0064912278000008
boulder,2021-03-26,2021-03-27,1,4.0,vae_percell,6.0,20,3.4675,0.3629,2.0977,12.089806826295964,0.1580394105902985,11.212555442805456,1.557515688679741,ok,63.0,4.0,0.272290068999979,0.0064912278000008
boulder,2021-03-26,2021-03-27,1,4.0,vae_percell,7.0,20,2.3336,0.5457,1.5155,12.089806826295964,0.1580394105902985,10.880678126333718,1.511415214103864,ok,63.0,4.0,0.272290068999979,0.0064912278000008
boulder,2021-03-26,2021-03-27,1,4.0,vae_percell,8.0,20,1.9517,0.4476,2.6399,12.089806826295964,0.1580394105902985,6.017329254710571,0.835856265413331,ok,63.0,4.0,0.272290068999979,0.0064912278000008
boulder,2021-03-26,2021-03-27,1,4.0,vae_percell,9.0,20,2.1413,0.3081,3.1312,12.089806826295964,0.1580394105902985,11.15714932120314,1.549819325073363,ok,63.0,4.0,0.272290068999979,0.0064912278000008
boulder,2021-03-26,2021-03-27,1,16.0,persistence,0.0,20,1.1658,0.9503,1.8231,9.34778000000001,0.2481345833333331,4.801735561058236,0.6670003557519427,ok,225.0,16.0,0.0007957409999903,0.0050192132000006
boulder,2021-03-26,2021-03-27,1,16.0,persistence,1.0,20,2.0942,1.0705,1.6316,9.34778000000001,0.2481345833333331,5.458445194039451,0.7582226967689194,ok,225.0,16.0,0.0007957409999903,0.0050192132000006
boulder,2021-03-26,2021-03-27,1,16.0,persistence,2.0,20,1.1525,0.5186,1.8031,9.34778000000001,0.2481345833333331,6.201919891826394,0.8614974151724397,ok,225.0,16.0,0.0007957409999903,0.0050192132000006
boulder,2021-03-26,2021-03-27,1,16.0,persistence,3.0,20,1.9692,0.6713,2.813,9.34778000000001,0.2481345833333331,6.0841553511762925,0.845138956962952,ok,225.0,16.0,0.0007957409999903,0.0050192132000006
boulder,2021-03-26,2021-03-27,1,16.0,persistence,4.0,20,2.765,1.1109,1.3426,9.34778000000001,0.2481345833333331,5.347577390404744,0.7428222517578474,ok,225.0,16.0,0.0007957409999903,0.0050192132000006
boulder,2021-03-26,2021-03-27,1,16.0,persistence,5.0,20,1.89,0.7748,2.4224,9.34778000000001,0.2481345833333331,5.891526997221959,0.8183813025728516,ok,225.0,16.0,0.0007957409999903,0.0050192132000006
boulder,2021-03-26,2021-03-27,1,16.0,persistence,6.0,20,1.4283,0.3937,2.0986,9.34778000000001,0.2481345833333331,4.514731666954437,0.6271331666834888,ok,225.0,16.0,0.0007957409999903,0.0050192132000006
boulder,2021-03-26,2021-03-27,1,16.0,persistence,7.0,20,2.8283,0.6862,3.3955,9.34778000000001,0.2481345833333331,6.582924743785052,0.9144221063738092,ok,225.0,16.0,0.0007957409999903,0.0050192132000006
boulder,2021-03-26,2021-03-27,1,16.0,persistence,8.0,20,1.2317,1.0347,1.7606,9.34778000000001,0.2481345833333331,6.556040101282934,0.9106876095684032,ok,225.0,16.0,0.0007957409999903,0.0050192132000006
boulder,2021-03-26,2021-03-27,1,16.0,persistence,9.0,20,1.3892,0.5332,2.061,9.34778000000001,0.2481345833333331,6.685778052005222,0.9287092723996696,ok,225.0,16.0,0.0007957409999903,0.0050192132000006
boulder,2021-03-26,2021-03-27,1,16.0,vae_percell,0.0,20,3.1024,0.6822,3.351,16.289241372140516,0.1663270971588015,6.087186056586443,0.8455599467407199,ok,225.0,16.0,0.3483407989999989,0.0059642961000008
boulder,2021-03-26,2021-03-27,1,16.0,vae_percell,1.0,20,1.9454,0.4887,2.2105,16.289241372140516,0.1663270971588015,12.392366831075575,1.7214011433637415,ok,225.0,16.0,0.3483407989999989,0.0059642961000008
boulder,2021-03-26,2021-03-27,1,16.0,vae_percell,2.0,20,2.5857,0.362,6.6967,16.289241372140516,0.1663270971588015,19.05083765106797,2.64631721781747,ok,225.0,16.0,0.3483407989999989,0.0059642961000008
boulder,2021-03-26,2021-03-27,1,16.0,vae_percell,3.0,20,2.7894,0.6668,1.7282,16.289241372140516,0.1663270971588015,9.054408752439672,1.2577314560966344,ok,225.0,16.0,0.3483407989999989,0.0059642961000008
boulder,2021-03-26,2021-03-27,1,16.0,vae_percell,4.0,20,2.8987,0.8251,3.7753,16.289241372140516,0.1663270971588015,8.282230066917954,1.1504695189495695,ok,225.0,16.0,0.3483407989999989,0.0059642961000008
boulder,2021-03-26,2021-03-27,1,16.0,vae_percell,5.0,20,3.4677,1.1655,6.5971,16.289241372140516,0.1663270971588015,17.586083304610643,2.4428508549257733,ok,225.0,16.0,0.3483407989999989,0.0059642961000008
boulder,2021-03-26,2021-03-27,1,16.0,vae_percell,6.0,20,2.7092,0.3582,1.3536,16.289241372140516,0.1663270971588015,11.3232540967944,1.572892637421086,ok,225.0,16.0,0.3483407989999989,0.0059642961000008
boulder,2021-03-26,2021-03-27,1,16.0,vae_percell,7.0,20,2.5095,0.5243,1.7745,16.289241372140516,0.1663270971588015,11.804971550724046,1.6398071330357056,ok,225.0,16.0,0.3483407989999989,0.0059642961000008
boulder,2021-03-26,2021-03-27,1,16.0,vae_percell,8.0,20,2.3063,0.3721,1.8403,16.289241372140516,0.1663270971588015,11.03889296744747,1.5333925499996484,ok,225.0,16.0,0.3483407989999989,0.0059642961000008
boulder,2021-03-26,2021-03-27,1,16.0,vae_percell,9.0,20,2.583,0.3042,3.3911,16.289241372140516,0.1663270971588015,12.00611152491286,1.66774712111583,ok,225.0,16.0,0.3483407989999989,0.0059642961000008
boulder,2021-03-26,2021-03-28,2,,vae_shared,0.0,26,4.454,0.9234,5.8745,127.62715152064617,0.918996364655869,11.623904524401398,0.8445559111940955,ok,21473.0,,23.367303571000008,0.0060410643000011
boulder,2021-03-26,2021-03-28,2,,vae_shared,1.0,26,1.3138,1.0642,5.1789,127.62715152064617,0.918996364655869,8.702153635705406,0.6322707897097657,ok,21473.0,,23.367303571000008,0.0060410643000011
boulder,2021-03-26,2021-03-28,2,,vae_shared,2.0,26,2.3905,1.0884,5.7952,127.62715152064617,0.918996364655869,11.03993250578643,0.8021263627357543,ok,21473.0,,23.367303571000008,0.0060410643000011
boulder,2021-03-26,2021-03-28,2,,vae_shared,3.0,26,2.3129,1.0252,5.4684,127.62715152064617,0.918996364655869,9.864596528956053,0.7167301910115805,ok,21473.0,,23.367303571000008,0.0060410643000011
boulder,2021-03-26,2021-03-28,2,,vae_shared,4.0,26,3.7162,1.2862,5.3177,127.62715152064617,0.918996364655869,10.420885458298423,0.7571483743011692,ok,21473.0,,23.367303571000008,0.0060410643000011
boulder,2021-03-26,2021-03-28,2,,vae_shared,5.0,26,1.7104,1.2561,6.5261,127.62715152064617,0.918996364655869,9.835543519653008,0.7146192918130063,ok,21473.0,,23.367303571000008,0.0060410643000011
boulder,2021-03-26,2021-03-28,2,,vae_shared,6.0,26,2.0982,1.3279,5.5356,127.62715152064617,0.918996364655869,10.659694908860276,0.7744995089992937,ok,21473.0,,23.367303571000008,0.0060410643000011
boulder,2021-03-26,2021-03-28,2,,vae_shared,7.0,26,1.7883,0.8621,5.1377,127.62715152064617,0.918996364655869,9.6723252689599,0.7027603731382831,ok,21473.0,,23.367303571000008,0.0060410643000011
boulder,2021-03-26,2021-03-28,2,,vae_shared,8.0,26,1.1994,1.1621,5.4398,127.62715152064617,0.918996364655869,10.077694125924737,0.7322131842522211,ok,21473.0,,23.367303571000008,0.0060410643000011
boulder,2021-03-26,2021-03-28,2,,vae_shared,9.0,26,2.4433,1.412,5.8563,127.62715152064617,0.918996364655869,8.86456847063508,0.6440713347518829,ok,21473.0,,23.367303571000008,0.0060410643000011
boulder,2021-03-26,2021-03-28,2,4.0,persistence,0.0,26,1.6212,1.3706,4.8043,102.73322,1.0660959401709396,8.058964024947565,0.58553867945853,ok,71.0,4.0,0.000965414999996,0.0054216252000003
boulder,2021-03-26,2021-03-28,2,4.0,persistence,1.0,26,1.3071,1.238,4.0729,102.73322,1.0660959401709396,10.56376106238329,0.7675292610111377,ok,71.0,4.0,0.000965414999996,0.0054216252000003
boulder,2021-03-26,2021-03-28,2,4.0,persistence,2.0,26,0.9718,1.5464,5.7663,102.73322,1.0660959401709396,9.65034987338617,0.701163710829705,ok,71.0,4.0,0.000965414999996,0.0054216252000003
boulder,2021-03-26,2021-03-28,2,4.0,persistence,3.0,26,1.0135,1.2672,4.1868,102.73322,1.0660959401709396,7.091239815054438,0.5152269180228461,ok,71.0,4.0,0.000965414999996,0.0054216252000003
boulder,2021-03-26,2021-03-28,2,4.0,persistence,4.0,26,1.7788,1.0222,4.1387,102.73322,1.0660959401709396,8.463067126979592,0.6148995248471489,ok,71.0,4.0,0.000965414999996,0.0054216252000003
boulder,2021-03-26,2021-03-28,2,4.0,persistence,5.0,26,1.2686,1.6004,6.208,102.73322,1.0660959401709396,10.430058713224808,0.7578148738114417,ok,71.0,4.0,0.000965414999996,0.0054216252000003
boulder,2021-03-26,2021-03-28,2,4.0,persistence,6.0,26,1.3064,1.1915,5.2221,102.73322,1.0660959401709396,8.012549669520453,0.5821663601007838,ok,71.0,4.0,0.000965414999996,0.0054216252000003
boulder,2021-03-26,2021-03-28,2,4.0,persistence,7.0,26,2.6827,1.1724,5.5662,102.73322,1.0660959401709396,10.165986098528958,0.7386281980040417,ok,71.0,4.0,0.000965414999996,0.0054216252000003
boulder,2021-03-26,2021-03-28,2,4.0,persistence,8.0,26,0.8083,0.9033,2.9737,102.73322,1.0660959401709396,7.519657199235528,0.5463543617754079,ok,71.0,4.0,0.000965414999996,0.0054216252000003
boulder,2021-03-26,2021-03-28,2,4.0,persistence,9.0,26,1.7051,1.1751,4.2015,102.73322,1.0660959401709396,9.925566566032746,0.7211600798764409,ok,71.0,4.0,0.000965414999996,0.0054216252000003
boulder,2021-03-26,2021-03-28,2,4.0,vae_percell,0.0,26,3.495,1.168,4.8092,94.450966838875,0.9680085599587877,17.44917291321728,1.267801374174179,ok,71.0,4.0,0.256683780000003,0.0059124809999985
boulder,2021-03-26,2021-03-28,2,4.0,vae_percell,1.0,26,2.2304,1.2229,7.3262,94.450966838875,0.9680085599587877,13.099113373807086,0.951739891533574,ok,71.0,4.0,0.256683780000003,0.0059124809999985
boulder,2021-03-26,2021-03-28,2,4.0,vae_percell,2.0,26,1.3717,1.2071,4.3773,94.450966838875,0.9680085599587877,10.438877709831605,0.7584556340395935,ok,71.0,4.0,0.256683780000003,0.0059124809999985
boulder,2021-03-26,2021-03-28,2,4.0,vae_percell,3.0,26,3.043,1.0725,3.4638,94.450966838875,0.9680085599587877,13.15048662632243,0.9554725085727124,ok,71.0,4.0,0.256683780000003,0.0059124809999985
boulder,2021-03-26,2021-03-28,2,4.0,vae_percell,4.0,26,3.8363,1.5602,5.0281,94.450966838875,0.9680085599587877,11.295149951079107,0.8206696501147331,ok,71.0,4.0,0.256683780000003,0.0059124809999985
boulder,2021-03-26,2021-03-28,2,4.0,vae_percell,5.0,26,2.4867,0.9486,5.9173,94.450966838875,0.9680085599587877,12.010524309790798,0.8726464744338194,ok,71.0,4.0,0.256683780000003,0.0059124809999985
boulder,2021-03-26,2021-03-28,2,4.0,vae_percell,6.0,26,2.7498,1.1333,6.8165,94.450966838875,0.9680085599587877,15.006194381733163,1.0903023285347422,ok,71.0,4.0,0.256683780000003,0.0059124809999985
boulder,2021-03-26,2021-03-28,2,4.0,vae_percell,7.0,26,3.1234,0.9854,3.4761,94.450966838875,0.9680085599587877,14.091040491119951,1.023810159199803,ok,71.0,4.0,0.256683780000003,0.0059124809999985
boulder,2021-03-26,2021-03-28,2,4.0,vae_percell,8.0,26,2.6011,1.1239,4.8898,94.450966838875,0.9680085599587877,12.4934469252583,0.9077340948359144,ok,71.0,4.0,0.256683780000003,0.0059124809999985
boulder,2021-03-26,2021-03-28,2,4.0,vae_percell,9.0,26,4.0346,1.3232,3.1105,94.450966838875,0.9680085599587877,16.363119052657954,1.188892156889655,ok,71.0,4.0,0.256683780000003,0.0059124809999985
boulder,2021-03-26,2021-03-28,2,16.0,persistence,0.0,26,1.4295,1.5216,6.4237,103.48774999999998,0.9343520299145288,9.175156295977292,0.6666376577363013,ok,197.0,16.0,0.000880058000007,0.0045729676999997
boulder,2021-03-26,2021-03-28,2,16.0,persistence,1.0,26,1.55,1.2279,4.4557,103.48774999999998,0.9343520299145288,10.409083318080205,0.756290868351674,ok,197.0,16.0,0.000880058000007,0.0045729676999997
boulder,2021-03-26,2021-03-28,2,16.0,persistence,2.0,26,1.1064,1.5455,6.3133,103.48774999999998,0.9343520299145288,10.778063018639386,0.7830997591648866,ok,197.0,16.0,0.000880058000007,0.0045729676999997
boulder,2021-03-26,2021-03-28,2,16.0,persistence,3.0,26,1.5776,1.6184,7.1077,103.48774999999998,0.9343520299145288,11.836094455688864,0.8599729563348656,ok,197.0,16.0,0.000880058000007,0.0045729676999997
boulder,2021-03-26,2021-03-28,2,16.0,persistence,4.0,26,1.9019,1.5324,6.4867,103.48774999999998,0.9343520299145288,10.539778120532462,0.765786736778818,ok,197.0,16.0,0.000880058000007,0.0045729676999997
boulder,2021-03-26,2021-03-28,2,16.0,persistence,5.0,26,1.934,1.2467,4.3467,103.48774999999998,0.9343520299145288,12.007407007994,0.8724199812056674,ok,197.0,16.0,0.000880058000007,0.0045729676999997
boulder,2021-03-26,2021-03-28,2,16.0,persistence,6.0,26,1.3199,0.8553,4.4317,103.48774999999998,0.9343520299145288,9.66008329325297,0.7018709101418968,ok,197.0,16.0,0.000880058000007,0.0045729676999997
boulder,2021-03-26,2021-03-28,2,16.0,persistence,7.0,26,2.7346,0.965,4.3392,103.48774999999998,0.9343520299145288,12.210483066605589,0.8871748413615106,ok,197.0,16.0,0.000880058000007,0.0045729676999997
boulder,2021-03-26,2021-03-28,2,16.0,persistence,8.0,26,1.9449,1.2872,5.0208,103.48774999999998,0.9343520299145288,11.91313704926882,0.8655706260064535,ok,197.0,16.0,0.000880058000007,0.0045729676999997
boulder,2021-03-26,2021-03-28,2,16.0,persistence,9.0,26,1.9519,0.7586,4.3514,103.48774999999998,0.9343520299145288,10.790358791810036,0.7839931309137833,ok,197.0,16.0,0.000880058000007,0.0045729676999997
boulder,2021-03-26,2021-03-28,2,16.0,vae_percell,0.0,26,3.2089,1.1293,3.9022,70.85895778267295,0.8202763592371648,15.15815849164079,1.101343557154817,ok,197.0,16.0,0.3085699499999919,0.0058030204999994
boulder,2021-03-26,2021-03-28,2,16.0,vae_percell,1.0,26,1.4983,1.2129,6.1332,70.85895778267295,0.8202763592371648,11.696137379367636,0.8498041205643719,ok,197.0,16.0,0.3085699499999919,0.0058030204999994
boulder,2021-03-26,2021-03-28,2,16.0,vae_percell,2.0,26,1.6306,0.9612,4.3059,70.85895778267295,0.8202763592371648,10.830179995574245,0.7868864128535418,ok,197.0,16.0,0.3085699499999919,0.0058030204999994
boulder,2021-03-26,2021-03-28,2,16.0,vae_percell,3.0,26,2.7357,1.0924,3.373,70.85895778267295,0.8202763592371648,12.258126010383789,0.8906364260390257,ok,197.0,16.0,0.3085699499999919,0.0058030204999994
boulder,2021-03-26,2021-03-28,2,16.0,vae_percell,4.0,26,2.8299,1.1566,2.1728,70.85895778267295,0.8202763592371648,13.866002911780509,1.007459644837528,ok,197.0,16.0,0.3085699499999919,0.0058030204999994
boulder,2021-03-26,2021-03-28,2,16.0,vae_percell,5.0,26,2.2378,0.7557,5.7075,70.85895778267295,0.8202763592371648,9.800293393101908,0.7120581297966997,ok,197.0,16.0,0.3085699499999919,0.0058030204999994
boulder,2021-03-26,2021-03-28,2,16.0,vae_percell,6.0,26,2.982,1.1418,6.8504,70.85895778267295,0.8202763592371648,14.699199101768963,1.0679970284646865,ok,197.0,16.0,0.3085699499999919,0.0058030204999994
boulder,2021-03-26,2021-03-28,2,16.0,vae_percell,7.0,26,2.6927,0.93,4.1058,70.85895778267295,0.8202763592371648,10.628079540679222,0.7722024369590137,ok,197.0,16.0,0.3085699499999919,0.0058030204999994
boulder,2021-03-26,2021-03-28,2,16.0,vae_percell,8.0,26,1.4861,1.018,3.7223,70.85895778267295,0.8202763592371648,9.183395546680948,0.6672362954720961,ok,197.0,16.0,0.3085699499999919,0.0058030204999994
boulder,2021-03-26,2021-03-28,2,16.0,vae_percell,9.0,26,3.4531,1.4502,3.2839,70.85895778267295,0.8202763592371648,14.566685499230116,1.0583690118113431,ok,197.0,16.0,0.3085699499999919,0.0058030204999994
office,2021-03-10,2021-03-11,1,,vae_shared,0.0,2,0.1467,2.7573,6.8857,6.012361965274611,0.8623213657120912,1.4914304802166871,1.16196499026783,ok,1370.0,,6.345524584000032,0.0070184345999981
office,2021-03-10,2021-03-11,1,,vae_shared,1.0,2,1.4594,8.1737,4.9004,6.012361965274611,0.8623213657120912,1.6777284111755737,1.3071086469149091,ok,1370.0,,6.345524584000032,0.0070184345999981
office,2021-03-10,2021-03-11,1,,vae_shared,2.0,2,0.3034,1.3596,5.1153,6.012361965274611,0.8623213657120912,0.9567555601562422,0.7454028061597084,ok,1370.0,,6.345524584000032,0.0070184345999981
office,2021-03-10,2021-03-11,1,,vae_shared,3.0,2,1.0492,5.5301,10.1591,6.012361965274611,0.8623213657120912,2.224864158836235,1.733378990815441,ok,1370.0,,6.345524584000032,0.0070184345999981
office,2021-03-10,2021-03-11,1,,vae_shared,4.0,2,1.513,3.9526,6.1276,6.012361965274611,0.8623213657120912,2.381018300659131,1.8550377930796675,ok,1370.0,,6.345524584000032,0.0070184345999981
office,2021-03-10,2021-03-11,1,,vae_shared,5.0,2,0.4861,3.129,13.2864,6.012361965274611,0.8623213657120912,1.581776647425118,1.232353174426322,ok,1370.0,,6.345524584000032,0.0070184345999981
office,2021-03-10,2021-03-11,1,,vae_shared,6.0,2,2.3773,3.1979,8.0834,6.012361965274611,0.8623213657120912,1.9016152115345812,1.4815375775630568,ok,1370.0,,6.345524584000032,0.0070184345999981
office,2021-03-10,2021-03-11,1,,vae_shared,7.0,2,2.1603,0.8512,6.9894,6.012361965274611,0.8623213657120912,2.000594288852779,1.558651612805282,ok,1370.0,,6.345524584000032,0.0070184345999981
office,2021-03-10,2021-03-11,1,,vae_shared,8.0,2,2.1182,3.9955,4.3398,6.012361965274611,0.8623213657120912,1.9052749170907808,1.484388833312084,ok,1370.0,,6.345524584000032,0.0070184345999981
office,2021-03-10,2021-03-11,1,,vae_shared,9.0,2,1.5426,1.3715,8.7373,6.012361965274611,0.8623213657120912,1.6500475744470615,1.2855426647209702,ok,1370.0,,6.345524584000032,0.0070184345999981
office,2021-03-10,2021-03-11,1,,vae_shared,10.0,2,0.5167,1.8923,29.3133,6.012361965274611,0.8623213657120912,4.4838716897164135,3.493358888271188,ok,1370.0,,6.345524584000032,0.0070184345999981
office,2021-03-10,2021-03-11,1,,vae_shared,11.0,2,2.4409,3.8287,14.4205,6.012361965274611,0.8623213657120912,3.725999014222117,2.902904604490532,ok,1370.0,,6.345524584000032,0.0070184345999981
office,2021-03-10,2021-03-11,1,,vae_shared,12.0,2,1.2634,1.0038,4.3688,6.012361965274611,0.8623213657120912,2.1114719096004544,1.6450357354458989,ok,1370.0,,6.345524584000032,0.0070184345999981
office,2021-03-10,2021-03-11,1,,vae_shared,13.0,2,1.3424,2.0825,9.7988,6.012361965274611,0.8623213657120912,4.064863791415054,3.1669122218458474,ok,1370.0,,6.345524584000032,0.0070184345999981
office,2021-03-10,2021-03-11,1,,vae_shared,14.0,2,2.1728,4.0257,16.9262,6.012361965274611,0.8623213657120912,2.178965644996755,1.6976197201727683,ok,1370.0,,6.345524584000032,0.0070184345999981
office,2021-03-10,2021-03-11,1,1.0,,,2,,,,,,,,insufficient_volume,,,,
office,2021-03-10,2021-03-11,1,4.0,,,2,,,,,,,,insufficient_volume,,,,
office,2021-03-10,2021-03-11,1,16.0,persistence,0.0,2,2.025,2.2614,5.431,4.045044444444442,1.0644104938271577,1.3371542536251602,1.041769261061641,ok,21.0,16.0,0.000993476000076,0.0055826300666694
office,2021-03-10,2021-03-11,1,16.0,persistence,1.0,2,0.9167,3.6708,4.558,4.045044444444442,1.0644104938271577,1.3486306884760135,1.050710486071233,ok,21.0,16.0,0.000993476000076,0.0055826300666694
office,2021-03-10,2021-03-11,1,16.0,persistence,2.0,2,2.0583,2.1443,5.2935,4.045044444444442,1.0644104938271577,1.3435779003924997,1.046773887661743,ok,21.0,16.0,0.000993476000076,0.0055826300666694
office,2021-03-10,2021-03-11,1,16.0,persistence,3.0,2,1.0667,1.4213,3.402,4.045044444444442,1.0644104938271577,0.8079485697809967,0.6294681277306906,ok,21.0,16.0,0.000993476000076,0.0055826300666694
office,2021-03-10,2021-03-11,1,16.0,persistence,4.0,2,6.5083,2.5096,14.9745,4.045044444444442,1.0644104938271577,1.643747305980532,1.2806341614521273,ok,21.0,16.0,0.000993476000076,0.0055826300666694
office,2021-03-10,2021-03-11,1,16.0,persistence,5.0,2,1.2167,1.2622,2.6045,4.045044444444442,1.0644104938271577,0.9361720428326568,0.7293663050798173,ok,21.0,16.0,0.000993476000076,0.0055826300666694
office,2021-03-10,2021-03-11,1,16.0,persistence,6.0,2,0.65,6.6981,11.8015,4.045044444444442,1.0644104938271577,2.233196973636542,1.739871039353255,ok,21.0,16.0,0.000993476000076,0.0055826300666694
office,2021-03-10,2021-03-11,1,16.0,persistence,7.0,2,1.2833,1.4769,10.71,4.045044444444442,1.0644104938271577,1.910292246930567,1.4882978064058958,ok,21.0,16.0,0.000993476000076,0.0055826300666694
office,2021-03-10,2021-03-11,1,16.0,persistence,8.0,2,5.3417,3.6147,9.698,4.045044444444442,1.0644104938271577,2.2555620802962366,1.757295566534968,ok,21.0,16.0,0.000993476000076,0.0055826300666694
office,2021-03-10,2021-03-11,1,16.0,persistence,9.0,2,2.3,3.7146,0.757,4.045044444444442,1.0644104938271577,1.1767986053783426,0.916837089079053,ok,21.0,16.0,0.000993476000076,0.0055826300666694
office,2021-03-10,2021-03-11,1,16.0,persistence,10.0,2,1.4167,0.4913,10.5905,4.045044444444442,1.0644104938271577,2.151923376190403,1.6765512426089817,ok,21.0,16.0,0.000993476000076,0.0055826300666694
office,2021-03-10,2021-03-11,1,16.0,persistence,11.0,2,1.6083,1.6117,5.4135,4.045044444444442,1.0644104938271577,0.7806598716485722,0.6082076584829,ok,21.0,16.0,0.000993476000076,0.0055826300666694
office,2021-03-10,2021-03-11,1,16.0,persistence,12.0,2,1.4083,2.9746,2.3705,4.045044444444442,1.0644104938271577,0.9881739895773758,0.7698807255269282,ok,21.0,16.0,0.000993476000076,0.0055826300666694
office,2021-03-10,2021-03-11,1,16.0,persistence,13.0,2,1.6083,1.6117,5.4135,4.045044444444442,1.0644104938271577,1.13065100640705,0.8808837576292553,ok,21.0,16.0,0.000993476000076,0.0055826300666694
office,2021-03-10,2021-03-11,1,16.0,persistence,14.0,2,3.1833,3.084,4.7485,4.045044444444442,1.0644104938271577,1.7761992838683514,1.383826742828776,ok,21.0,16.0,0.000993476000076,0.0055826300666694
office,2021-03-10,2021-03-11,1,16.0,vae_percell,0.0,2,1.22,1.3561,5.1095,5.976828685109973,1.1416192155765512,1.2852716419239405,1.0013478138670533,ok,21.0,16.0,0.32228589500005,0.0074528741333324
office,2021-03-10,2021-03-11,1,16.0,vae_percell,1.0,2,0.547,12.0752,3.2097,5.976828685109973,1.1416192155765512,1.6380272475819917,1.276177696541724,ok,21.0,16.0,0.32228589500005,0.0074528741333324
office,2021-03-10,2021-03-11,1,16.0,vae_percell,2.0,2,0.8787,2.3443,3.3253,5.976828685109973,1.1416192155765512,1.8304046856120075,1.4260578625121958,ok,21.0,16.0,0.32228589500005,0.0074528741333324
office,2021-03-10,2021-03-11,1,16.0,vae_percell,3.0,2,1.3304,4.1054,5.7047,5.976828685109973,1.1416192155765512,1.883076941799314,1.4670945172271888,ok,21.0,16.0,0.32228589500005,0.0074528741333324
office,2021-03-10,2021-03-11,1,16.0,vae_percell,4.0,2,1.1907,3.2686,2.8917,5.976828685109973,1.1416192155765512,2.69746415850637,2.1015789580961823,ok,21.0,16.0,0.32228589500005,0.0074528741333324
office,2021-03-10,2021-03-11,1,16.0,vae_percell,5.0,2,0.6202,8.2939,2.4388,5.976828685109973,1.1416192155765512,1.5863147002945326,1.2358887455630188,ok,21.0,16.0,0.32228589500005,0.0074528741333324
office,2021-03-10,2021-03-11,1,16.0,vae_percell,6.0,2,3.7366,5.0065,5.0942,5.976828685109973,1.1416192155765512,2.12035782395266,1.6519587006935188,ok,21.0,16.0,0.32228589500005,0.0074528741333324
office,2021-03-10,2021-03-11,1,16.0,vae_percell,7.0,2,1.0862,0.9593,13.0906,5.976828685109973,1.1416192155765512,2.102771082709979,1.638256970785246,ok,21.0,16.0,0.32228589500005,0.0074528741333324
office,2021-03-10,2021-03-11,1,16.0,vae_percell,8.0,2,3.8805,2.7406,12.6792,5.976828685109973,1.1416192155765512,2.89806561530122,2.257866410233056,ok,21.0,16.0,0.32228589500005,0.0074528741333324
office,2021-03-10,2021-03-11,1,16.0,vae_percell,9.0,2,3.3002,2.7607,7.8555,5.976828685109973,1.1416192155765512,2.069783261870605,1.6125563475050977,ok,21.0,16.0,0.32228589500005,0.0074528741333324
office,2021-03-10,2021-03-11,1,16.0,vae_percell,10.0,2,1.6005,1.1997,15.4505,5.976828685109973,1.1416192155765512,4.172203329434844,3.250539844390076,ok,21.0,16.0,0.32228589500005,0.0074528741333324
office,2021-03-10,2021-03-11,1,16.0,vae_percell,11.0,2,1.7776,3.5702,15.1697,5.976828685109973,1.1416192155765512,4.471786230257312,3.483943175659,ok,21.0,16.0,0.32228589500005,0.0074528741333324
office,2021-03-10,2021-03-11,1,16.0,vae_percell,12.0,2,0.8462,4.1474,0.3699,5.976828685109973,1.1416192155765512,2.390885862718794,1.862725554463596,ok,21.0,16.0,0.32228589500005,0.0074528741333324
office,2021-03-10,2021-03-11,1,16.0,vae_percell,13.0,2,1.9853,2.0233,7.4163,5.976828685109973,1.1416192155765512,3.8189556825752473,2.9753266152185023,ok,21.0,16.0,0.32228589500005,0.0074528741333324
office,2021-03-10,2021-03-11,1,16.0,vae_percell,14.0,2,1.4672,4.4317,20.9295,5.976828685109973,1.1416192155765512,2.8049552724353557,2.1853246725677176,ok,21.0,16.0,0.32228589500005,0.0074528741333324
office,2021-03-10,2021-03-12,2,,vae_shared,0.0,3,0.9516,1.4056,9.1385,7.42525186662245,0.8590154137395754,3.241104719795775,1.5536794086825112,ok,1370.0,,6.345524584000032,0.0077852291333329
office,2021-03-10,2021-03-12,2,,vae_shared,1.0,3,2.3987,1.4231,6.0111,7.42525186662245,0.8590154137395754,2.1132578035564173,1.013026550660209,ok,1370.0,,6.345524584000032,0.0077852291333329
office,2021-03-10,2021-03-12,2,,vae_shared,2.0,3,2.731,3.3624,11.9215,7.42525186662245,0.8590154137395754,3.766215095153416,1.8054001175185157,ok,1370.0,,6.345524584000032,0.0077852291333329
office,2021-03-10,2021-03-12,2,,vae_shared,3.0,3,1.0095,1.6512,10.1786,7.42525186662245,0.8590154137395754,3.1546216458053564,1.5122222566078487,ok,1370.0,,6.345524584000032,0.0077852291333329
office,2021-03-10,2021-03-12,2,,vae_shared,4.0,3,2.8213,5.4671,9.1661,7.42525186662245,0.8590154137395754,3.271275327698268,1.568142209578525,ok,1370.0,,6.345524584000032,0.0077852291333329
office,2021-03-10,2021-03-12,2,,vae_shared,5.0,3,1.2838,2.2488,6.2486,7.42525186662245,0.8590154137395754,2.712378444396917,1.3002253558408103,ok,1370.0,,6.345524584000032,0.0077852291333329
office,2021-03-10,2021-03-12,2,,vae_shared,6.0,3,1.0267,1.7136,10.2779,7.42525186662245,0.8590154137395754,2.45801552045776,1.1782921042421253,ok,1370.0,,6.345524584000032,0.0077852291333329
office,2021-03-10,2021-03-12,2,,vae_shared,7.0,3,1.161,1.5471,3.9297,7.42525186662245,0.8590154137395754,2.6078028178388237,1.2500952268631758,ok,1370.0,,6.345524584000032,0.0077852291333329
office,2021-03-10,2021-03-12,2,,vae_shared,8.0,3,2.142,2.2066,17.0653,7.42525186662245,0.8590154137395754,8.908268037636615,4.270331820063092,ok,1370.0,,6.345524584000032,0.0077852291333329
office,2021-03-10,2021-03-12,2,,vae_shared,9.0,3,1.2276,5.3376,16.2313,7.42525186662245,0.8590154137395754,6.976859034186093,3.34447762594308,ok,1370.0,,6.345524584000032,0.0077852291333329
office,2021-03-10,2021-03-12,2,,vae_shared,10.0,3,0.9201,0.1766,11.1204,7.42525186662245,0.8590154137395754,2.771735340734815,1.328679107131298,ok,1370.0,,6.345524584000032,0.0077852291333329
office,2021-03-10,2021-03-12,2,,vae_shared,11.0,3,1.9488,1.0782,9.4962,7.42525186662245,0.8590154137395754,3.8721541222981575,1.8561838160659083,ok,1370.0,,6.345524584000032,0.0077852291333329
office,2021-03-10,2021-03-12,2,,vae_shared,12.0,3,0.4159,5.9178,4.4834,7.42525186662245,0.8590154137395754,2.634240567299661,1.2627686177284358,ok,1370.0,,6.345524584000032,0.0077852291333329
office,2021-03-10,2021-03-12,2,,vae_shared,13.0,3,2.3724,2.1694,6.9023,7.42525186662245,0.8590154137395754,2.3806316836323598,1.1411968283301368,ok,1370.0,,6.345524584000032,0.0077852291333329
office,2021-03-10,2021-03-12,2,,vae_shared,14.0,3,0.8163,0.9757,3.5144,7.42525186662245,0.8590154137395754,2.593258884732964,1.2431233418605667,ok,1370.0,,6.345524584000032,0.0077852291333329
office,2021-03-10,2021-03-12,2,1.0,,,3,,,,,,,,insufficient_volume,,,,
office,2021-03-10,2021-03-12,2,4.0,,,3,,,,,,,,insufficient_volume,,,,
office,2021-03-10,2021-03-12,2,16.0,persistence,0.0,3,2.2778,2.9504,7.3863,10.733088888888888,1.4162662551440357,2.7940717619476185,1.3393864556134472,ok,22.0,16.0,0.0010011119999262,0.0060622934666677
office,2021-03-10,2021-03-12,2,16.0,persistence,1.0,3,1.4111,2.6594,5.709,10.733088888888888,1.4162662551440357,2.001178986354677,0.9592996379281796,ok,22.0,16.0,0.0010011119999262,0.0060622934666677
office,2021-03-10,2021-03-12,2,16.0,persistence,2.0,3,2.35,2.0265,6.0643,10.733088888888888,1.4162662551440357,2.339315775605871,1.1213913357276577,ok,22.0,16.0,0.0010011119999262,0.0060622934666677
office,2021-03-10,2021-03-12,2,16.0,persistence,3.0,3,1.6333,1.3102,2.9507,10.733088888888888,1.4162662551440357,2.1289251458060683,1.0205369611981312,ok,22.0,16.0,0.0010011119999262,0.0060622934666677
office,2021-03-10,2021-03-12,2,16.0,persistence,4.0,3,1.9889,1.6547,7.685,10.733088888888888,1.4162662551440357,3.078624800524376,1.4757918589978234,ok,22.0,16.0,0.0010011119999262,0.0060622934666677
office,2021-03-10,2021-03-12,2,16.0,persistence,5.0,3,1.3222,2.1703,7.499,10.733088888888888,1.4162662551440357,2.137279110965459,1.0245415783799587,ok,22.0,16.0,0.0010011119999262,0.0060622934666677
office,2021-03-10,2021-03-12,2,16.0,persistence,6.0,3,2.6056,3.674,14.7387,10.733088888888888,1.4162662551440357,3.657452693080333,1.75326298553765,ok,22.0,16.0,0.0010011119999262,0.0060622934666677
office,2021-03-10,2021-03-12,2,16.0,persistence,7.0,3,1.7333,1.1349,5.86,10.733088888888888,1.4162662551440357,2.923912847431968,1.4016280177838698,ok,22.0,16.0,0.0010011119999262,0.0060622934666677
office,2021-03-10,2021-03-12,2,16.0,persistence,8.0,3,0.9889,2.9431,8.613,10.733088888888888,1.4162662551440357,2.1754656626359963,1.0428469600779753,ok,22.0,16.0,0.0010011119999262,0.0060622934666677
office,2021-03-10,2021-03-12,2,16.0,persistence,9.0,3,2.1722,3.2265,12.816,10.733088888888888,1.4162662551440357,3.2930428083948984,1.578576826618415,ok,22.0,16.0,0.0010011119999262,0.0060622934666677
office,2021-03-10,2021-03-12,2,16.0,persistence,10.0,3,0.75,2.1497,5.5017,10.733088888888888,1.4162662551440357,1.828199618047036,0.8763789963873458,ok,22.0,16.0,0.0010011119999262,0.0060622934666677
office,2021-03-10,2021-03-12,2,16.0,persistence,11.0,3,1.7556,2.7069,6.3647,10.733088888888888,1.4162662551440357,3.1108053972124954,1.4912181826608857,ok,22.0,16.0,0.0010011119999262,0.0060622934666677
office,2021-03-10,2021-03-12,2,16.0,persistence,12.0,3,1.5778,2.3654,8.4767,10.733088888888888,1.4162662551440357,2.682864335776647,1.2860772591906589,ok,22.0,16.0,0.0010011119999262,0.0060622934666677
office,2021-03-10,2021-03-12,2,16.0,persistence,13.0,3,2.2667,3.4102,11.641,10.733088888888888,1.4162662551440357,3.199423000381844,1.533698558086611,ok,22.0,16.0,0.0010011119999262,0.0060622934666677
office,2021-03-10,2021-03-12,2,16.0,persistence,14.0,3,1.8056,2.336,7.6323,10.733088888888888,1.4162662551440357,2.2946074923133875,1.0999596495729898,ok,22.0,16.0,0.0010011119999262,0.0060622934666677
office,2021-03-10,2021-03-12,2,16.0,vae_percell,0.0,3,1.1687,1.4695,8.0933,6.192840825136422,1.1171064362307284,3.732185190434038,1.7890872961773845,ok,22.0,16.0,0.3140534400000661,0.0072605493999996
office,2021-03-10,2021-03-12,2,16.0,vae_percell,1.0,3,1.8792,1.5084,5.809,6.192840825136422,1.1171064362307284,2.5378458840581977,1.216560164930227,ok,22.0,16.0,0.3140534400000661,0.0072605493999996
office,2021-03-10,2021-03-12,2,16.0,vae_percell,2.0,3,0.9282,7.8534,5.3703,6.192840825136422,1.1171064362307284,3.22569542130699,1.5462926958688086,ok,22.0,16.0,0.3140534400000661,0.0072605493999996
office,2021-03-10,2021-03-12,2,16.0,vae_percell,3.0,3,2.2489,4.1339,8.2729,6.192840825136422,1.1171064362307284,3.229139123717048,1.5479434939721397,ok,22.0,16.0,0.3140534400000661,0.0072605493999996
office,2021-03-10,2021-03-12,2,16.0,vae_percell,4.0,3,1.3498,7.4702,8.8775,6.192840825136422,1.1171064362307284,3.0590728846279065,1.466419311130703,ok,22.0,16.0,0.3140534400000661,0.0072605493999996
office,2021-03-10,2021-03-12,2,16.0,vae_percell,5.0,3,2.0227,1.2662,5.8359,6.192840825136422,1.1171064362307284,2.3649038340348967,1.1336574125521814,ok,22.0,16.0,0.3140534400000661,0.0072605493999996
office,2021-03-10,2021-03-12,2,16.0,vae_percell,6.0,3,0.897,1.0416,6.2223,6.192840825136422,1.1171064362307284,1.829442476314488,0.8769747819188214,ok,22.0,16.0,0.3140534400000661,0.0072605493999996
office,2021-03-10,2021-03-12,2,16.0,vae_percell,7.0,3,0.7627,0.7723,9.0914,6.192840825136422,1.1171064362307284,2.353977768914999,1.1284198149235003,ok,22.0,16.0,0.3140534400000661,0.0072605493999996
office,2021-03-10,2021-03-12,2,16.0,vae_percell,8.0,3,1.4297,1.7541,13.7741,6.192840825136422,1.1171064362307284,7.585510269111083,3.636245085660248,ok,22.0,16.0,0.3140534400000661,0.0072605493999996
office,2021-03-10,2021-03-12,2,16.0,vae_percell,9.0,3,1.4806,7.2003,5.8398,6.192840825136422,1.1171064362307284,4.365800795219663,2.0928218568543904,ok,22.0,16.0,0.3140534400000661,0.0072605493999996
office,2021-03-10,2021-03-12,2,16.0,vae_percell,10.0,3,0.7956,0.6905,9.5779,6.192840825136422,1.1171064362307284,2.27148127293654,1.0888736977285374,ok,22.0,16.0,0.3140534400000661,0.0072605493999996
office,2021-03-10,2021-03-12,2,16.0,vae_percell,11.0,3,3.3156,1.8974,13.1172,6.192840825136422,1.1171064362307284,3.033428859705066,1.454126405802772,ok,22.0,16.0,0.3140534400000661,0.0072605493999996
office,2021-03-10,2021-03-12,2,16.0,vae_percell,12.0,3,0.6591,4.1523,4.987,6.192840825136422,1.1171064362307284,3.274210149961779,1.5695490672129329,ok,22.0,16.0,0.3140534400000661,0.0072605493999996
office,2021-03-10,2021-03-12,2,16.0,vae_percell,13.0,3,2.484,4.2652,9.757,6.192840825136422,1.1171064362307284,2.5944368828457884,1.2436880355590405,ok,22.0,16.0,0.3140534400000661,0.0072605493999996
office,2021-03-10,2021-03-12,2,16.0,vae_percell,14.0,3,0.5622,1.1174,4.4681,6.192840825136422,1.1171064362307284,2.649668320762159,1.270164177251864,ok,22.0,16.0,0.3140534400000661,0.0072605493999996
office,2021-03-10,2021-03-13,3,,,,0,,,,,,,,no_target_sessions,,,,
office,2021-03-17,2021-03-18,1,,vae_shared,0.0,3,1.8265,2.7641,4.0643,7.170982474981971,1.2224329860650447,1.1972430938039766,1.051712391614342,ok,1386.0,,2.568728216000068,0.007414191999995
office,2021-03-17,2021-03-18,1,,vae_shared,1.0,3,2.7886,0.4954,21.9421,7.170982474981971,1.2224329860650447,4.326479968936501,3.800575354287033,ok,1386.0,,2.568728216000068,0.007414191999995
office,2021-03-17,2021-03-18,1,,vae_shared,2.0,3,0.9327,8.686,2.2707,7.170982474981971,1.2224329860650447,1.6260385343813952,1.4283856676239337,ok,1386.0,,2.568728216000068,0.007414191999995
office,2021-03-17,2021-03-18,1,,vae_shared,3.0,3,1.5702,3.213,4.3017,7.170982474981971,1.2224329860650447,0.8690288534586954,0.7633941833391418,ok,1386.0,,2.568728216000068,0.007414191999995
office,2021-03-17,2021-03-18,1,,vae_shared,4.0,3,2.3289,4.4226,4.2088,7.170982474981971,1.2224329860650447,1.5704499537280945,1.379554148437988,ok,1386.0,,2.568728216000068,0.007414191999995
office,2021-03-17,2021-03-18,1,,vae_shared,5.0,3,1.2165,2.4966,9.4857,7.170982474981971,1.2224329860650447,1.6812446115199378,1.4768811784516858,ok,1386.0,,2.568728216000068,0.007414191999995
office,2021-03-17,2021-03-18,1,,vae_shared,6.0,3,1.2984,2.4103,9.2296,7.170982474981971,1.2224329860650447,3.016847947091375,2.650135453687384,ok,1386.0,,2.568728216000068,0.007414191999995
office,2021-03-17,2021-03-18,1,,vae_shared,7.0,3,0.9832,1.2102,3.8827,7.170982474981971,1.2224329860650447,1.2313518107980093,1.0816750287014467,ok,1386.0,,2.568728216000068,0.007414191999995
office,2021-03-17,2021-03-18,1,,vae_shared,8.0,3,1.77,0.3153,19.3298,7.170982474981971,1.2224329860650447,5.792006631133879,5.087960145939501,ok,1386.0,,2.568728216000068,0.007414191999995
office,2021-03-17,2021-03-18,1,,vae_shared,9.0,3,2.4474,3.706,13.2129,7.170982474981971,1.2224329860650447,4.944478454750912,4.343453128143988,ok,1386.0,,2.568728216000068,0.007414191999995
office,2021-03-17,2021-03-18,1,,vae_shared,10.0,3,1.707,3.0622,6.5523,7.170982474981971,1.2224329860650447,1.5971251837772,1.4029868749552654,ok,1386.0,,2.568728216000068,0.007414191999995
office,2021-03-17,2021-03-18,1,,vae_shared,11.0,3,3.4361,2.2441,16.3527,7.170982474981971,1.2224329860650447,3.810221514264603,3.3470706175597704,ok,1386.0,,2.568728216000068,0.007414191999995
office,2021-03-17,2021-03-18,1,,vae_shared,12.0,3,1.0751,5.6342,2.6564,7.170982474981971,1.2224329860650447,1.897540981114044,1.6668856757343091,ok,1386.0,,2.568728216000068,0.007414191999995
office,2021-03-17,2021-03-18,1,,vae_shared,13.0,3,2.2256,2.0246,4.3007,7.170982474981971,1.2224329860650447,1.0528527264159628,0.9248733733751732,ok,1386.0,,2.568728216000068,0.007414191999995
office,2021-03-17,2021-03-18,1,,vae_shared,14.0,3,0.7206,0.7006,2.19,7.170982474981971,1.2224329860650447,0.5804029303334437,0.5098521404049138,ok,1386.0,,2.568728216000068,0.007414191999995
office,2021-03-17,2021-03-18,1,1.0,,,3,,,,,,,,insufficient_volume,,,,
office,2021-03-17,2021-03-18,1,4.0,,,3,,,,,,,,insufficient_volume,,,,
office,2021-03-17,2021-03-18,1,16.0,persistence,0.0,3,3.8611,3.4399,13.9717,20.509760000000004,1.6564308641975312,2.325153215986518,2.0425195704284773,ok,22.0,16.0,0.0008962809999957,0.0056883242666647
office,2021-03-17,2021-03-18,1,16.0,persistence,1.0,3,1.3333,1.8819,2.592,20.509760000000004,1.6564308641975312,1.5806462035944315,1.3885109947024763,ok,22.0,16.0,0.0008962809999957,0.0056883242666647
office,2021-03-17,2021-03-18,1,16.0,persistence,2.0,3,0.3222,2.0007,12.1993,20.509760000000004,1.6564308641975312,3.58258472923385,3.147104187314242,ok,22.0,16.0,0.0008962809999957,0.0056883242666647
office,2021-03-17,2021-03-18,1,16.0,persistence,3.0,3,0.7889,2.8939,8.0637,20.509760000000004,1.6564308641975312,2.3005280002614468,2.0208876690558446,ok,22.0,16.0,0.0008962809999957,0.0056883242666647
office,2021-03-17,2021-03-18,1,16.0,persistence,4.0,3,1.6,3.4109,11.5513,20.509760000000004,1.6564308641975312,2.7850780030875693,2.446538269979198,ok,22.0,16.0,0.0008962809999957,0.0056883242666647
office,2021-03-17,2021-03-18,1,16.0,persistence,5.0,3,3.1556,5.0512,13.2187,20.509760000000004,1.6564308641975312,1.9075394689627003,1.6756687989131005,ok,22.0,16.0,0.0008962809999957,0.0056883242666647
office,2021-03-17,2021-03-18,1,16.0,persistence,6.0,3,0.9111,1.3822,4.4677,20.509760000000004,1.6564308641975312,1.8990356470746652,1.6681986578013972,ok,22.0,16.0,0.0008962809999957,0.0056883242666647
office,2021-03-17,2021-03-18,1,16.0,persistence,7.0,3,2.3667,4.526,4.1293,20.509760000000004,1.6564308641975312,0.7634898576403902,0.670683964107074,ok,22.0,16.0,0.0008962809999957,0.0056883242666647
office,2021-03-17,2021-03-18,1,16.0,persistence,8.0,3,0.9278,2.6467,4.8857,20.509760000000004,1.6564308641975312,1.8005571642453382,1.5816907119757009,ok,22.0,16.0,0.0008962809999957,0.0056883242666647
office,2021-03-17,2021-03-18,1,16.0,persistence,9.0,3,1.1611,1.8873,15.3197,20.509760000000004,1.6564308641975312,4.012825321942196,3.525046950207266,ok,22.0,16.0,0.0008962809999957,0.0056883242666647
office,2021-03-17,2021-03-18,1,16.0,persistence,10.0,3,0.4111,2.4529,10.5487,20.509760000000004,1.6564308641975312,3.0900450718635226,2.7144351130897317,ok,22.0,16.0,0.0008962809999957,0.0056883242666647
office,2021-03-17,2021-03-18,1,16.0,persistence,11.0,3,1.5111,0.8801,10.2757,20.509760000000004,1.6564308641975312,3.891176516385263,3.4181851467093565,ok,22.0,16.0,0.0008962809999957,0.0056883242666647
office,2021-03-17,2021-03-18,1,16.0,persistence,12.0,3,1.5056,3.4768,7.1227,20.509760000000004,1.6564308641975312,1.929900871929146,1.6953120649427,ok,22.0,16.0,0.0008962809999957,0.0056883242666647
office,2021-03-17,2021-03-18,1,16.0,persistence,13.0,3,1.2222,1.6519,24.0877,20.509760000000004,1.6564308641975312,6.0870255625682015,5.347118096030044,ok,22.0,16.0,0.0008962809999957,0.0056883242666647
office,2021-03-17,2021-03-18,1,16.0,persistence,14.0,3,3.1389,5.1161,15.9917,20.509760000000004,1.6564308641975312,2.3682514951911244,2.0803790448587898,ok,22.0,16.0,0.0008962809999957,0.0056883242666647
office,2021-03-17,2021-03-18,1,16.0,vae_percell,0.0,3,1.9282,3.0753,4.2228,10.828926363398296,1.3445347565249566,1.8274378093363135,1.6053038843406733,ok,22.0,16.0,0.2934007639998981,0.0070890516666622
office,2021-03-17,2021-03-18,1,16.0,vae_percell,1.0,3,2.4596,0.8129,14.1431,10.828926363398296,1.3445347565249566,2.598395234881307,2.28254769727138,ok,22.0,16.0,0.2934007639998981,0.0070890516666622
office,2021-03-17,2021-03-18,1,16.0,vae_percell,2.0,3,2.0169,7.5841,2.2504,10.828926363398296,1.3445347565249566,1.9804715308832288,1.7397356151384469,ok,22.0,16.0,0.2934007639998981,0.0070890516666622
office,2021-03-17,2021-03-18,1,16.0,vae_percell,3.0,3,1.9302,3.4928,4.0535,10.828926363398296,1.3445347565249566,0.785231059732922,0.6897824176856677,ok,22.0,16.0,0.2934007639998981,0.0070890516666622
office,2021-03-17,2021-03-18,1,16.0,vae_percell,4.0,3,4.2937,8.1181,4.6572,10.828926363398296,1.3445347565249566,1.6526727716431036,1.4517823842258517,ok,22.0,16.0,0.2934007639998981,0.0070890516666622
office,2021-03-17,2021-03-18,1,16.0,vae_percell,5.0,3,0.5128,1.5325,4.5549,10.828926363398296,1.3445347565249566,0.8528925886442661,0.749219359740214,ok,22.0,16.0,0.2934007639998981,0.0070890516666622
office,2021-03-17,2021-03-18,1,16.0,vae_percell,6.0,3,1.2653,2.0416,10.9403,10.828926363398296,1.3445347565249566,3.630527567826171,3.1892193414526595,ok,22.0,16.0,0.2934007639998981,0.0070890516666622
office,2021-03-17,2021-03-18,1,16.0,vae_percell,7.0,3,1.3218,1.2371,5.0037,10.828926363398296,1.3445347565249566,1.8231203672107632,1.6015112482360938,ok,22.0,16.0,0.2934007639998981,0.0070890516666622
office,2021-03-17,2021-03-18,1,16.0,vae_percell,8.0,3,1.5604,0.954,22.6599,10.828926363398296,1.3445347565249566,5.834632519474412,5.125404650905381,ok,22.0,16.0,0.2934007639998981,0.0070890516666622
office,2021-03-17,2021-03-18,1,16.0,vae_percell,9.0,3,1.7847,7.8726,12.8623,10.828926363398296,1.3445347565249566,5.121892309678985,4.499301468917523,ok,22.0,16.0,0.2934007639998981,0.0070890516666622
office,2021-03-17,2021-03-18,1,16.0,vae_percell,10.0,3,1.287,2.3627,6.2601,10.828926363398296,1.3445347565249566,1.7487204844412276,1.5361550319018142,ok,22.0,16.0,0.2934007639998981,0.0070890516666622
office,2021-03-17,2021-03-18,1,16.0,vae_percell,11.0,3,1.806,3.585,11.1709,10.828926363398296,1.3445347565249566,2.7555970129646656,2.420640837127191,ok,22.0,16.0,0.2934007639998981,0.0070890516666622
office,2021-03-17,2021-03-18,1,16.0,vae_percell,12.0,3,1.3102,5.5593,6.6014,10.828926363398296,1.3445347565249566,2.4656851258325165,2.1659691453453536,ok,22.0,16.0,0.2934007639998981,0.0070890516666622
office,2021-03-17,2021-03-18,1,16.0,vae_percell,13.0,3,2.8809,2.9415,11.1535,10.828926363398296,1.3445347565249566,2.041846584970941,1.7936502338604952,ok,22.0,16.0,0.2934007639998981,0.0070890516666622
office,2021-03-17,2021-03-18,1,16.0,vae_percell,14.0,3,0.5105,1.307,5.8287,10.828926363398296,1.3445347565249566,1.3115854417661634,1.152155872859263,ok,22.0,16.0,0.2934007639998981,0.0070890516666622
office,2021-03-17,2021-03-19,2,,vae_shared,0.0,3,2.01,1.59,9.1006,9.386293728093175,0.5756729509010001,3.228299281050896,1.413750506262709,ok,1386.0,,2.568728216000068,0.0072088703333292
office,2021-03-17,2021-03-19,2,,vae_shared,1.0,3,3.0017,1.2583,11.4407,9.386293728093175,0.5756729509010001,4.602103250429014,2.0153725642342954,ok,1386.0,,2.568728216000068,0.0072088703333292
office,2021-03-17,2021-03-19,2,,vae_shared,2.0,3,1.6215,6.828,7.8304,9.386293728093175,0.5756729509010001,3.4233154745829686,1.499152824428714,ok,1386.0,,2.568728216000068,0.0072088703333292
office,2021-03-17,2021-03-19,2,,vae_shared,3.0,3,0.7293,3.1428,11.0075,9.386293728093175,0.5756729509010001,2.7916667316512447,1.2225385292976767,ok,1386.0,,2.568728216000068,0.0072088703333292
office,2021-03-17,2021-03-19,2,,vae_shared,4.0,3,3.2284,2.6006,12.0258,9.386293728093175,0.5756729509010001,3.585162062311756,1.5700293682118482,ok,1386.0,,2.568728216000068,0.0072088703333292
office,2021-03-17,2021-03-19,2,,vae_shared,5.0,3,1.0035,1.9185,4.8188,9.386293728093175,0.5756729509010001,2.185980507254593,0.9572938503414026,ok,1386.0,,2.568728216000068,0.0072088703333292
office,2021-03-17,2021-03-19,2,,vae_shared,6.0,3,2.0502,2.5594,4.937,9.386293728093175,0.5756729509010001,3.3681953787236587,1.475014398390041,ok,1386.0,,2.568728216000068,0.0072088703333292
office,2021-03-17,2021-03-19,2,,vae_shared,7.0,3,1.9824,3.0164,10.2458,9.386293728093175,0.5756729509010001,2.90733602921211,1.2731929184200177,ok,1386.0,,2.568728216000068,0.0072088703333292
office,2021-03-17,2021-03-19,2,,vae_shared,8.0,3,1.2432,1.5891,11.6865,9.386293728093175,0.5756729509010001,6.362395490633032,2.7862472041309534,ok,1386.0,,2.568728216000068,0.0072088703333292
office,2021-03-17,2021-03-19,2,,vae_shared,9.0,3,2.3324,2.9644,12.6077,9.386293728093175,0.5756729509010001,5.256470034156725,2.301935640094909,ok,1386.0,,2.568728216000068,0.0072088703333292
office,2021-03-17,2021-03-19,2,,vae_shared,10.0,3,2.8156,3.7598,14.9356,9.386293728093175,0.5756729509010001,3.5849636086461034,1.5699424605413197,ok,1386.0,,2.568728216000068,0.0072088703333292
office,2021-03-17,2021-03-19,2,,vae_shared,11.0,3,2.7708,2.2006,7.5985,9.386293728093175,0.5756729509010001,2.883418545209244,1.262718872436717,ok,1386.0,,2.568728216000068,0.0072088703333292
office,2021-03-17,2021-03-19,2,,vae_shared,12.0,3,2.0378,6.6387,5.2549,9.386293728093175,0.5756729509010001,2.893346172218646,1.267066420940944,ok,1386.0,,2.568728216000068,0.0072088703333292
office,2021-03-17,2021-03-19,2,,vae_shared,13.0,3,1.9972,0.5383,6.9397,9.386293728093175,0.5756729509010001,1.9676125052528508,0.8616652092195536,ok,1386.0,,2.568728216000068,0.0072088703333292
office,2021-03-17,2021-03-19,2,,vae_shared,14.0,3,1.7283,1.9357,7.1208,9.386293728093175,0.5756729509010001,1.7224310998914405,0.7542943288335626,ok,1386.0,,2.568728216000068,0.0072088703333292
office,2021-03-17,2021-03-19,2,1.0,,,3,,,,,,,,insufficient_volume,,,,
office,2021-03-17,2021-03-19,2,4.0,persistence,0.0,3,0.4889,1.7808,3.381,3.274884444444446,0.3311086419753094,1.2736359641086623,0.5577560604811309,ok,10.0,4.0,0.0009414680000645,0.0059004872000059
office,2021-03-17,2021-03-19,2,4.0,persistence,1.0,3,1.5944,2.0696,7.2077,3.274884444444446,0.3311086419753094,1.639408695780817,0.7179368056846144,ok,10.0,4.0,0.0009414680000645,0.0059004872000059
office,2021-03-17,2021-03-19,2,4.0,persistence,2.0,3,0.6444,0.929,4.2247,3.274884444444446,0.3311086419753094,1.6683415958762495,0.730607223944055,ok,10.0,4.0,0.0009414680000645,0.0059004872000059
office,2021-03-17,2021-03-19,2,4.0,persistence,3.0,3,0.5556,1.723,2.959,3.274884444444446,0.3311086419753094,1.0367571134256317,0.4540210700353104,ok,10.0,4.0,0.0009414680000645,0.0059004872000059
office,2021-03-17,2021-03-19,2,4.0,persistence,4.0,3,0.5556,1.3887,6.2053,3.274884444444446,0.3311086419753094,1.5117156414198971,0.6620169220144064,ok,10.0,4.0,0.0009414680000645,0.0059004872000059
office,2021-03-17,2021-03-19,2,4.0,persistence,5.0,3,0.7944,2.1261,3.7087,3.274884444444446,0.3311086419753094,0.9692647424712312,0.4244645248396019,ok,10.0,4.0,0.0009414680000645,0.0059004872000059
office,2021-03-17,2021-03-19,2,4.0,persistence,6.0,3,1.4389,1.9907,5.546,3.274884444444446,0.3311086419753094,2.723990399991147,1.1929014232499,ok,10.0,4.0,0.0009414680000645,0.0059004872000059
office,2021-03-17,2021-03-19,2,4.0,persistence,7.0,3,0.55,1.2574,2.138,3.274884444444446,0.3311086419753094,1.9297393595706391,0.8450796407140964,ok,10.0,4.0,0.0009414680000645,0.0059004872000059
office,2021-03-17,2021-03-19,2,4.0,persistence,8.0,3,0.8278,2.1807,5.722,3.274884444444446,0.3311086419753094,2.224715460911183,0.9742568254482956,ok,10.0,4.0,0.0009414680000645,0.0059004872000059
office,2021-03-17,2021-03-19,2,4.0,persistence,9.0,3,0.6889,1.5966,9.4043,3.274884444444446,0.3311086419753094,2.3708325621507784,1.0382450458291124,ok,10.0,4.0,0.0009414680000645,0.0059004872000059
office,2021-03-17,2021-03-19,2,4.0,persistence,10.0,3,0.7667,0.8713,6.735,3.274884444444446,0.3311086419753094,2.551929876037612,1.1175519492172594,ok,10.0,4.0,0.0009414680000645,0.0059004872000059
office,2021-03-17,2021-03-19,2,4.0,persistence,11.0,3,0.5722,1.5212,7.307,3.274884444444446,0.3311086419753094,2.03497583743849,0.8911652452106371,ok,10.0,4.0,0.0009414680000645,0.0059004872000059
office,2021-03-17,2021-03-19,2,4.0,persistence,12.0,3,0.6889,0.8006,4.1873,3.274884444444446,0.3311086419753094,2.571753662209198,1.1262332656926637,ok,10.0,4.0,0.0009414680000645,0.0059004872000059
office,2021-03-17,2021-03-19,2,4.0,persistence,13.0,3,1.0,2.461,7.0237,3.274884444444446,0.3311086419753094,3.577385394302921,1.5666237767912945,ok,10.0,4.0,0.0009414680000645,0.0059004872000059
office,2021-03-17,2021-03-19,2,4.0,persistence,14.0,3,0.3278,1.3858,2.49,3.274884444444446,0.3311086419753094,1.005817816083398,0.4404720017882189,ok,10.0,4.0,0.0009414680000645,0.0059004872000059
office,2021-03-17,2021-03-19,2,4.0,vae_percell,0.0,3,1.321,1.4011,4.8085,5.961559808848806,0.8674490091558915,1.863272848111002,0.8159723442570624,ok,10.0,4.0,0.3003711399999247,0.0073345341333303
office,2021-03-17,2021-03-19,2,4.0,vae_percell,1.0,3,1.6249,0.5261,5.5729,5.961559808848806,0.8674490091558915,1.3527422620797942,0.5923986258286815,ok,10.0,4.0,0.3003711399999247,0.0073345341333303
office,2021-03-17,2021-03-19,2,4.0,vae_percell,2.0,3,0.44,7.1402,11.6225,5.961559808848806,0.8674490091558915,3.449585979940325,1.510657315498281,ok,10.0,4.0,0.3003711399999247,0.0073345341333303
office,2021-03-17,2021-03-19,2,4.0,vae_percell,3.0,3,1.538,3.5413,9.6141,5.961559808848806,0.8674490091558915,2.708092345173432,1.1859392796905766,ok,10.0,4.0,0.3003711399999247,0.0073345341333303
office,2021-03-17,2021-03-19,2,4.0,vae_percell,4.0,3,1.0025,3.721,11.1787,5.961559808848806,0.8674490091558915,3.083446690133992,1.350316045602799,ok,10.0,4.0,0.3003711399999247,0.0073345341333303
office,2021-03-17,2021-03-19,2,4.0,vae_percell,5.0,3,1.0115,1.6055,3.364,5.961559808848806,0.8674490091558915,1.7650524242624326,0.7729592398784465,ok,10.0,4.0,0.3003711399999247,0.0073345341333303
office,2021-03-17,2021-03-19,2,4.0,vae_percell,6.0,3,0.5743,1.6126,6.7079,5.961559808848806,0.8674490091558915,2.568919818987742,1.12499225705616,ok,10.0,4.0,0.3003711399999247,0.0073345341333303
office,2021-03-17,2021-03-19,2,4.0,vae_percell,7.0,3,0.1079,0.8268,4.7421,5.961559808848806,0.8674490091558915,1.0226040171620352,0.4478230861230721,ok,10.0,4.0,0.3003711399999247,0.0073345341333303
office,2021-03-17,2021-03-19,2,4.0,vae_percell,8.0,3,1.4981,0.9396,10.5326,5.961559808848806,0.8674490091558915,4.1963403976356215,1.837679175667012,ok,10.0,4.0,0.3003711399999247,0.0073345341333303
office,2021-03-17,2021-03-19,2,4.0,vae_percell,9.0,3,1.1678,2.6492,5.721,5.961559808848806,0.8674490091558915,2.1667341462234324,0.94886540233126,ok,10.0,4.0,0.3003711399999247,0.0073345341333303
office,2021-03-17,2021-03-19,2,4.0,vae_percell,10.0,3,0.7601,2.3905,10.6126,5.961559808848806,0.8674490091558915,2.552933534233105,1.117991475468844,ok,10.0,4.0,0.3003711399999247,0.0073345341333303
office,2021-03-17,2021-03-19,2,4.0,vae_percell,11.0,3,2.4292,1.9308,2.407,5.961559808848806,0.8674490091558915,1.8928280684496808,0.8289152916355074,ok,10.0,4.0,0.3003711399999247,0.0073345341333303
office,2021-03-17,2021-03-19,2,4.0,vae_percell,12.0,3,0.4683,3.2812,3.6545,5.961559808848806,0.8674490091558915,2.06107827113916,0.9025961336278344,ok,10.0,4.0,0.3003711399999247,0.0073345341333303
office,2021-03-17,2021-03-19,2,4.0,vae_percell,13.0,3,1.4871,1.6437,4.4932,5.961559808848806,0.8674490091558915,1.6973346472198354,0.7433039838930744,ok,10.0,4.0,0.3003711399999247,0.0073345341333303
office,2021-03-17,2021-03-19,2,4.0,vae_percell,14.0,3,1.0444,0.8675,2.8454,5.961559808848806,0.8674490091558915,1.6459053763691192,0.7207818595879655,ok,10.0,4.0,0.3003711399999247,0.0073345341333303
office,2021-03-17,2021-03-19,2,16.0,persistence,0.0,3,0.6889,1.6124,1.944,5.412511111111112,0.6254502057613192,1.0742199598483144,0.4704269585497326,ok,23.0,16.0,0.0010262889999239,0.0058206854666726
office,2021-03-17,2021-03-19,2,16.0,persistence,1.0,3,1.7889,2.8692,10.015,5.412511111111112,0.6254502057613192,2.0055390725744187,0.8782741723557778,ok,23.0,16.0,0.0010262889999239,0.0058206854666726
office,2021-03-17,2021-03-19,2,16.0,persistence,2.0,3,1.5056,2.3054,6.0667,5.412511111111112,0.6254502057613192,2.423783191033273,1.061433409692697,ok,23.0,16.0,0.0010262889999239,0.0058206854666726
office,2021-03-17,2021-03-19,2,16.0,persistence,3.0,3,0.8611,1.3916,2.382,5.412511111111112,0.6254502057613192,1.4447742430178987,0.6327016610544772,ok,23.0,16.0,0.0010262889999239,0.0058206854666726
office,2021-03-17,2021-03-19,2,16.0,persistence,4.0,3,1.0167,2.1698,6.2517,5.412511111111112,0.6254502057613192,1.4457159805243198,0.6331140707354148,ok,23.0,16.0,0.0010262889999239,0.0058206854666726
office,2021-03-17,2021-03-19,2,16.0,persistence,5.0,3,0.9556,2.1479,5.4683,5.412511111111112,0.6254502057613192,1.878294684322393,0.8225507704499205,ok,23.0,16.0,0.0010262889999239,0.0058206854666726
office,2021-03-17,2021-03-19,2,16.0,persistence,6.0,3,1.7667,2.3249,9.017,5.412511111111112,0.6254502057613192,2.005014448310996,0.8780444266744015,ok,23.0,16.0,0.0010262889999239,0.0058206854666726
office,2021-03-17,2021-03-19,2,16.0,persistence,7.0,3,0.6444,0.929,4.2247,5.412511111111112,0.6254502057613192,1.6683415958762495,0.730607223944055,ok,23.0,16.0,0.0010262889999239,0.0058206854666726
office,2021-03-17,2021-03-19,2,16.0,persistence,8.0,3,1.2389,3.1127,11.3233,5.412511111111112,0.6254502057613192,2.355456686583965,1.0315115772209176,ok,23.0,16.0,0.0010262889999239,0.0058206854666726
office,2021-03-17,2021-03-19,2,16.0,persistence,9.0,3,1.0278,1.6912,6.431,5.412511111111112,0.6254502057613192,1.858889987749084,0.8140529834679588,ok,23.0,16.0,0.0010262889999239,0.0058206854666726
office,2021-03-17,2021-03-19,2,16.0,persistence,10.0,3,1.0333,2.6664,7.2777,5.412511111111112,0.6254502057613192,1.4079079891019577,0.6165570348596268,ok,23.0,16.0,0.0010262889999239,0.0058206854666726
office,2021-03-17,2021-03-19,2,16.0,persistence,11.0,3,1.4889,1.6206,3.533,5.412511111111112,0.6254502057613192,1.7519866827786756,0.7672374349808082,ok,23.0,16.0,0.0010262889999239,0.0058206854666726
office,2021-03-17,2021-03-19,2,16.0,persistence,12.0,3,1.0278,0.9951,5.9153,5.412511111111112,0.6254502057613192,3.108275847270892,1.3611893353496352,ok,23.0,16.0,0.0010262889999239,0.0058206854666726
office,2021-03-17,2021-03-19,2,16.0,persistence,13.0,3,1.2278,1.791,7.1657,5.412511111111112,0.6254502057613192,2.119189993313676,0.9280446653442854,ok,23.0,16.0,0.0010262889999239,0.0058206854666726
office,2021-03-17,2021-03-19,2,16.0,persistence,14.0,3,0.3833,1.7221,4.7643,5.412511111111112,0.6254502057613192,1.6336040218162895,0.7153947982554366,ok,23.0,16.0,0.0010262889999239,0.0058206854666726
office,2021-03-17,2021-03-19,2,16.0,vae_percell,0.0,3,1.3983,2.6601,7.6086,6.671346090086036,1.1559446673145382,2.338084541847562,1.023903893955578,ok,23.0,16.0,0.3102786360000209,0.0077476245999984
office,2021-03-17,2021-03-19,2,16.0,vae_percell,1.0,3,1.7987,1.8696,4.353,6.671346090086036,1.1559446673145382,3.3566476060125106,1.4699573488121351,ok,23.0,16.0,0.3102786360000209,0.0077476245999984
office,2021-03-17,2021-03-19,2,16.0,vae_percell,2.0,3,0.5493,6.0446,6.0893,6.671346090086036,1.1559446673145382,2.7602756729411086,1.2087916237972889,ok,23.0,16.0,0.3102786360000209,0.0077476245999984
office,2021-03-17,2021-03-19,2,16.0,vae_percell,3.0,3,1.2646,4.0321,5.75,6.671346090086036,1.1559446673145382,2.139644550741817,0.9370022118422672,ok,23.0,16.0,0.3102786360000209,0.0077476245999984
office,2021-03-17,2021-03-19,2,16.0,vae_percell,4.0,3,0.8216,5.7136,7.4885,6.671346090086036,1.1559446673145382,2.836252112551822,1.2420635483038414,ok,23.0,16.0,0.3102786360000209,0.0077476245999984
office,2021-03-17,2021-03-19,2,16.0,vae_percell,5.0,3,0.7689,3.0484,2.3209,6.671346090086036,1.1559446673145382,1.7455963181396608,0.7644389394086537,ok,23.0,16.0,0.3102786360000209,0.0077476245999984
office,2021-03-17,2021-03-19,2,16.0,vae_percell,6.0,3,0.6957,3.0123,10.7941,6.671346090086036,1.1559446673145382,2.596668804865191,1.137144210582523,ok,23.0,16.0,0.3102786360000209,0.0077476245999984
office,2021-03-17,2021-03-19,2,16.0,vae_percell,7.0,3,0.1715,1.5489,4.028,6.671346090086036,1.1559446673145382,1.5921794088583066,0.6972539561455251,ok,23.0,16.0,0.3102786360000209,0.0077476245999984
office,2021-03-17,2021-03-19,2,16.0,vae_percell,8.0,3,1.8018,0.6607,14.2138,6.671346090086036,1.1559446673145382,5.55988198959719,2.434807089817031,ok,23.0,16.0,0.3102786360000209,0.0077476245999984
office,2021-03-17,2021-03-19,2,16.0,vae_percell,9.0,3,1.265,5.6933,12.75,6.671346090086036,1.1559446673145382,5.546699583783741,2.429034194781581,ok,23.0,16.0,0.3102786360000209,0.0077476245999984
office,2021-03-17,2021-03-19,2,16.0,vae_percell,10.0,3,0.612,1.7544,8.5439,6.671346090086036,1.1559446673145382,2.004150243484125,0.8776659704331617,ok,23.0,16.0,0.3102786360000209,0.0077476245999984
office,2021-03-17,2021-03-19,2,16.0,vae_percell,11.0,3,2.0971,1.8163,8.7503,6.671346090086036,1.1559446673145382,3.408224410597439,1.492544081715541,ok,23.0,16.0,0.3102786360000209,0.0077476245999984
office,2021-03-17,2021-03-19,2,16.0,vae_percell,12.0,3,1.1541,4.3319,7.2487,6.671346090086036,1.1559446673145382,3.0212187300918427,1.3230649135501829,ok,23.0,16.0,0.3102786360000209,0.0077476245999984
office,2021-03-17,2021-03-19,2,16.0,vae_percell,13.0,3,1.9881,3.3581,7.7586,6.671346090086036,1.1559446673145382,1.7752907806882898,0.7774428643259426,ok,23.0,16.0,0.3102786360000209,0.0077476245999984
office,2021-03-17,2021-03-19,2,16.0,vae_percell,14.0,3,0.5545,0.5669,4.4016,6.671346090086036,1.1559446673145382,0.8567654296023814,0.3751983488514917,ok,23.0,16.0,0.3102786360000209,0.0077476245999984
office,2021-03-17,2021-03-20,3,,,,0,,,,,,,,no_target_sessions,,,,
office,2021-03-24,2021-03-25,1,,vae_shared,0.0,2,1.8082,4.6615,14.7782,8.119701698408655,0.7360049918518692,2.662269042590809,1.486747417679156,ok,1399.0,,2.433083471000032,0.0072058046000014
office,2021-03-24,2021-03-25,1,,vae_shared,1.0,2,1.0263,2.2041,14.8246,8.119701698408655,0.7360049918518692,2.623498669379107,1.4650960551260834,ok,1399.0,,2.433083471000032,0.0072058046000014
office,2021-03-24,2021-03-25,1,,vae_shared,2.0,2,1.5845,1.2536,10.9273,8.119701698408655,0.7360049918518692,1.806662193635873,1.008932721687941,ok,1399.0,,2.433083471000032,0.0072058046000014
office,2021-03-24,2021-03-25,1,,vae_shared,3.0,2,1.4072,4.6731,16.4478,8.119701698408655,0.7360049918518692,2.9478724734513544,1.6462430045335186,ok,1399.0,,2.433083471000032,0.0072058046000014
office,2021-03-24,2021-03-25,1,,vae_shared,4.0,2,0.5144,4.5064,16.2089,8.119701698408655,0.7360049918518692,2.6823040462718404,1.4979359900996874,ok,1399.0,,2.433083471000032,0.0072058046000014
office,2021-03-24,2021-03-25,1,,vae_shared,5.0,2,1.4596,7.8495,12.8408,8.119701698408655,0.7360049918518692,2.2771893188551418,1.271699172852834,ok,1399.0,,2.433083471000032,0.0072058046000014
office,2021-03-24,2021-03-25,1,,vae_shared,6.0,2,2.8652,1.4341,17.1039,8.119701698408655,0.7360049918518692,3.0278428873678664,1.6909025804362618,ok,1399.0,,2.433083471000032,0.0072058046000014
office,2021-03-24,2021-03-25,1,,vae_shared,7.0,2,1.801,0.9724,5.9697,8.119701698408655,0.7360049918518692,2.1742047604440957,1.2141873196821082,ok,1399.0,,2.433083471000032,0.0072058046000014
office,2021-03-24,2021-03-25,1,,vae_shared,8.0,2,1.2299,2.368,1.8936,8.119701698408655,0.7360049918518692,1.8713010196836328,1.0450303535091023,ok,1399.0,,2.433083471000032,0.0072058046000014
office,2021-03-24,2021-03-25,1,,vae_shared,9.0,2,0.6792,4.1763,7.0217,8.119701698408655,0.7360049918518692,1.7713290806528017,0.9892009013325398,ok,1399.0,,2.433083471000032,0.0072058046000014
office,2021-03-24,2021-03-25,1,,vae_shared,10.0,2,2.0658,3.2443,13.8926,8.119701698408655,0.7360049918518692,2.372958241744488,1.325181445501389,ok,1399.0,,2.433083471000032,0.0072058046000014
office,2021-03-24,2021-03-25,1,,vae_shared,11.0,2,2.0675,2.9902,3.4334,8.119701698408655,0.7360049918518692,2.32987204777446,1.3011199075434436,ok,1399.0,,2.433083471000032,0.0072058046000014
office,2021-03-24,2021-03-25,1,,vae_shared,12.0,2,3.2337,1.1038,9.5357,8.119701698408655,0.7360049918518692,2.923026284516121,1.6323676197967911,ok,1399.0,,2.433083471000032,0.0072058046000014
office,2021-03-24,2021-03-25,1,,vae_shared,13.0,2,2.5268,2.7475,8.7278,8.119701698408655,0.7360049918518692,4.881418495652572,2.7260341561723225,ok,1399.0,,2.433083471000032,0.0072058046000014
office,2021-03-24,2021-03-25,1,,vae_shared,14.0,2,1.4489,1.5873,4.9481,8.119701698408655,0.7360049918518692,1.2653376142197552,0.7066293452455817,ok,1399.0,,2.433083471000032,0.0072058046000014
office,2021-03-24,2021-03-25,1,1.0,,,2,,,,,,,,insufficient_volume,,,,
office,2021-03-24,2021-03-25,1,4.0,,,2,,,,,,,,insufficient_volume,,,,
office,2021-03-24,2021-03-25,1,16.0,persistence,0.0,2,2.225,1.7869,6.527,6.552835555555555,0.7963524691358037,1.8574605976782692,1.0373011528359657,ok,24.0,16.0,0.0009752160000289,0.0063511688666721
office,2021-03-24,2021-03-25,1,16.0,persistence,1.0,2,1.4,1.2422,4.0625,6.552835555555555,0.7963524691358037,0.9108232170833082,0.5086503446109315,ok,24.0,16.0,0.0009752160000289,0.0063511688666721
office,2021-03-24,2021-03-25,1,16.0,persistence,2.0,2,2.2083,3.1892,6.8365,6.552835555555555,0.7963524691358037,1.8505039025464876,1.0334161778926771,ok,24.0,16.0,0.0009752160000289,0.0063511688666721
office,2021-03-24,2021-03-25,1,16.0,persistence,3.0,2,1.5833,1.9521,9.2225,6.552835555555555,0.7963524691358037,1.8722739020729424,1.0455736608746884,ok,24.0,16.0,0.0009752160000289,0.0063511688666721
office,2021-03-24,2021-03-25,1,16.0,persistence,4.0,2,1.325,1.0522,1.623,6.552835555555555,0.7963524691358037,1.5087558672906225,0.8425665677348969,ok,24.0,16.0,0.0009752160000289,0.0063511688666721
office,2021-03-24,2021-03-25,1,16.0,persistence,5.0,2,1.4083,1.1918,6.0915,6.552835555555555,0.7963524691358037,1.4209954928484794,0.7935566788059266,ok,24.0,16.0,0.0009752160000289,0.0063511688666721
office,2021-03-24,2021-03-25,1,16.0,persistence,6.0,2,1.6333,3.1786,11.984,6.552835555555555,0.7963524691358037,2.1405896917311185,1.1954149432601182,ok,24.0,16.0,0.0009752160000289,0.0063511688666721
office,2021-03-24,2021-03-25,1,16.0,persistence,7.0,2,2.2333,2.0236,6.902,6.552835555555555,0.7963524691358037,1.7681631013650554,0.987432856309599,ok,24.0,16.0,0.0009752160000289,0.0063511688666721
office,2021-03-24,2021-03-25,1,16.0,persistence,8.0,2,1.625,3.3618,5.0045,6.552835555555555,0.7963524691358037,1.7537017344877486,0.9793568882098372,ok,24.0,16.0,0.0009752160000289,0.0063511688666721
office,2021-03-24,2021-03-25,1,16.0,persistence,9.0,2,1.225,2.6172,6.839,6.552835555555555,0.7963524691358037,1.5205709799433853,0.8491647319117936,ok,24.0,16.0,0.0009752160000289,0.0063511688666721
office,2021-03-24,2021-03-25,1,16.0,persistence,10.0,2,0.6667,1.1053,3.742,6.552835555555555,0.7963524691358037,0.9562954050812872,0.5340443438652012,ok,24.0,16.0,0.0009752160000289,0.0063511688666721
office,2021-03-24,2021-03-25,1,16.0,persistence,11.0,2,0.65,0.2426,8.264,6.552835555555555,0.7963524691358037,1.0522480140655888,0.5876291962391597,ok,24.0,16.0,0.0009752160000289,0.0063511688666721
office,2021-03-24,2021-03-25,1,16.0,persistence,12.0,2,1.6583,3.1983,9.1725,6.552835555555555,0.7963524691358037,1.9206250759488528,1.07257543332959,ok,24.0,16.0,0.0009752160000289,0.0063511688666721
office,2021-03-24,2021-03-25,1,16.0,persistence,13.0,2,1.2333,2.3956,5.0545,6.552835555555555,0.7963524691358037,1.481284369868312,0.8272250762481265,ok,24.0,16.0,0.0009752160000289,0.0063511688666721
office,2021-03-24,2021-03-25,1,16.0,persistence,14.0,2,1.15,1.0479,4.4685,6.552835555555555,0.7963524691358037,1.0674739435976732,0.5961321352928182,ok,24.0,16.0,0.0009752160000289,0.0063511688666721
office,2021-03-24,2021-03-25,1,16.0,vae_percell,0.0,2,0.3261,4.0392,12.2427,6.463937910497485,0.9719395083031266,2.3656445484528072,1.3210971044971,ok,24.0,16.0,0.3063021350000099,0.0074414274666651
office,2021-03-24,2021-03-25,1,16.0,vae_percell,1.0,2,2.3724,8.9421,8.2118,6.463937910497485,0.9719395083031266,2.967546700601774,1.6572301008572825,ok,24.0,16.0,0.3063021350000099,0.0074414274666651
office,2021-03-24,2021-03-25,1,16.0,vae_percell,2.0,2,0.8394,0.8031,6.601,6.463937910497485,0.9719395083031266,0.981139098078843,0.5479183347424663,ok,24.0,16.0,0.3063021350000099,0.0074414274666651
office,2021-03-24,2021-03-25,1,16.0,vae_percell,3.0,2,1.3623,4.137,14.6012,6.463937910497485,0.9719395083031266,3.072499920671284,1.7158413555498606,ok,24.0,16.0,0.3063021350000099,0.0074414274666651
office,2021-03-24,2021-03-25,1,16.0,vae_percell,4.0,2,0.6909,3.9889,14.4572,6.463937910497485,0.9719395083031266,2.596925612062734,1.4502562986202907,ok,24.0,16.0,0.3063021350000099,0.0074414274666651
office,2021-03-24,2021-03-25,1,16.0,vae_percell,5.0,2,2.0023,3.3975,8.5237,6.463937910497485,0.9719395083031266,2.335350831566625,1.304179541083372,ok,24.0,16.0,0.3063021350000099,0.0074414274666651
office,2021-03-24,2021-03-25,1,16.0,vae_percell,6.0,2,3.5912,3.2401,16.1361,6.463937910497485,0.9719395083031266,3.0437905681094444,1.6998085823396,ok,24.0,16.0,0.3063021350000099,0.0074414274666651
office,2021-03-24,2021-03-25,1,16.0,vae_percell,7.0,2,2.7176,1.8009,1.286,6.463937910497485,0.9719395083031266,2.164748209337352,1.2089062970982978,ok,24.0,16.0,0.3063021350000099,0.0074414274666651
office,2021-03-24,2021-03-25,1,16.0,vae_percell,8.0,2,3.3786,0.8705,7.3256,6.463937910497485,0.9719395083031266,3.505893481144017,1.957870521860024,ok,24.0,16.0,0.3063021350000099,0.0074414274666651
office,2021-03-24,2021-03-25,1,16.0,vae_percell,9.0,2,2.1121,4.8042,14.8864,6.463937910497485,0.9719395083031266,2.495887775415938,1.3938315946105384,ok,24.0,16.0,0.3063021350000099,0.0074414274666651
office,2021-03-24,2021-03-25,1,16.0,vae_percell,10.0,2,2.1201,1.8269,23.819,6.463937910497485,0.9719395083031266,2.536560284295885,1.4165452071644926,ok,24.0,16.0,0.3063021350000099,0.0074414274666651
office,2021-03-24,2021-03-25,1,16.0,vae_percell,11.0,2,2.6515,3.0696,2.9953,6.463937910497485,0.9719395083031266,3.3493953886125847,1.8704739698134316,ok,24.0,16.0,0.3063021350000099,0.0074414274666651
office,2021-03-24,2021-03-25,1,16.0,vae_percell,12.0,2,4.8294,6.8889,8.9608,6.463937910497485,0.9719395083031266,2.627391157690309,1.4672698200057572,ok,24.0,16.0,0.3063021350000099,0.0074414274666651
office,2021-03-24,2021-03-25,1,16.0,vae_percell,13.0,2,3.1833,3.4048,6.6735,6.463937910497485,0.9719395083031266,5.375967864020182,3.002215858536959,ok,24.0,16.0,0.3063021350000099,0.0074414274666651
office,2021-03-24,2021-03-25,1,16.0,vae_percell,14.0,2,0.8827,6.4377,9.2228,6.463937910497485,0.9719395083031266,2.440841416575436,1.3630908878865056,ok,24.0,16.0,0.3063021350000099,0.0074414274666651
office,2021-03-24,2021-03-26,2,,vae_shared,0.0,4,1.759,2.0403,4.8538,11.142792575155362,0.5098704079534477,2.0189660982464885,0.6319389954995074,ok,1399.0,,2.433083471000032,0.0075083265333281
office,2021-03-24,2021-03-26,2,,vae_shared,1.0,4,1.4594,1.8361,7.1376,11.142792575155362,0.5098704079534477,5.259371121667324,1.646189951615423,ok,1399.0,,2.433083471000032,0.0075083265333281
office,2021-03-24,2021-03-26,2,,vae_shared,2.0,4,2.5646,2.5704,10.019,11.142792575155362,0.5098704079534477,3.8319383204323967,1.1994016418271127,ok,1399.0,,2.433083471000032,0.0075083265333281
office,2021-03-24,2021-03-26,2,,vae_shared,3.0,4,2.5284,1.535,6.8304,11.142792575155362,0.5098704079534477,3.395299255706916,1.0627330508100994,ok,1399.0,,2.433083471000032,0.0075083265333281
office,2021-03-24,2021-03-26,2,,vae_shared,4.0,4,0.6325,2.7093,11.3553,11.142792575155362,0.5098704079534477,3.702931931929759,1.159022475661727,ok,1399.0,,2.433083471000032,0.0075083265333281
office,2021-03-24,2021-03-26,2,,vae_shared,5.0,4,3.3358,7.3672,28.0226,11.142792575155362,0.5098704079534477,6.139637938498773,1.9217146018228488,ok,1399.0,,2.433083471000032,0.0075083265333281
office,2021-03-24,2021-03-26,2,,vae_shared,6.0,4,1.5849,1.6977,3.1978,11.142792575155362,0.5098704079534477,2.797250536292349,0.875543029474502,ok,1399.0,,2.433083471000032,0.0075083265333281
office,2021-03-24,2021-03-26,2,,vae_shared,7.0,4,1.5632,1.542,10.0471,11.142792575155362,0.5098704079534477,3.309105226269382,1.035754208308426,ok,1399.0,,2.433083471000032,0.0075083265333281
office,2021-03-24,2021-03-26,2,,vae_shared,8.0,4,2.0535,1.5929,16.3838,11.142792575155362,0.5098704079534477,8.164689551072568,2.555558371163995,ok,1399.0,,2.433083471000032,0.0075083265333281
office,2021-03-24,2021-03-26,2,,vae_shared,9.0,4,2.451,0.7871,6.4937,11.142792575155362,0.5098704079534477,4.295574483404289,1.3445203594520254,ok,1399.0,,2.433083471000032,0.0075083265333281
office,2021-03-24,2021-03-26,2,,vae_shared,10.0,4,1.692,3.3931,10.3459,11.142792575155362,0.5098704079534477,3.942135917783004,1.2338936320773128,ok,1399.0,,2.433083471000032,0.0075083265333281
office,2021-03-24,2021-03-26,2,,vae_shared,11.0,4,0.6548,0.6159,6.1567,11.142792575155362,0.5098704079534477,1.9969331389765264,0.6250426508005874,ok,1399.0,,2.433083471000032,0.0075083265333281
office,2021-03-24,2021-03-26,2,,vae_shared,12.0,4,2.0952,2.3494,2.7918,11.142792575155362,0.5098704079534477,3.035378048560662,0.9500772482681364,ok,1399.0,,2.433083471000032,0.0075083265333281
office,2021-03-24,2021-03-26,2,,vae_shared,13.0,4,1.6202,1.4616,30.7793,11.142792575155362,0.5098704079534477,7.589248878015266,2.375444697528156,ok,1399.0,,2.433083471000032,0.0075083265333281
office,2021-03-24,2021-03-26,2,,vae_shared,14.0,4,1.5185,1.1831,3.0392,11.142792575155362,0.5098704079534477,2.4148101368701647,0.7558386906749607,ok,1399.0,,2.433083471000032,0.0075083265333281
office,2021-03-24,2021-03-26,2,1.0,,,4,,,,,,,,insufficient_volume,,,,
office,2021-03-24,2021-03-26,2,4.0,persistence,0.0,4,1.4083,1.3131,2.046,6.392360000000005,0.3930151234567923,2.447838336316547,0.7661765597453882,ok,11.0,4.0,0.0010099790000595,0.0057471092000014
office,2021-03-24,2021-03-26,2,4.0,persistence,1.0,4,1.7125,1.0338,6.9042,6.392360000000005,0.3930151234567923,1.8144572907518244,0.5679274747061542,ok,11.0,4.0,0.0010099790000595,0.0057471092000014
office,2021-03-24,2021-03-26,2,4.0,persistence,2.0,4,2.1958,1.1455,3.2,6.392360000000005,0.3930151234567923,1.4835361416740878,0.4643487277824916,ok,11.0,4.0,0.0010099790000595,0.0057471092000014
office,2021-03-24,2021-03-26,2,4.0,persistence,3.0,4,1.875,1.526,5.3072,6.392360000000005,0.3930151234567923,1.7710425521561863,0.5543386054716339,ok,11.0,4.0,0.0010099790000595,0.0057471092000014
office,2021-03-24,2021-03-26,2,4.0,persistence,4.0,4,1.6125,0.6047,5.6693,6.392360000000005,0.3930151234567923,3.104821554093048,0.9718131551603892,ok,11.0,4.0,0.0010099790000595,0.0057471092000014
office,2021-03-24,2021-03-26,2,4.0,persistence,5.0,4,1.6625,1.1662,10.6028,6.392360000000005,0.3930151234567923,2.5121442628358097,0.7863043977732493,ok,11.0,4.0,0.0010099790000595,0.0057471092000014
office,2021-03-24,2021-03-26,2,4.0,persistence,6.0,4,2.2417,1.1705,9.7727,6.392360000000005,0.3930151234567923,2.860305354397754,0.8952792689534815,ok,11.0,4.0,0.0010099790000595,0.0057471092000014
office,2021-03-24,2021-03-26,2,4.0,persistence,7.0,4,2.1667,0.6953,5.3143,6.392360000000005,0.3930151234567923,2.9161407068567646,0.9127558063638688,ok,11.0,4.0,0.0010099790000595,0.0057471092000014
office,2021-03-24,2021-03-26,2,4.0,persistence,8.0,4,1.6042,0.6668,3.8475,6.392360000000005,0.3930151234567923,2.1774804183272467,0.6815541823474305,ok,11.0,4.0,0.0010099790000595,0.0057471092000014
office,2021-03-24,2021-03-26,2,4.0,persistence,9.0,4,1.4208,0.2044,8.314,6.392360000000005,0.3930151234567923,1.8167387021139432,0.5686415594080968,ok,11.0,4.0,0.0010099790000595,0.0057471092000014
office,2021-03-24,2021-03-26,2,4.0,persistence,10.0,4,1.8792,1.3456,9.5712,6.392360000000005,0.3930151234567923,2.902846594531205,0.908594732041537,ok,11.0,4.0,0.0010099790000595,0.0057471092000014
office,2021-03-24,2021-03-26,2,4.0,persistence,11.0,4,2.5917,1.9453,6.0057,6.392360000000005,0.3930151234567923,1.685801103588915,0.5276579220122588,ok,11.0,4.0,0.0010099790000595,0.0057471092000014
office,2021-03-24,2021-03-26,2,4.0,persistence,12.0,4,1.9792,0.494,2.551,6.392360000000005,0.3930151234567923,2.1518808167735357,0.6735414740086969,ok,11.0,4.0,0.0010099790000595,0.0057471092000014
office,2021-03-24,2021-03-26,2,4.0,persistence,13.0,4,2.1417,1.3076,9.8893,6.392360000000005,0.3930151234567923,2.3286775754078666,0.7288790877288992,ok,11.0,4.0,0.0010099790000595,0.0057471092000014
office,2021-03-24,2021-03-26,2,4.0,persistence,14.0,4,1.2958,0.6508,5.684,6.392360000000005,0.3930151234567923,1.612627339148905,0.5047544392656693,ok,11.0,4.0,0.0010099790000595,0.0057471092000014
office,2021-03-24,2021-03-26,2,4.0,vae_percell,0.0,4,1.5802,0.4601,6.4108,7.820357933423125,0.3423948075557841,2.4306273236522933,0.7607894905598165,ok,11.0,4.0,0.3004420879999543,0.0072767494666625
office,2021-03-24,2021-03-26,2,4.0,vae_percell,1.0,4,1.77,0.4911,16.4188,7.820357933423125,0.3423948075557841,7.305163467423001,2.286525597221488,ok,11.0,4.0,0.3004420879999543,0.0072767494666625
office,2021-03-24,2021-03-26,2,4.0,vae_percell,2.0,4,2.134,0.9538,6.9741,7.820357933423125,0.3423948075557841,2.6638138119384824,0.8337771624675403,ok,11.0,4.0,0.3004420879999543,0.0072767494666625
office,2021-03-24,2021-03-26,2,4.0,vae_percell,3.0,4,1.3426,0.9069,7.417,7.820357933423125,0.3423948075557841,1.795300746661819,0.5619314516723876,ok,11.0,4.0,0.3004420879999543,0.0072767494666625
office,2021-03-24,2021-03-26,2,4.0,vae_percell,4.0,4,2.4605,1.029,5.1469,7.820357933423125,0.3423948075557841,1.850974302687826,0.5793573465903443,ok,11.0,4.0,0.3004420879999543,0.0072767494666625
office,2021-03-24,2021-03-26,2,4.0,vae_percell,5.0,4,1.604,3.1892,5.7472,7.820357933423125,0.3423948075557841,1.5949984340337937,0.4992365692034253,ok,11.0,4.0,0.3004420879999543,0.0072767494666625
office,2021-03-24,2021-03-26,2,4.0,vae_percell,6.0,4,1.6538,1.2886,7.392,7.820357933423125,0.3423948075557841,2.984544246595102,0.9341662026198532,ok,11.0,4.0,0.3004420879999543,0.0072767494666625
office,2021-03-24,2021-03-26,2,4.0,vae_percell,7.0,4,1.5316,2.3498,7.9197,7.820357933423125,0.3423948075557841,2.664475079631877,0.8339841401093557,ok,11.0,4.0,0.3004420879999543,0.0072767494666625
office,2021-03-24,2021-03-26,2,4.0,vae_percell,8.0,4,1.5463,1.8399,2.9471,7.820357933423125,0.3423948075557841,1.5627025724445365,0.4891279228278216,ok,11.0,4.0,0.3004420879999543,0.0072767494666625
office,2021-03-24,2021-03-26,2,4.0,vae_percell,9.0,4,2.3189,0.9129,7.2648,7.820357933423125,0.3423948075557841,2.98239447367545,0.9334933209203649,ok,11.0,4.0,0.3004420879999543,0.0072767494666625
office,2021-03-24,2021-03-26,2,4.0,vae_percell,10.0,4,1.5324,1.2043,6.4941,7.820357933423125,0.3423948075557841,1.9303854114826149,0.604213126173204,ok,11.0,4.0,0.3004420879999543,0.0072767494666625
office,2021-03-24,2021-03-26,2,4.0,vae_percell,11.0,4,1.9659,1.1877,7.2687,7.820357933423125,0.3423948075557841,3.0691468574057064,0.9606469290365685,ok,11.0,4.0,0.3004420879999543,0.0072767494666625
office,2021-03-24,2021-03-26,2,4.0,vae_percell,12.0,4,1.9578,1.2976,8.5271,7.820357933423125,0.3423948075557841,4.636959178001278,1.4513742096330149,ok,11.0,4.0,0.3004420879999543,0.0072767494666625
office,2021-03-24,2021-03-26,2,4.0,vae_percell,13.0,4,1.5794,0.7867,16.474,7.820357933423125,0.3423948075557841,6.0690082569755965,1.8996074203139708,ok,11.0,4.0,0.3004420879999543,0.0072767494666625
office,2021-03-24,2021-03-26,2,4.0,vae_percell,14.0,4,2.2783,2.2094,5.1416,7.820357933423125,0.3423948075557841,2.246069291176118,0.7030225881063011,ok,11.0,4.0,0.3004420879999543,0.0072767494666625
office,2021-03-24,2021-03-26,2,16.0,persistence,0.0,4,2.1833,2.2007,2.8188,4.7732088888888935,0.6241743827160511,2.503223391318056,0.7835121534701847,ok,25.0,16.0,0.0009340939999447,0.0056781270000025
office,2021-03-24,2021-03-26,2,16.0,persistence,1.0,4,2.1292,1.8855,3.4175,4.7732088888888935,0.6241743827160511,1.294148611055475,0.4050701861748816,ok,25.0,16.0,0.0009340939999447,0.0056781270000025
office,2021-03-24,2021-03-26,2,16.0,persistence,2.0,4,2.1667,1.4682,8.2317,4.7732088888888935,0.6241743827160511,2.7024699420025997,0.8458765810877107,ok,25.0,16.0,0.0009340939999447,0.0056781270000025
office,2021-03-24,2021-03-26,2,16.0,persistence,3.0,4,1.5625,1.6692,5.682,4.7732088888888935,0.6241743827160511,1.6308192667418464,0.5104485360904093,ok,25.0,16.0,0.0009340939999447,0.0056781270000025
office,2021-03-24,2021-03-26,2,16.0,persistence,4.0,4,1.9292,1.3196,5.1473,4.7732088888888935,0.6241743827160511,0.9874879312658998,0.3090849974618412,ok,25.0,16.0,0.0009340939999447,0.0056781270000025
office,2021-03-24,2021-03-26,2,16.0,persistence,5.0,4,1.6542,1.2387,4.8397,4.7732088888888935,0.6241743827160511,2.632384319120782,0.8239396906360287,ok,25.0,16.0,0.0009340939999447,0.0056781270000025
office,2021-03-24,2021-03-26,2,16.0,persistence,6.0,4,2.3917,2.2158,3.3018,4.7732088888888935,0.6241743827160511,1.62203104587396,0.5076978116120224,ok,25.0,16.0,0.0009340939999447,0.0056781270000025
office,2021-03-24,2021-03-26,2,16.0,persistence,7.0,4,1.9792,0.6351,4.9912,4.7732088888888935,0.6241743827160511,1.586705627632589,0.4966409100927546,ok,25.0,16.0,0.0009340939999447,0.0056781270000025
office,2021-03-24,2021-03-26,2,16.0,persistence,8.0,4,1.8208,1.5219,4.095,4.7732088888888935,0.6241743827160511,2.05491704828937,0.6431916892802911,ok,25.0,16.0,0.0009340939999447,0.0056781270000025
office,2021-03-24,2021-03-26,2,16.0,persistence,9.0,4,1.5958,0.8485,4.5483,4.7732088888888935,0.6241743827160511,2.822196877005149,0.8833512663265852,ok,25.0,16.0,0.0009340939999447,0.0056781270000025
office,2021-03-24,2021-03-26,2,16.0,persistence,10.0,4,2.4333,1.5054,4.3855,4.7732088888888935,0.6241743827160511,2.2031630028782945,0.6895928644714722,ok,25.0,16.0,0.0009340939999447,0.0056781270000025
office,2021-03-24,2021-03-26,2,16.0,persistence,11.0,4,2.1708,2.3821,4.3403,4.7732088888888935,0.6241743827160511,1.999878445738567,0.625964535619881,ok,25.0,16.0,0.0009340939999447,0.0056781270000025
office,2021-03-24,2021-03-26,2,16.0,persistence,12.0,4,1.8583,1.8012,4.1547,4.7732088888888935,0.6241743827160511,2.0438891725037123,0.6397399499209554,ok,25.0,16.0,0.0009340939999447,0.0056781270000025
office,2021-03-24,2021-03-26,2,16.0,persistence,13.0,4,2.0292,1.3138,9.5128,4.7732088888888935,0.6241743827160511,3.3570808213793195,1.050770631520582,ok,25.0,16.0,0.0009340939999447,0.0056781270000025
office,2021-03-24,2021-03-26,2,16.0,persistence,14.0,4,1.9458,1.6875,5.715,4.7732088888888935,0.6241743827160511,2.110365170171796,0.660547023020242,ok,25.0,16.0,0.0009340939999447,0.0056781270000025
office,2021-03-24,2021-03-26,2,16.0,vae_percell,0.0,4,1.683,1.0596,12.6176,12.351957575606512,0.9225708046532104,4.338475949667463,1.3579485737837829,ok,25.0,16.0,0.2958831999999347,0.0072756708666626
office,2021-03-24,2021-03-26,2,16.0,vae_percell,1.0,4,1.87,0.6525,15.5184,12.351957575606512,0.9225708046532104,6.607752277322332,2.068234994271241,ok,25.0,16.0,0.2958831999999347,0.0072756708666626
office,2021-03-24,2021-03-26,2,16.0,vae_percell,2.0,4,1.5438,1.7284,6.6918,12.351957575606512,0.9225708046532104,1.883516142096224,0.5895429843409286,ok,25.0,16.0,0.2958831999999347,0.0072756708666626
office,2021-03-24,2021-03-26,2,16.0,vae_percell,3.0,4,1.5906,2.4347,7.7151,12.351957575606512,0.9225708046532104,2.384131052548205,0.7462360976714911,ok,25.0,16.0,0.2958831999999347,0.0072756708666626
office,2021-03-24,2021-03-26,2,16.0,vae_percell,4.0,4,2.1626,2.2778,5.3724,12.351957575606512,0.9225708046532104,1.3628645972951423,0.4265783785891913,ok,25.0,16.0,0.2958831999999347,0.0072756708666626
office,2021-03-24,2021-03-26,2,16.0,vae_percell,5.0,4,2.6305,4.4815,10.5295,12.351957575606512,0.9225708046532104,2.7574070997499347,0.863071982393657,ok,25.0,16.0,0.2958831999999347,0.0072756708666626
office,2021-03-24,2021-03-26,2,16.0,vae_percell,6.0,4,1.8548,1.2841,5.354,12.351957575606512,0.9225708046532104,2.855339476261768,0.893724942685322,ok,25.0,16.0,0.2958831999999347,0.0072756708666626
office,2021-03-24,2021-03-26,2,16.0,vae_percell,7.0,4,2.2157,2.8768,6.1995,12.351957575606512,0.9225708046532104,2.3510516139772104,0.7358821906889035,ok,25.0,16.0,0.2958831999999347,0.0072756708666626
office,2021-03-24,2021-03-26,2,16.0,vae_percell,8.0,4,1.6017,1.4027,13.2488,12.351957575606512,0.9225708046532104,6.371827406045322,1.9943902049517812,ok,25.0,16.0,0.2958831999999347,0.0072756708666626
office,2021-03-24,2021-03-26,2,16.0,vae_percell,9.0,4,2.0831,0.8954,5.8275,12.351957575606512,0.9225708046532104,2.4383857633755586,0.7632178922103553,ok,25.0,16.0,0.2958831999999347,0.0072756708666626
office,2021-03-24,2021-03-26,2,16.0,vae_percell,10.0,4,2.3872,1.9286,6.8808,12.351957575606512,0.9225708046532104,2.690715039081274,0.8421972812962243,ok,25.0,16.0,0.2958831999999347,0.0072756708666626
office,2021-03-24,2021-03-26,2,16.0,vae_percell,11.0,4,1.4948,2.022,6.9485,12.351957575606512,0.9225708046532104,1.6308952554822125,0.5104723206642552,ok,25.0,16.0,0.2958831999999347,0.0072756708666626
office,2021-03-24,2021-03-26,2,16.0,vae_percell,12.0,4,1.5863,1.3184,9.5979,12.351957575606512,0.9225708046532104,2.343744807487376,0.7335951508235458,ok,25.0,16.0,0.2958831999999347,0.0072756708666626
office,2021-03-24,2021-03-26,2,16.0,vae_percell,13.0,4,1.6508,0.8402,19.9862,12.351957575606512,0.9225708046532104,5.828510403709963,1.824331281727756,ok,25.0,16.0,0.2958831999999347,0.0072756708666626
office,2021-03-24,2021-03-26,2,16.0,vae_percell,14.0,4,2.4496,3.1732,5.7231,12.351957575606512,0.9225708046532104,2.048812628252392,0.6412809979271152,ok,25.0,16.0,0.2958831999999347,0.0072756708666626
office,2021-03-24,2021-03-27,3,,,,0,,,,,,,,no_target_sessions,,,,
office,2021-03-31,2021-04-01,1,,vae_shared,0.0,1,5.3964,9.3968,0.2152,1.93419470986526,0.6172356217906327,0.754525785055768,1.612808945612614,ok,1412.0,,2.279550849999964,0.0072557451999955
office,2021-03-31,2021-04-01,1,,vae_shared,1.0,1,0.2539,2.1526,6.2298,1.93419470986526,0.6172356217906327,1.4362109956924711,3.0699201902938467,ok,1412.0,,2.279550849999964,0.0072557451999955
office,2021-03-31,2021-04-01,1,,vae_shared,2.0,1,0.7423,0.2381,9.8686,1.93419470986526,0.6172356217906327,0.9171170646848392,1.960349977951206,ok,1412.0,,2.279550849999964,0.0072557451999955
office,2021-03-31,2021-04-01,1,,vae_shared,3.0,1,5.2309,1.0198,6.4801,1.93419470986526,0.6172356217906327,1.046046679054146,2.235938751095431,ok,1412.0,,2.279550849999964,0.0072557451999955
office,2021-03-31,2021-04-01,1,,vae_shared,4.0,1,2.3223,1.7395,2.6807,1.93419470986526,0.6172356217906327,0.8424831197421639,1.8008189235671477,ok,1412.0,,2.279550849999964,0.0072557451999955
office,2021-03-31,2021-04-01,1,,vae_shared,5.0,1,6.1148,0.0349,10.9743,1.93419470986526,0.6172356217906327,2.1390271940365158,4.572199203498073,ok,1412.0,,2.279550849999964,0.0072557451999955
office,2021-03-31,2021-04-01,1,,vae_shared,6.0,1,0.9491,1.7052,6.9403,1.93419470986526,0.6172356217906327,0.9412884688222808,2.0120166772118577,ok,1412.0,,2.279550849999964,0.0072557451999955
office,2021-03-31,2021-04-01,1,,vae_shared,7.0,1,0.6093,2.2326,10.2749,1.93419470986526,0.6172356217906327,0.902171414243263,1.92840345046654,ok,1412.0,,2.279550849999964,0.0072557451999955
office,2021-03-31,2021-04-01,1,,vae_shared,8.0,1,0.3638,1.4894,4.5223,1.93419470986526,0.6172356217906327,0.5861211920060734,1.2528418781747204,ok,1412.0,,2.279550849999964,0.0072557451999955
office,2021-03-31,2021-04-01,1,,vae_shared,9.0,1,0.2971,0.5467,0.4253,1.93419470986526,0.6172356217906327,0.310193597222723,0.6630429580820584,ok,1412.0,,2.279550849999964,0.0072557451999955
office,2021-03-31,2021-04-01,1,,vae_shared,10.0,1,2.3,1.9885,7.5309,1.93419470986526,0.6172356217906327,0.7173043455312657,1.5332476213707138,ok,1412.0,,2.279550849999964,0.0072557451999955
office,2021-03-31,2021-04-01,1,,vae_shared,11.0,1,1.8183,2.9679,14.2036,1.93419470986526,0.6172356217906327,1.513521172700832,3.2351717264713185,ok,1412.0,,2.279550849999964,0.0072557451999955
office,2021-03-31,2021-04-01,1,,vae_shared,12.0,1,0.0195,4.8258,2.148,1.93419470986526,0.6172356217906327,0.6666667117051649,1.425009002576056,ok,1412.0,,2.279550849999964,0.0072557451999955
office,2021-03-31,2021-04-01,1,,vae_shared,13.0,1,1.2805,0.0204,6.6913,1.93419470986526,0.6172356217906327,0.6867768482565345,1.467994688115143,ok,1412.0,,2.279550849999964,0.0072557451999955
office,2021-03-31,2021-04-01,1,,vae_shared,14.0,1,2.2361,4.3716,1.5242,1.93419470986526,0.6172356217906327,2.581897393710594,5.518840171807468,ok,1412.0,,2.279550849999964,0.0072557451999955
office,2021-03-31,2021-04-01,1,1.0,,,1,,,,,,,,insufficient_volume,,,,
office,2021-03-31,2021-04-01,1,4.0,,,1,,,,,,,,insufficient_volume,,,,
office,2021-03-31,2021-04-01,1,16.0,persistence,0.0,1,2.0,0.2286,3.39,2.8409999999999997,0.8204481481481434,0.956716609412063,2.044994533834121,ok,24.0,16.0,0.0009319890000369,0.0055248160666678
office,2021-03-31,2021-04-01,1,16.0,persistence,1.0,1,11.95,8.7575,21.626,2.8409999999999997,0.8204481481481434,1.8217915350492464,3.894103744316166,ok,24.0,16.0,0.0009319890000369,0.0055248160666678
office,2021-03-31,2021-04-01,1,16.0,persistence,2.0,1,2.0,0.2286,3.39,2.8409999999999997,0.8204481481481434,0.956716609412063,2.044994533834121,ok,24.0,16.0,0.0009319890000369,0.0055248160666678
office,2021-03-31,2021-04-01,1,16.0,persistence,3.0,1,0.65,2.2711,0.823,2.8409999999999997,0.8204481481481434,0.9853374877272204,2.106172043592206,ok,24.0,16.0,0.0009319890000369,0.0055248160666678
office,2021-03-31,2021-04-01,1,16.0,persistence,4.0,1,1.2333,3.9253,1.239,2.8409999999999997,0.8204481481481434,0.604178416499857,1.291439436764924,ok,24.0,16.0,0.0009319890000369,0.0055248160666678
office,2021-03-31,2021-04-01,1,16.0,persistence,5.0,1,0.5,0.7828,24.614,2.8409999999999997,0.8204481481481434,2.051332715721899,4.384751084549837,ok,24.0,16.0,0.0009319890000369,0.0055248160666678
office,2021-03-31,2021-04-01,1,16.0,persistence,6.0,1,1.8,4.1281,0.702,2.8409999999999997,0.8204481481481434,0.5954373040120795,1.27275519204577,ok,24.0,16.0,0.0009319890000369,0.0055248160666678
office,2021-03-31,2021-04-01,1,16.0,persistence,7.0,1,0.5,1.8536,1.996,2.8409999999999997,0.8204481481481434,0.5856431420303865,1.2518200399652009,ok,24.0,16.0,0.0009319890000369,0.0055248160666678
office,2021-03-31,2021-04-01,1,16.0,persistence,8.0,1,1.2333,3.9253,1.239,2.8409999999999997,0.8204481481481434,0.604178416499857,1.291439436764924,ok,24.0,16.0,0.0009319890000369,0.0055248160666678
office,2021-03-31,2021-04-01,1,16.0,persistence,9.0,1,1.8,4.1281,0.702,2.8409999999999997,0.8204481481481434,0.5954373040120795,1.27275519204577,ok,24.0,16.0,0.0009319890000369,0.0055248160666678
office,2021-03-31,2021-04-01,1,16.0,persistence,10.0,1,1.9833,0.7019,9.588,2.8409999999999997,0.8204481481481434,1.3681677635558889,2.924476872581166,ok,24.0,16.0,0.0009319890000369,0.0055248160666678
office,2021-03-31,2021-04-01,1,16.0,persistence,11.0,1,0.4,0.9489,15.158,2.8409999999999997,0.8204481481481434,1.5680759925846428,3.351783382795816,ok,24.0,16.0,0.0009319890000369,0.0055248160666678
office,2021-03-31,2021-04-01,1,16.0,persistence,12.0,1,1.75,1.0564,9.576,2.8409999999999997,0.8204481481481434,1.2888352510950498,2.754902567356715,ok,24.0,16.0,0.0009319890000369,0.0055248160666678
office,2021-03-31,2021-04-01,1,16.0,persistence,13.0,1,2.8333,0.4586,10.576,2.8409999999999997,0.8204481481481434,0.9405813124483894,2.0105051210154383,ok,24.0,16.0,0.0009319890000369,0.0055248160666678
office,2021-03-31,2021-04-01,1,16.0,persistence,14.0,1,0.4,0.9489,15.158,2.8409999999999997,0.8204481481481434,1.5680759925846428,3.351783382795816,ok,24.0,16.0,0.0009319890000369,0.0055248160666678
office,2021-03-31,2021-04-01,1,16.0,vae_percell,0.0,1,3.9841,6.7562,5.3001,1.8796225347137885,0.9979964429210084,0.7715606747053068,1.6492212498154044,ok,24.0,16.0,0.3098683839999694,0.0073258075333342
office,2021-03-31,2021-04-01,1,16.0,vae_percell,1.0,1,0.436,3.549,10.65,1.8796225347137885,0.9979964429210084,2.4801741851725216,5.301405454590356,ok,24.0,16.0,0.3098683839999694,0.0073258075333342
office,2021-03-31,2021-04-01,1,16.0,vae_percell,2.0,1,0.4898,0.3787,4.7414,1.8796225347137885,0.9979964429210084,0.5159292170799722,1.1028055940434032,ok,24.0,16.0,0.3098683839999694,0.0073258075333342
office,2021-03-31,2021-04-01,1,16.0,vae_percell,3.0,1,6.1178,3.0911,1.8978,1.8796225347137885,0.9979964429210084,1.1635255402340414,2.487051386321428,ok,24.0,16.0,0.3098683839999694,0.0073258075333342
office,2021-03-31,2021-04-01,1,16.0,vae_percell,4.0,1,1.1388,1.2849,1.305,1.8796225347137885,0.9979964429210084,0.6454994942860459,1.3797637925601265,ok,24.0,16.0,0.3098683839999694,0.0073258075333342
office,2021-03-31,2021-04-01,1,16.0,vae_percell,5.0,1,6.0535,4.3598,33.4222,1.8796225347137885,0.9979964429210084,3.052765779739764,6.525327637491479,ok,24.0,16.0,0.3098683839999694,0.0073258075333342
office,2021-03-31,2021-04-01,1,16.0,vae_percell,6.0,1,3.6952,4.0657,7.0186,1.8796225347137885,0.9979964429210084,0.8721956708374712,1.86432989847696,ok,24.0,16.0,0.3098683839999694,0.0073258075333342
office,2021-03-31,2021-04-01,1,16.0,vae_percell,7.0,1,2.6519,0.2546,8.3546,1.8796225347137885,0.9979964429210084,0.8732689805573949,1.8666241123421332,ok,24.0,16.0,0.3098683839999694,0.0073258075333342
office,2021-03-31,2021-04-01,1,16.0,vae_percell,8.0,1,0.4378,2.0147,4.3795,1.8796225347137885,0.9979964429210084,0.5586204924437105,1.194058765465715,ok,24.0,16.0,0.3098683839999694,0.0073258075333342
office,2021-03-31,2021-04-01,1,16.0,vae_percell,9.0,1,0.5115,0.2209,0.413,1.8796225347137885,0.9979964429210084,0.2846048139378311,0.6083465919583136,ok,24.0,16.0,0.3098683839999694,0.0073258075333342
office,2021-03-31,2021-04-01,1,16.0,vae_percell,10.0,1,4.3832,7.301,13.2256,1.8796225347137885,0.9979964429210084,1.6131411581781665,3.448110776298182,ok,24.0,16.0,0.3098683839999694,0.0073258075333342
office,2021-03-31,2021-04-01,1,16.0,vae_percell,11.0,1,3.5225,0.4124,7.4612,1.8796225347137885,0.9979964429210084,1.5287881189540968,3.267805028045807,ok,24.0,16.0,0.3098683839999694,0.0073258075333342
office,2021-03-31,2021-04-01,1,16.0,vae_percell,12.0,1,0.5841,7.7881,0.3173,1.8796225347137885,0.9979964429210084,0.7892652441584513,1.6870650035449617,ok,24.0,16.0,0.3098683839999694,0.0073258075333342
office,2021-03-31,2021-04-01,1,16.0,vae_percell,13.0,1,2.4838,1.9508,7.3273,1.8796225347137885,0.9979964429210084,0.7326533759525998,1.5660563789510504,ok,24.0,16.0,0.3098683839999694,0.0073258075333342
office,2021-03-31,2021-04-01,1,16.0,vae_percell,14.0,1,1.1654,5.0087,0.7578,1.8796225347137885,0.9979964429210084,2.346786287004491,5.016287040266101,ok,24.0,16.0,0.3098683839999694,0.0073258075333342
office,2021-03-31,2021-04-02,2,,vae_shared,0.0,4,1.567,0.6422,9.1611,11.155184142195708,0.3808144316859654,3.995167787344754,1.5362090953645555,ok,1412.0,,2.279550849999964,0.0073551496000012
office,2021-03-31,2021-04-02,2,,vae_shared,1.0,4,1.4989,2.2189,3.4339,11.155184142195708,0.3808144316859654,4.841147684387847,1.861502570259362,ok,1412.0,,2.279550849999964,0.0073551496000012
office,2021-03-31,2021-04-02,2,,vae_shared,2.0,4,0.6027,2.4801,4.7119,11.155184142195708,0.3808144316859654,2.136494537467738,0.8215180226099993,ok,1412.0,,2.279550849999964,0.0073551496000012
office,2021-03-31,2021-04-02,2,,vae_shared,3.0,4,1.7751,1.6415,7.4267,11.155184142195708,0.3808144316859654,3.064299753650706,1.1782747066075516,ok,1412.0,,2.279550849999964,0.0073551496000012
office,2021-03-31,2021-04-02,2,,vae_shared,4.0,4,1.0069,2.7389,7.8673,11.155184142195708,0.3808144316859654,3.10981657000534,1.1957766867490414,ok,1412.0,,2.279550849999964,0.0073551496000012
office,2021-03-31,2021-04-02,2,,vae_shared,5.0,4,2.0653,6.1229,13.6522,11.155184142195708,0.3808144316859654,3.560984514860948,1.3692583369114129,ok,1412.0,,2.279550849999964,0.0073551496000012
office,2021-03-31,2021-04-02,2,,vae_shared,6.0,4,2.0714,1.1016,14.0079,11.155184142195708,0.3808144316859654,5.79362541550556,2.227746250514827,ok,1412.0,,2.279550849999964,0.0073551496000012
office,2021-03-31,2021-04-02,2,,vae_shared,7.0,4,0.7199,0.8312,9.2809,11.155184142195708,0.3808144316859654,1.4161396194617928,0.5445294614695435,ok,1412.0,,2.279550849999964,0.0073551496000012
office,2021-03-31,2021-04-02,2,,vae_shared,8.0,4,0.9621,0.8862,17.3705,11.155184142195708,0.3808144316859654,7.454119740624674,2.8662341991635505,ok,1412.0,,2.279550849999964,0.0073551496000012
office,2021-03-31,2021-04-02,2,,vae_shared,9.0,4,0.9762,1.4572,4.6533,11.155184142195708,0.3808144316859654,2.8906856688105296,1.1115171759076632,ok,1412.0,,2.279550849999964,0.0073551496000012
office,2021-03-31,2021-04-02,2,,vae_shared,10.0,4,1.6286,1.9427,10.5597,11.155184142195708,0.3808144316859654,3.228045795655858,1.2412378091473435,ok,1412.0,,2.279550849999964,0.0073551496000012
office,2021-03-31,2021-04-02,2,,vae_shared,11.0,4,0.7038,2.2494,7.0171,11.155184142195708,0.3808144316859654,2.796975276660432,1.0754839566753776,ok,1412.0,,2.279550849999964,0.0073551496000012
office,2021-03-31,2021-04-02,2,,vae_shared,12.0,4,1.5943,1.7288,5.3777,11.155184142195708,0.3808144316859654,3.133140143543409,1.204744992390442,ok,1412.0,,2.279550849999964,0.0073551496000012
office,2021-03-31,2021-04-02,2,,vae_shared,13.0,4,1.2285,1.0313,23.3627,11.155184142195708,0.3808144316859654,6.674381494497067,2.5664117512805946,ok,1412.0,,2.279550849999964,0.0073551496000012
office,2021-03-31,2021-04-02,2,,vae_shared,14.0,4,1.3867,1.5233,3.3863,11.155184142195708,0.3808144316859654,1.6588626805445426,0.6378605539135642,ok,1412.0,,2.279550849999964,0.0073551496000012
office,2021-03-31,2021-04-02,2,1.0,,,4,,,,,,,,insufficient_volume,,,,
office,2021-03-31,2021-04-02,2,4.0,persistence,0.0,4,1.8875,1.8173,3.738,4.741924444444443,0.4382265432098761,1.1345486177924011,0.436252993255217,ok,14.0,4.0,0.0010005259999843,0.00575458313333
office,2021-03-31,2021-04-02,2,4.0,persistence,1.0,4,0.55,0.9615,8.0225,4.741924444444443,0.4382265432098761,2.818775823800864,1.083866633094411,ok,14.0,4.0,0.0010005259999843,0.00575458313333
office,2021-03-31,2021-04-02,2,4.0,persistence,2.0,4,2.2458,2.9428,1.951,4.741924444444443,0.4382265432098761,0.6781452634695903,0.2607582402472149,ok,14.0,4.0,0.0010005259999843,0.00575458313333
office,2021-03-31,2021-04-02,2,4.0,persistence,3.0,4,2.1792,1.7618,3.9677,4.741924444444443,0.4382265432098761,1.5854559033479632,0.6096344155401038,ok,14.0,4.0,0.0010005259999843,0.00575458313333
office,2021-03-31,2021-04-02,2,4.0,persistence,4.0,4,1.0208,1.0371,7.4512,4.741924444444443,0.4382265432098761,3.1487473070463343,1.2107462088104337,ok,14.0,4.0,0.0010005259999843,0.00575458313333
office,2021-03-31,2021-04-02,2,4.0,persistence,5.0,4,1.7542,2.2644,6.3545,4.741924444444443,0.4382265432098761,1.3702913421569909,0.5269000290272972,ok,14.0,4.0,0.0010005259999843,0.00575458313333
office,2021-03-31,2021-04-02,2,4.0,persistence,6.0,4,1.5125,0.7432,9.4002,4.741924444444443,0.4382265432098761,2.4788401189592584,0.9531556468697482,ok,14.0,4.0,0.0010005259999843,0.00575458313333
office,2021-03-31,2021-04-02,2,4.0,persistence,7.0,4,1.1667,1.2411,4.0073,4.741924444444443,0.4382265432098761,1.713283369377307,0.6587862225239581,ok,14.0,4.0,0.0010005259999843,0.00575458313333
office,2021-03-31,2021-04-02,2,4.0,persistence,8.0,4,1.2833,1.3053,2.584,4.741924444444443,0.4382265432098761,1.4264638663264153,0.5484993077389446,ok,14.0,4.0,0.0010005259999843,0.00575458313333
office,2021-03-31,2021-04-02,2,4.0,persistence,9.0,4,1.075,0.6683,6.9925,4.741924444444443,0.4382265432098761,1.8496780788260956,0.7112322784514594,ok,14.0,4.0,0.0010005259999843,0.00575458313333
office,2021-03-31,2021-04-02,2,4.0,persistence,10.0,4,1.2167,0.6729,2.3138,4.741924444444443,0.4382265432098761,2.263119187516629,0.8702073266534077,ok,14.0,4.0,0.0010005259999843,0.00575458313333
office,2021-03-31,2021-04-02,2,4.0,persistence,11.0,4,1.6792,2.3179,12.1547,4.741924444444443,0.4382265432098761,3.593904026046067,1.3819164416993337,ok,14.0,4.0,0.0010005259999843,0.00575458313333
office,2021-03-31,2021-04-02,2,4.0,persistence,12.0,4,1.8875,0.851,6.0895,4.741924444444443,0.4382265432098761,2.60555455060048,1.0018794734428915,ok,14.0,4.0,0.0010005259999843,0.00575458313333
office,2021-03-31,2021-04-02,2,4.0,persistence,13.0,4,1.8958,2.137,7.0185,4.741924444444443,0.4382265432098761,1.8277600851961815,0.7028044418852275,ok,14.0,4.0,0.0010005259999843,0.00575458313333
office,2021-03-31,2021-04-02,2,4.0,persistence,14.0,4,1.2792,0.6749,6.2738,4.741924444444443,0.4382265432098761,1.8492660004489891,0.7110738273964328,ok,14.0,4.0,0.0010005259999843,0.00575458313333
office,2021-03-31,2021-04-02,2,4.0,vae_percell,0.0,4,1.5736,0.7161,11.8596,12.01693339618982,0.7727693914284722,4.28907935459511,1.6492230279140383,ok,14.0,4.0,0.3049969579999469,0.0076379434666629
office,2021-03-31,2021-04-02,2,4.0,vae_percell,1.0,4,1.2178,0.852,16.6494,12.01693339618982,0.7727693914284722,6.230174772123624,2.3956068080454846,ok,14.0,4.0,0.3049969579999469,0.0076379434666629
office,2021-03-31,2021-04-02,2,4.0,vae_percell,2.0,4,0.6756,1.5089,3.6952,12.01693339618982,0.7727693914284722,1.0682943242843652,0.4107771049542547,ok,14.0,4.0,0.3049969579999469,0.0076379434666629
office,2021-03-31,2021-04-02,2,4.0,vae_percell,3.0,4,1.3869,2.9174,8.6123,12.01693339618982,0.7727693914284722,1.9012134820533235,0.7310485063009446,ok,14.0,4.0,0.3049969579999469,0.0076379434666629
office,2021-03-31,2021-04-02,2,4.0,vae_percell,4.0,4,3.1978,1.422,5.9894,12.01693339618982,0.7727693914284722,1.1996511513175367,0.4612860105040515,ok,14.0,4.0,0.3049969579999469,0.0076379434666629
office,2021-03-31,2021-04-02,2,4.0,vae_percell,5.0,4,2.979,4.767,19.2135,12.01693339618982,0.7727693914284722,4.601943728279102,1.7695246327656122,ok,14.0,4.0,0.3049969579999469,0.0076379434666629
office,2021-03-31,2021-04-02,2,4.0,vae_percell,6.0,4,1.6737,1.1783,5.1836,12.01693339618982,0.7727693914284722,3.329833069579608,1.2803767250370193,ok,14.0,4.0,0.3049969579999469,0.0076379434666629
office,2021-03-31,2021-04-02,2,4.0,vae_percell,7.0,4,2.0726,1.9737,4.5617,12.01693339618982,0.7727693914284722,1.674137707611875,0.6437340582973116,ok,14.0,4.0,0.3049969579999469,0.0076379434666629
office,2021-03-31,2021-04-02,2,4.0,vae_percell,8.0,4,1.208,1.1851,9.3283,12.01693339618982,0.7727693914284722,4.934264886746044,1.8973076980566688,ok,14.0,4.0,0.3049969579999469,0.0076379434666629
office,2021-03-31,2021-04-02,2,4.0,vae_percell,9.0,4,1.7677,1.2493,3.1123,12.01693339618982,0.7727693914284722,2.896697754461244,1.113828923786687,ok,14.0,4.0,0.3049969579999469,0.0076379434666629
office,2021-03-31,2021-04-02,2,4.0,vae_percell,10.0,4,2.6561,2.476,6.4873,12.01693339618982,0.7727693914284722,2.161736925844862,0.8312241447750046,ok,14.0,4.0,0.3049969579999469,0.0076379434666629
office,2021-03-31,2021-04-02,2,4.0,vae_percell,11.0,4,1.6812,1.63,6.5912,12.01693339618982,0.7727693914284722,2.395460164108756,0.9210946542330516,ok,14.0,4.0,0.3049969579999469,0.0076379434666629
office,2021-03-31,2021-04-02,2,4.0,vae_percell,12.0,4,1.0429,0.8161,7.3004,12.01693339618982,0.7727693914284722,3.724375136447713,1.4320847743326248,ok,14.0,4.0,0.3049969579999469,0.0076379434666629
office,2021-03-31,2021-04-02,2,4.0,vae_percell,13.0,4,1.2206,1.3188,12.952,12.01693339618982,0.7727693914284722,3.790288101374838,1.4574294160631267,ok,14.0,4.0,0.3049969579999469,0.0076379434666629
office,2021-03-31,2021-04-02,2,4.0,vae_percell,14.0,4,2.3381,1.9496,6.5644,12.01693339618982,0.7727693914284722,2.646379721471425,1.017577437120517,ok,14.0,4.0,0.3049969579999469,0.0076379434666629
office,2021-03-31,2021-04-02,2,16.0,persistence,0.0,4,1.8875,2.7006,3.048,10.902737777777782,1.4102404320987638,0.9530257902931736,0.3664544182106538,ok,28.0,16.0,0.0009822780000376,0.0064993026000062
office,2021-03-31,2021-04-02,2,16.0,persistence,1.0,4,1.4917,1.4436,8.0798,10.902737777777782,1.4102404320987638,1.8781151665954847,0.7221668161736037,ok,28.0,16.0,0.0009822780000376,0.0064993026000062
office,2021-03-31,2021-04-02,2,16.0,persistence,2.0,4,1.3667,3.0049,5.5765,10.902737777777782,1.4102404320987638,2.300627453963377,0.8846298848872253,ok,28.0,16.0,0.0009822780000376,0.0064993026000062
office,2021-03-31,2021-04-02,2,16.0,persistence,3.0,4,2.2,2.7654,9.7475,10.902737777777782,1.4102404320987638,2.769045811723196,1.0647446084554717,ok,28.0,16.0,0.0009822780000376,0.0064993026000062
office,2021-03-31,2021-04-02,2,16.0,persistence,4.0,4,1.4458,1.2374,7.694,10.902737777777782,1.4102404320987638,2.8152956206275688,1.0825284365396957,ok,28.0,16.0,0.0009822780000376,0.0064993026000062
office,2021-03-31,2021-04-02,2,16.0,persistence,5.0,4,1.8292,2.2345,6.2952,10.902737777777782,1.4102404320987638,1.300118579746651,0.4999174236400863,ok,28.0,16.0,0.0009822780000376,0.0064993026000062
office,2021-03-31,2021-04-02,2,16.0,persistence,6.0,4,2.2208,2.721,7.8827,10.902737777777782,1.4102404320987638,2.361267059520291,0.9079468313971896,ok,28.0,16.0,0.0009822780000376,0.0064993026000062
office,2021-03-31,2021-04-02,2,16.0,persistence,7.0,4,1.6708,1.3195,6.7368,10.902737777777782,1.4102404320987638,2.014459631920517,0.7745935523918933,ok,28.0,16.0,0.0009822780000376,0.0064993026000062
office,2021-03-31,2021-04-02,2,16.0,persistence,8.0,4,0.475,0.8125,5.194,10.902737777777782,1.4102404320987638,1.8707258442088035,0.7193254976450154,ok,28.0,16.0,0.0009822780000376,0.0064993026000062
office,2021-03-31,2021-04-02,2,16.0,persistence,9.0,4,2.4167,2.4697,4.5395,10.902737777777782,1.4102404320987638,1.9255025558447016,0.7403880630010389,ok,28.0,16.0,0.0009822780000376,0.0064993026000062
office,2021-03-31,2021-04-02,2,16.0,persistence,10.0,4,2.4833,2.1297,13.496,10.902737777777782,1.4102404320987638,3.9576918608340392,1.5217989723791487,ok,28.0,16.0,0.0009822780000376,0.0064993026000062
office,2021-03-31,2021-04-02,2,16.0,persistence,11.0,4,1.8833,2.3217,10.4645,10.902737777777782,1.4102404320987638,4.585414070920882,1.763168701969065,ok,28.0,16.0,0.0009822780000376,0.0064993026000062
office,2021-03-31,2021-04-02,2,16.0,persistence,12.0,4,1.1875,1.4579,4.3815,10.902737777777782,1.4102404320987638,0.9439324353996542,0.3629578705715153,ok,28.0,16.0,0.0009822780000376,0.0064993026000062
office,2021-03-31,2021-04-02,2,16.0,persistence,13.0,4,1.4917,1.646,3.239,10.902737777777782,1.4102404320987638,1.5747259414481725,0.6055085650274952,ok,28.0,16.0,0.0009822780000376,0.0064993026000062
office,2021-03-31,2021-04-02,2,16.0,persistence,14.0,4,1.9333,1.2622,2.0765,10.902737777777782,1.4102404320987638,1.6493512828137071,0.6342032617843016,ok,28.0,16.0,0.0009822780000376,0.0064993026000062
office,2021-03-31,2021-04-02,2,16.0,vae_percell,0.0,4,1.3196,1.3916,13.6205,20.401960942903496,1.2570432188667082,4.750650315918155,1.82670481258068,ok,28.0,16.0,0.3107413059999544,0.0073381238666646
office,2021-03-31,2021-04-02,2,16.0,vae_percell,1.0,4,1.711,1.4743,14.0939,20.401960942903496,1.2570432188667082,5.882508142269781,2.2619231513470064,ok,28.0,16.0,0.3107413059999544,0.0073381238666646
office,2021-03-31,2021-04-02,2,16.0,vae_percell,2.0,4,1.2863,2.5512,7.9614,20.401960942903496,1.2570432188667082,1.7364242643321313,0.6676842851828241,ok,28.0,16.0,0.3107413059999544,0.0073381238666646
office,2021-03-31,2021-04-02,2,16.0,vae_percell,3.0,4,1.2152,1.9755,8.4044,20.401960942903496,1.2570432188667082,3.307206771283917,1.2716765334339597,ok,28.0,16.0,0.3107413059999544,0.0073381238666646
office,2021-03-31,2021-04-02,2,16.0,vae_percell,4.0,4,2.1337,2.16,7.1993,20.401960942903496,1.2570432188667082,1.7020181095991933,0.6544545409891797,ok,28.0,16.0,0.3107413059999544,0.0073381238666646
office,2021-03-31,2021-04-02,2,16.0,vae_percell,5.0,4,2.2384,5.8723,21.0053,20.401960942903496,1.2570432188667082,4.119104124939873,1.5838646981311997,ok,28.0,16.0,0.3107413059999544,0.0073381238666646
office,2021-03-31,2021-04-02,2,16.0,vae_percell,6.0,4,1.3203,1.0788,16.4628,20.401960942903496,1.2570432188667082,5.976046509268856,2.297890224020324,ok,28.0,16.0,0.3107413059999544,0.0073381238666646
office,2021-03-31,2021-04-02,2,16.0,vae_percell,7.0,4,0.8676,1.5332,2.4131,20.401960942903496,1.2570432188667082,1.7299874906178587,0.6652092376126091,ok,28.0,16.0,0.3107413059999544,0.0073381238666646
office,2021-03-31,2021-04-02,2,16.0,vae_percell,8.0,4,0.9712,1.1874,17.1894,20.401960942903496,1.2570432188667082,6.472302733889008,2.488709074809924,ok,28.0,16.0,0.3107413059999544,0.0073381238666646
office,2021-03-31,2021-04-02,2,16.0,vae_percell,9.0,4,1.0788,1.3743,6.1685,20.401960942903496,1.2570432188667082,2.795870749371616,1.075059247387189,ok,28.0,16.0,0.3107413059999544,0.0073381238666646
office,2021-03-31,2021-04-02,2,16.0,vae_percell,10.0,4,2.0862,1.8341,5.3383,20.401960942903496,1.2570432188667082,1.9620108195263015,0.754426103381044,ok,28.0,16.0,0.3107413059999544,0.0073381238666646
office,2021-03-31,2021-04-02,2,16.0,vae_percell,11.0,4,0.9709,1.5695,8.0692,20.401960942903496,1.2570432188667082,3.008411974520402,1.1567849171444764,ok,28.0,16.0,0.3107413059999544,0.0073381238666646
office,2021-03-31,2021-04-02,2,16.0,vae_percell,12.0,4,1.6924,2.8469,12.8076,20.401960942903496,1.2570432188667082,4.381155086687742,1.6846276929073605,ok,28.0,16.0,0.3107413059999544,0.0073381238666646
office,2021-03-31,2021-04-02,2,16.0,vae_percell,13.0,4,1.9323,2.9098,27.8264,20.401960942903496,1.2570432188667082,6.739494434073661,2.5914487698309387,ok,28.0,16.0,0.3107413059999544,0.0073381238666646
office,2021-03-31,2021-04-02,2,16.0,vae_percell,14.0,4,2.2419,2.3802,5.2897,20.401960942903496,1.2570432188667082,2.2017323461240847,0.8466030554181305,ok,28.0,16.0,0.3107413059999544,0.0073381238666646
office,2021-03-31,2021-04-03,3,,,,0,,,,,,,,no_target_sessions,,,,
office,2021-04-07,2021-04-08,1,,vae_shared,0.0,1,2.0582,1.6359,15.2413,5.218057250645431,0.753524095765782,1.3356255248734237,1.6718235766417793,ok,1422.0,,2.3384060870000667,0.0079360502000023
office,2021-04-07,2021-04-08,1,,vae_shared,1.0,1,0.5736,2.6084,2.4161,5.218057250645431,0.753524095765782,1.8582137530870089,2.325955520463177,ok,1422.0,,2.3384060870000667,0.0079360502000023
office,2021-04-07,2021-04-08,1,,vae_shared,2.0,1,0.2116,0.8539,0.2349,5.218057250645431,0.753524095765782,0.4007169548131954,0.5015837449499833,ok,1422.0,,2.3384060870000667,0.0079360502000023
office,2021-04-07,2021-04-08,1,,vae_shared,3.0,1,5.573,0.7735,12.9065,5.218057250645431,0.753524095765782,1.6473051827572085,2.0619579299509807,ok,1422.0,,2.3384060870000667,0.0079360502000023
office,2021-04-07,2021-04-08,1,,vae_shared,4.0,1,1.365,2.2419,7.2699,5.218057250645431,0.753524095765782,1.186546068989167,1.4852184657789511,ok,1422.0,,2.3384060870000667,0.0079360502000023
office,2021-04-07,2021-04-08,1,,vae_shared,5.0,1,5.4454,2.0708,10.9537,5.218057250645431,0.753524095765782,2.627332820379854,3.288674011536317,ok,1422.0,,2.3384060870000667,0.0079360502000023
office,2021-04-07,2021-04-08,1,,vae_shared,6.0,1,4.3339,2.3208,10.4301,5.218057250645431,0.753524095765782,1.54723021530369,1.9366925116846545,ok,1422.0,,2.3384060870000667,0.0079360502000023
office,2021-04-07,2021-04-08,1,,vae_shared,7.0,1,0.045,2.5053,18.3733,5.218057250645431,0.753524095765782,1.5134742057021875,1.8944395810134724,ok,1422.0,,2.3384060870000667,0.0079360502000023
office,2021-04-07,2021-04-08,1,,vae_shared,8.0,1,0.739,4.3103,9.5836,5.218057250645431,0.753524095765782,1.1573891967910857,1.448722348076721,ok,1422.0,,2.3384060870000667,0.0079360502000023
office,2021-04-07,2021-04-08,1,,vae_shared,9.0,1,0.0202,0.6079,5.1593,5.218057250645431,0.753524095765782,0.5602753890090233,0.7013055585667984,ok,1422.0,,2.3384060870000667,0.0079360502000023
office,2021-04-07,2021-04-08,1,,vae_shared,10.0,1,2.4481,1.6919,14.2769,5.218057250645431,0.753524095765782,1.2705890782253606,1.5904164285884048,ok,1422.0,,2.3384060870000667,0.0079360502000023
office,2021-04-07,2021-04-08,1,,vae_shared,11.0,1,2.6864,1.7184,6.3026,5.218057250645431,0.753524095765782,1.7480939789635666,2.188116858948015,ok,1422.0,,2.3384060870000667,0.0079360502000023
office,2021-04-07,2021-04-08,1,,vae_shared,12.0,1,0.3352,4.3124,6.5978,5.218057250645431,0.753524095765782,1.121820371704574,1.4042002876146666,ok,1422.0,,2.3384060870000667,0.0079360502000023
office,2021-04-07,2021-04-08,1,,vae_shared,13.0,1,2.158,0.5602,14.5914,5.218057250645431,0.753524095765782,1.331855847159925,1.6671050114748218,ok,1422.0,,2.3384060870000667,0.0079360502000023
office,2021-04-07,2021-04-08,1,,vae_shared,14.0,1,0.4575,5.5549,12.7898,5.218057250645431,0.753524095765782,1.9113937876875076,2.39252181018736,ok,1422.0,,2.3384060870000667,0.0079360502000023
office,2021-04-07,2021-04-08,1,1.0,,,1,,,,,,,,insufficient_volume,,,,
office,2021-04-07,2021-04-08,1,4.0,,,1,,,,,,,,insufficient_volume,,,,
office,2021-04-07,2021-04-08,1,16.0,persistence,0.0,1,3.3,0.9253,18.5217,3.386967388888892,0.6763802469135782,1.5517449670304293,1.94234369776854,ok,24.0,16.0,0.0010149219999675,0.0056290603333309
office,2021-04-07,2021-04-08,1,16.0,persistence,1.0,1,0.5833,2.5569,3.0297,3.386967388888892,0.6763802469135782,0.9638540931037128,1.2064714003172248,ok,24.0,16.0,0.0010149219999675,0.0056290603333309
office,2021-04-07,2021-04-08,1,16.0,persistence,2.0,1,3.3,0.9253,18.5217,3.386967388888892,0.6763802469135782,1.5517449670304293,1.94234369776854,ok,24.0,16.0,0.0010149219999675,0.0056290603333309
office,2021-04-07,2021-04-08,1,16.0,persistence,3.0,1,2.4667,0.2381,4.5557,3.386967388888892,0.6763802469135782,1.261907194036906,1.579549176948161,ok,24.0,16.0,0.0010149219999675,0.0056290603333309
office,2021-04-07,2021-04-08,1,16.0,persistence,4.0,1,2.45,0.2353,1.6423,3.386967388888892,0.6763802469135782,1.5068822532318416,1.8861883299323947,ok,24.0,16.0,0.0010149219999675,0.0056290603333309
office,2021-04-07,2021-04-08,1,16.0,persistence,5.0,1,0.7667,3.4586,9.1847,3.386967388888892,0.6763802469135782,1.0936425329704746,1.3689296415711645,ok,24.0,16.0,0.0010149219999675,0.0056290603333309
office,2021-04-07,2021-04-08,1,16.0,persistence,6.0,1,12.4167,8.2908,13.6803,3.386967388888892,0.6763802469135782,2.026805804295902,2.536984855255305,ok,24.0,16.0,0.0010149219999675,0.0056290603333309
office,2021-04-07,2021-04-08,1,16.0,persistence,7.0,1,1.1333,0.9017,10.5783,3.386967388888892,0.6763802469135782,1.4139776219290137,1.7698981347401466,ok,24.0,16.0,0.0010149219999675,0.0056290603333309
office,2021-04-07,2021-04-08,1,16.0,persistence,8.0,1,2.45,0.2353,1.6423,3.386967388888892,0.6763802469135782,1.5068822532318416,1.8861883299323947,ok,24.0,16.0,0.0010149219999675,0.0056290603333309
office,2021-04-07,2021-04-08,1,16.0,persistence,9.0,1,12.4167,8.2908,13.6803,3.386967388888892,0.6763802469135782,2.026805804295902,2.536984855255305,ok,24.0,16.0,0.0010149219999675,0.0056290603333309
office,2021-04-07,2021-04-08,1,16.0,persistence,10.0,1,0.1833,2.7378,7.1227,3.386967388888892,0.6763802469135782,1.0987804284460012,1.3753608265330726,ok,24.0,16.0,0.0010149219999675,0.0056290603333309
office,2021-04-07,2021-04-08,1,16.0,persistence,11.0,1,4.0667,4.325,10.6867,3.386967388888892,0.6763802469135782,1.4179653386523088,1.774889622781381,ok,24.0,16.0,0.0010149219999675,0.0056290603333309
office,2021-04-07,2021-04-08,1,16.0,persistence,12.0,1,2.2833,0.4222,8.7263,3.386967388888892,0.6763802469135782,1.8408548613218307,2.30422712131466,ok,24.0,16.0,0.0010149219999675,0.0056290603333309
office,2021-04-07,2021-04-08,1,16.0,persistence,13.0,1,0.9667,1.3869,5.9497,3.386967388888892,0.6763802469135782,0.9904853128234496,1.2398061188989191,ok,24.0,16.0,0.0010149219999675,0.0056290603333309
office,2021-04-07,2021-04-08,1,16.0,persistence,14.0,1,4.0667,4.325,10.6867,3.386967388888892,0.6763802469135782,1.4179653386523088,1.774889622781381,ok,24.0,16.0,0.0010149219999675,0.0056290603333309
office,2021-04-07,2021-04-08,1,16.0,vae_percell,0.0,1,3.4153,7.0478,11.3577,4.248937505200919,0.9347317572993364,1.3077691578521071,1.6369553218214496,ok,24.0,16.0,0.34603413800005,0.0078986736000009
office,2021-04-07,2021-04-08,1,16.0,vae_percell,1.0,1,1.6444,4.1486,0.5237,4.248937505200919,0.9347317572993364,2.271372536340978,2.8431128986931835,ok,24.0,16.0,0.34603413800005,0.0078986736000009
office,2021-04-07,2021-04-08,1,16.0,vae_percell,2.0,1,0.7076,1.9635,5.4884,4.248937505200919,0.9347317572993364,1.3304025302935831,1.6652858717861636,ok,24.0,16.0,0.34603413800005,0.0078986736000009
office,2021-04-07,2021-04-08,1,16.0,vae_percell,3.0,1,4.9624,2.6162,4.5528,4.248937505200919,0.9347317572993364,1.7855015269114736,2.234940477873384,ok,24.0,16.0,0.34603413800005,0.0078986736000009
office,2021-04-07,2021-04-08,1,16.0,vae_percell,4.0,1,2.9599,2.2897,14.8621,4.248937505200919,0.9347317572993364,1.3166249223111537,1.6480402221442578,ok,24.0,16.0,0.34603413800005,0.0078986736000009
office,2021-04-07,2021-04-08,1,16.0,vae_percell,5.0,1,4.914,3.2762,23.1971,4.248937505200919,0.9347317572993364,3.068469596105143,3.840851885084495,ok,24.0,16.0,0.34603413800005,0.0078986736000009
office,2021-04-07,2021-04-08,1,16.0,vae_percell,6.0,1,3.186,1.8806,5.0969,4.248937505200919,0.9347317572993364,1.3756728783249332,1.7219514818333828,ok,24.0,16.0,0.34603413800005,0.0078986736000009
office,2021-04-07,2021-04-08,1,16.0,vae_percell,7.0,1,2.0969,0.6732,13.1899,4.248937505200919,0.9347317572993364,1.2611665646492218,1.5786221194392824,ok,24.0,16.0,0.34603413800005,0.0078986736000009
office,2021-04-07,2021-04-08,1,16.0,vae_percell,8.0,1,3.0403,0.997,15.7207,4.248937505200919,0.9347317572993364,1.4300678952139785,1.7900385840887485,ok,24.0,16.0,0.34603413800005,0.0078986736000009
office,2021-04-07,2021-04-08,1,16.0,vae_percell,9.0,1,1.1385,2.2741,10.5717,4.248937505200919,0.9347317572993364,0.9460826291289384,1.1842265780139944,ok,24.0,16.0,0.34603413800005,0.0078986736000009
office,2021-04-07,2021-04-08,1,16.0,vae_percell,10.0,1,0.6068,3.9465,3.4945,4.248937505200919,0.9347317572993364,0.9667314355761188,1.210073015361155,ok,24.0,16.0,0.34603413800005,0.0078986736000009
office,2021-04-07,2021-04-08,1,16.0,vae_percell,11.0,1,3.6594,0.4456,5.1453,4.248937505200919,0.9347317572993364,1.991597707901389,2.492914324597693,ok,24.0,16.0,0.34603413800005,0.0078986736000009
office,2021-04-07,2021-04-08,1,16.0,vae_percell,12.0,1,1.6778,3.4925,7.3456,4.248937505200919,0.9347317572993364,1.2831562629596729,1.6061469723220814,ok,24.0,16.0,0.34603413800005,0.0078986736000009
office,2021-04-07,2021-04-08,1,16.0,vae_percell,13.0,1,4.298,1.2133,11.7384,4.248937505200919,0.9347317572993364,1.5304828645574542,1.9157295880938523,ok,24.0,16.0,0.34603413800005,0.0078986736000009
office,2021-04-07,2021-04-08,1,16.0,vae_percell,14.0,1,0.6969,5.3895,7.9464,4.248937505200919,0.9347317572993364,2.6071637955310445,3.263428124397923,ok,24.0,16.0,0.34603413800005,0.0078986736000009
office,2021-04-07,2021-04-09,2,,vae_shared,0.0,1,2.4255,0.0313,15.1375,5.383868187917546,1.066522359415064,1.2610454388336172,1.4817669783112268,ok,1422.0,,2.3384060870000667,0.0071607204666634
office,2021-04-07,2021-04-09,2,,vae_shared,1.0,1,0.2326,4.3677,5.2085,5.383868187917546,1.066522359415064,2.183987633664424,2.5662522990426515,ok,1422.0,,2.3384060870000667,0.0071607204666634
office,2021-04-07,2021-04-09,2,,vae_shared,2.0,1,0.9403,1.9152,3.6834,5.383868187917546,1.066522359415064,0.955590859412226,1.1228485006557367,ok,1422.0,,2.3384060870000667,0.0071607204666634
office,2021-04-07,2021-04-09,2,,vae_shared,3.0,1,5.5869,2.8848,15.271,5.383868187917546,1.066522359415064,1.4157695950804263,1.6635725964225327,ok,1422.0,,2.3384060870000667,0.0071607204666634
office,2021-04-07,2021-04-09,2,,vae_shared,4.0,1,1.6303,0.932,7.2916,5.383868187917546,1.066522359415064,0.9928305427542332,1.1666062681077891,ok,1422.0,,2.3384060870000667,0.0071607204666634
office,2021-04-07,2021-04-09,2,,vae_shared,5.0,1,5.6513,0.6486,9.4373,5.383868187917546,1.066522359415064,2.409636495893161,2.8313966169613645,ok,1422.0,,2.3384060870000667,0.0071607204666634
office,2021-04-07,2021-04-09,2,,vae_shared,6.0,1,3.1454,3.7552,9.9847,5.383868187917546,1.066522359415064,0.9795285573987418,1.1509760282775912,ok,1422.0,,2.3384060870000667,0.0071607204666634
office,2021-04-07,2021-04-09,2,,vae_shared,7.0,1,0.5178,4.5099,19.1669,5.383868187917546,1.066522359415064,1.4100865460780476,1.6568948399448291,ok,1422.0,,2.3384060870000667,0.0071607204666634
office,2021-04-07,2021-04-09,2,,vae_shared,8.0,1,0.7642,2.2652,7.1417,5.383868187917546,1.066522359415064,0.8035652372095482,0.9442137426207664,ok,1422.0,,2.3384060870000667,0.0071607204666634
office,2021-04-07,2021-04-09,2,,vae_shared,9.0,1,0.195,1.1024,7.0762,5.383868187917546,1.066522359415064,0.6250103423780885,0.7344062774577294,ok,1422.0,,2.3384060870000667,0.0071607204666634
office,2021-04-07,2021-04-09,2,,vae_shared,10.0,1,2.9688,3.3215,14.888,5.383868187917546,1.066522359415064,1.1252242389835765,1.322172912391962,ok,1422.0,,2.3384060870000667,0.0071607204666634
office,2021-04-07,2021-04-09,2,,vae_shared,11.0,1,1.8452,0.389,6.9555,5.383868187917546,1.066522359415064,1.2528504628365544,1.4721376307504186,ok,1422.0,,2.3384060870000667,0.0071607204666634
office,2021-04-07,2021-04-09,2,,vae_shared,12.0,1,0.1458,2.9945,5.1374,5.383868187917546,1.066522359415064,0.8768620478369851,1.030339737972467,ok,1422.0,,2.3384060870000667,0.0071607204666634
office,2021-04-07,2021-04-09,2,,vae_shared,13.0,1,1.8837,2.441,15.0086,5.383868187917546,1.066522359415064,1.1122675201592616,1.306948371300968,ok,1422.0,,2.3384060870000667,0.0071607204666634
office,2021-04-07,2021-04-09,2,,vae_shared,14.0,1,0.2297,7.3306,13.3276,5.383868187917546,1.066522359415064,1.902789907627556,2.235836366367752,ok,1422.0,,2.3384060870000667,0.0071607204666634
office,2021-04-07,2021-04-09,2,1.0,,,1,,,,,,,,insufficient_volume,,,,
office,2021-04-07,2021-04-09,2,4.0,persistence,0.0,1,0.0667,1.1822,9.117,3.792022222222221,1.2839456790123451,0.8234597792762524,0.9675904383172608,ok,14.0,4.0,0.0010303179999482,0.0055850314666713
office,2021-04-07,2021-04-09,2,4.0,persistence,1.0,1,0.5,1.475,15.431,3.792022222222221,1.2839456790123451,1.9172764734448025,2.252858524488384,ok,14.0,4.0,0.0010303179999482,0.0055850314666713
office,2021-04-07,2021-04-09,2,4.0,persistence,2.0,1,0.0667,1.1822,9.117,3.792022222222221,1.2839456790123451,0.8234597792762524,0.9675904383172608,ok,14.0,4.0,0.0010303179999482,0.0055850314666713
office,2021-04-07,2021-04-09,2,4.0,persistence,3.0,1,0.0667,1.1822,9.117,3.792022222222221,1.2839456790123451,0.8234597792762524,0.9675904383172608,ok,14.0,4.0,0.0010303179999482,0.0055850314666713
office,2021-04-07,2021-04-09,2,4.0,persistence,4.0,1,0.1333,2.2375,12.791,3.792022222222221,1.2839456790123451,1.7755957189596288,2.0863793025719013,ok,14.0,4.0,0.0010303179999482,0.0055850314666713
office,2021-04-07,2021-04-09,2,4.0,persistence,5.0,1,7.2833,3.8747,13.894,3.792022222222221,1.2839456790123451,1.6239402196718382,1.9081794502875944,ok,14.0,4.0,0.0010303179999482,0.0055850314666713
office,2021-04-07,2021-04-09,2,4.0,persistence,6.0,1,0.5,1.475,15.431,3.792022222222221,1.2839456790123451,1.9172764734448025,2.252858524488384,ok,14.0,4.0,0.0010303179999482,0.0055850314666713
office,2021-04-07,2021-04-09,2,4.0,persistence,7.0,1,5.6167,4.3947,9.192,3.792022222222221,1.2839456790123451,1.515724679244977,1.7810228789169862,ok,14.0,4.0,0.0010303179999482,0.0055850314666713
office,2021-04-07,2021-04-09,2,4.0,persistence,8.0,1,0.1333,2.2375,12.791,3.792022222222221,1.2839456790123451,1.7755957189596288,2.0863793025719013,ok,14.0,4.0,0.0010303179999482,0.0055850314666713
office,2021-04-07,2021-04-09,2,4.0,persistence,9.0,1,2.3833,1.61,7.24,3.792022222222221,1.2839456790123451,0.9077440419383638,1.0666270260230466,ok,14.0,4.0,0.0010303179999482,0.0055850314666713
office,2021-04-07,2021-04-09,2,4.0,persistence,10.0,1,0.1333,2.2375,12.791,3.792022222222221,1.2839456790123451,1.7755957189596288,2.0863793025719013,ok,14.0,4.0,0.0010303179999482,0.0055850314666713
office,2021-04-07,2021-04-09,2,4.0,persistence,11.0,1,1.7833,4.0597,0.816,3.792022222222221,1.2839456790123451,1.5010144165944348,1.763737870172163,ok,14.0,4.0,0.0010303179999482,0.0055850314666713
office,2021-04-07,2021-04-09,2,4.0,persistence,12.0,1,1.05,1.1175,1.836,3.792022222222221,1.2839456790123451,0.5263978592815751,0.6185335923014835,ok,14.0,4.0,0.0010303179999482,0.0055850314666713
office,2021-04-07,2021-04-09,2,4.0,persistence,13.0,1,3.0,2.9686,13.766,3.792022222222221,1.2839456790123451,1.063643950667556,1.2498141892788903,ok,14.0,4.0,0.0010303179999482,0.0055850314666713
office,2021-04-07,2021-04-09,2,4.0,persistence,14.0,1,2.9333,2.465,4.121,3.792022222222221,1.2839456790123451,1.311416980815684,1.540955081497009,ok,14.0,4.0,0.0010303179999482,0.0055850314666713
office,2021-04-07,2021-04-09,2,4.0,vae_percell,0.0,1,0.458,0.136,14.7744,3.63280317638354,0.5298136043616917,1.0920078740194568,1.2831426671464852,ok,14.0,4.0,0.3014634239999623,0.0077768952666701
office,2021-04-07,2021-04-09,2,4.0,vae_percell,1.0,1,0.5315,3.8517,4.6609,3.63280317638354,0.5298136043616917,2.047555673335928,2.4059405708720814,ok,14.0,4.0,0.3014634239999623,0.0077768952666701
office,2021-04-07,2021-04-09,2,4.0,vae_percell,2.0,1,0.8465,2.3299,1.2436,3.63280317638354,0.5298136043616917,0.8709468252228397,1.0233891703964824,ok,14.0,4.0,0.3014634239999623,0.0077768952666701
office,2021-04-07,2021-04-09,2,4.0,vae_percell,3.0,1,2.8326,0.3121,2.2558,3.63280317638354,0.5298136043616917,1.2191814483019168,1.4325755084086167,ok,14.0,4.0,0.3014634239999623,0.0077768952666701
office,2021-04-07,2021-04-09,2,4.0,vae_percell,4.0,1,2.5443,1.5562,10.634,3.63280317638354,0.5298136043616917,1.026008908438416,1.2055918630365718,ok,14.0,4.0,0.3014634239999623,0.0077768952666701
office,2021-04-07,2021-04-09,2,4.0,vae_percell,5.0,1,4.6992,0.9754,16.487,3.63280317638354,0.5298136043616917,2.636759914313193,3.0982735835259057,ok,14.0,4.0,0.3014634239999623,0.0077768952666701
office,2021-04-07,2021-04-09,2,4.0,vae_percell,6.0,1,2.8516,0.7963,5.0047,3.63280317638354,0.5298136043616917,1.1198495759976037,1.3158575189200723,ok,14.0,4.0,0.3014634239999623,0.0077768952666701
office,2021-04-07,2021-04-09,2,4.0,vae_percell,7.0,1,1.1178,1.6647,11.5689,3.63280317638354,0.5298136043616917,1.0709404837604106,1.2583878389351213,ok,14.0,4.0,0.3014634239999623,0.0077768952666701
office,2021-04-07,2021-04-09,2,4.0,vae_percell,8.0,1,0.5481,1.0601,12.7438,3.63280317638354,0.5298136043616917,0.9968224062313498,1.1712968298434463,ok,14.0,4.0,0.3014634239999623,0.0077768952666701
office,2021-04-07,2021-04-09,2,4.0,vae_percell,9.0,1,0.7857,0.1054,6.1457,3.63280317638354,0.5298136043616917,0.6650379063571689,0.7814398899668078,ok,14.0,4.0,0.3014634239999623,0.0077768952666701
office,2021-04-07,2021-04-09,2,4.0,vae_percell,10.0,1,1.4362,0.9711,20.6829,3.63280317638354,0.5298136043616917,1.5818541972278926,1.8587270860939735,ok,14.0,4.0,0.3014634239999623,0.0077768952666701
office,2021-04-07,2021-04-09,2,4.0,vae_percell,11.0,1,2.2158,0.2487,2.4107,3.63280317638354,0.5298136043616917,1.0378928707888924,1.2195558824447204,ok,14.0,4.0,0.3014634239999623,0.0077768952666701
office,2021-04-07,2021-04-09,2,4.0,vae_percell,12.0,1,0.1077,1.2881,7.067,3.63280317638354,0.5298136043616917,0.7456355154979848,0.8761445469743762,ok,14.0,4.0,0.3014634239999623,0.0077768952666701
office,2021-04-07,2021-04-09,2,4.0,vae_percell,13.0,1,1.3993,2.0694,16.0725,3.63280317638354,0.5298136043616917,1.1825823693101387,1.3895704706704195,ok,14.0,4.0,0.3014634239999623,0.0077768952666701
office,2021-04-07,2021-04-09,2,4.0,vae_percell,14.0,1,0.5354,5.5232,5.236,3.63280317638354,0.5298136043616917,2.1410693076722134,2.5158219527115357,ok,14.0,4.0,0.3014634239999623,0.0077768952666701
office,2021-04-07,2021-04-09,2,16.0,persistence,0.0,1,7.2833,3.8747,13.894,3.5151555555555545,0.824498765432099,1.6239402196718382,1.9081794502875944,ok,31.0,16.0,0.0009584800000084,0.0057200973999973
office,2021-04-07,2021-04-09,2,16.0,persistence,1.0,1,0.8333,1.4939,16.805,3.5151555555555545,0.824498765432099,1.1425203461539972,1.3424963675738522,ok,31.0,16.0,0.0009584800000084,0.0057200973999973
office,2021-04-07,2021-04-09,2,16.0,persistence,2.0,1,1.05,1.1175,1.836,3.5151555555555545,0.824498765432099,0.5263978592815751,0.6185335923014835,ok,31.0,16.0,0.0009584800000084,0.0057200973999973
office,2021-04-07,2021-04-09,2,16.0,persistence,3.0,1,1.05,1.1175,1.836,3.5151555555555545,0.824498765432099,0.5263978592815751,0.6185335923014835,ok,31.0,16.0,0.0009584800000084,0.0057200973999973
office,2021-04-07,2021-04-09,2,16.0,persistence,4.0,1,2.3833,1.61,7.24,3.5151555555555545,0.824498765432099,0.9077440419383638,1.0666270260230466,ok,31.0,16.0,0.0009584800000084,0.0057200973999973
office,2021-04-07,2021-04-09,2,16.0,persistence,5.0,1,0.0333,2.4025,6.892,3.5151555555555545,0.824498765432099,1.3695798360325038,1.6092982161459035,ok,31.0,16.0,0.0009584800000084,0.0057200973999973
office,2021-04-07,2021-04-09,2,16.0,persistence,6.0,1,0.85,1.5883,9.896,3.5151555555555545,0.824498765432099,0.8678349720105211,1.0197326476500612,ok,31.0,16.0,0.0009584800000084,0.0057200973999973
office,2021-04-07,2021-04-09,2,16.0,persistence,7.0,1,3.0,2.9686,13.766,3.5151555555555545,0.824498765432099,1.063643950667556,1.2498141892788903,ok,31.0,16.0,0.0009584800000084,0.0057200973999973
office,2021-04-07,2021-04-09,2,16.0,persistence,8.0,1,2.3833,1.61,7.24,3.5151555555555545,0.824498765432099,0.9077440419383638,1.0666270260230466,ok,31.0,16.0,0.0009584800000084,0.0057200973999973
office,2021-04-07,2021-04-09,2,16.0,persistence,9.0,1,0.85,1.5883,9.896,3.5151555555555545,0.824498765432099,0.8678349720105211,1.0197326476500612,ok,31.0,16.0,0.0009584800000084,0.0057200973999973
office,2021-04-07,2021-04-09,2,16.0,persistence,10.0,1,0.4333,0.3303,8.396,3.5151555555555545,0.824498765432099,0.7248315938547029,0.8516993024486104,ok,31.0,16.0,0.0009584800000084,0.0057200973999973
office,2021-04-07,2021-04-09,2,16.0,persistence,11.0,1,1.6667,1.8731,18.937,3.5151555555555545,0.824498765432099,1.3457591720980209,1.581308207116401,ok,31.0,16.0,0.0009584800000084,0.0057200973999973
office,2021-04-07,2021-04-09,2,16.0,persistence,12.0,1,1.7833,4.0597,0.816,3.5151555555555545,0.824498765432099,1.5010144165944348,1.763737870172163,ok,31.0,16.0,0.0009584800000084,0.0057200973999973
office,2021-04-07,2021-04-09,2,16.0,persistence,13.0,1,0.1333,2.2375,12.791,3.5151555555555545,0.824498765432099,1.7755957189596288,2.0863793025719013,ok,31.0,16.0,0.0009584800000084,0.0057200973999973
office,2021-04-07,2021-04-09,2,16.0,persistence,14.0,1,1.6667,1.8731,18.937,3.5151555555555545,0.824498765432099,1.3457591720980209,1.581308207116401,ok,31.0,16.0,0.0009584800000084,0.0057200973999973
office,2021-04-07,2021-04-09,2,16.0,vae_percell,0.0,1,3.4071,2.7184,8.7665,2.1890540166528085,0.6480066128930881,1.0112015121490407,1.1881927192938544,ok,31.0,16.0,0.3621393409999882,0.0076486547333312
office,2021-04-07,2021-04-09,2,16.0,vae_percell,1.0,1,0.4231,3.1585,1.1884,2.1890540166528085,0.6480066128930881,1.1434191014534731,1.3435524325524284,ok,31.0,16.0,0.3621393409999882,0.0076486547333312
office,2021-04-07,2021-04-09,2,16.0,vae_percell,2.0,1,0.8489,1.4114,5.027,2.1890540166528085,0.6480066128930881,0.751298093258241,0.8827982491161704,ok,31.0,16.0,0.3621393409999882,0.0076486547333312
office,2021-04-07,2021-04-09,2,16.0,vae_percell,3.0,1,2.9631,0.6351,2.1694,2.1890540166528085,0.6480066128930881,1.2477738234608575,1.4661724241400529,ok,31.0,16.0,0.3621393409999882,0.0076486547333312
office,2021-04-07,2021-04-09,2,16.0,vae_percell,4.0,1,1.5395,0.5887,6.0782,2.1890540166528085,0.6480066128930881,0.8041377557591732,0.9448864694355033,ok,31.0,16.0,0.3621393409999882,0.0076486547333312
office,2021-04-07,2021-04-09,2,16.0,vae_percell,5.0,1,4.0433,0.1955,11.3174,2.1890540166528085,0.6480066128930881,2.0630787495110017,2.424180660380124,ok,31.0,16.0,0.3621393409999882,0.0076486547333312
office,2021-04-07,2021-04-09,2,16.0,vae_percell,6.0,1,1.6304,1.177,0.6265,2.1890540166528085,0.6480066128930881,0.7033082056771036,0.8264086627295218,ok,31.0,16.0,0.3621393409999882,0.0076486547333312
office,2021-04-07,2021-04-09,2,16.0,vae_percell,7.0,1,0.5129,1.6254,15.3538,2.1890540166528085,0.6480066128930881,1.1732698596432372,1.3786279868512945,ok,31.0,16.0,0.3621393409999882,0.0076486547333312
office,2021-04-07,2021-04-09,2,16.0,vae_percell,8.0,1,1.2581,2.1872,10.8114,2.1890540166528085,0.6480066128930881,0.9689639660997332,1.1385623102273486,ok,31.0,16.0,0.3621393409999882,0.0076486547333312
office,2021-04-07,2021-04-09,2,16.0,vae_percell,9.0,1,0.718,1.2215,1.9026,2.1890540166528085,0.6480066128930881,0.3966238881218791,0.4660452051370917,ok,31.0,16.0,0.3621393409999882,0.0076486547333312
office,2021-04-07,2021-04-09,2,16.0,vae_percell,10.0,1,1.3242,1.3242,3.2392,2.1890540166528085,0.6480066128930881,0.92607240963477,1.0881634189098888,ok,31.0,16.0,0.3621393409999882,0.0076486547333312
office,2021-04-07,2021-04-09,2,16.0,vae_percell,11.0,1,3.7095,1.4631,1.0762,2.1890540166528085,0.6480066128930881,1.3983763882420346,1.6431350461595509,ok,31.0,16.0,0.3621393409999882,0.0076486547333312
office,2021-04-07,2021-04-09,2,16.0,vae_percell,12.0,1,0.642,1.7209,2.3741,2.1890540166528085,0.6480066128930881,0.7797775958640312,0.9162625361437818,ok,31.0,16.0,0.3621393409999882,0.0076486547333312
office,2021-04-07,2021-04-09,2,16.0,vae_percell,13.0,1,1.7069,2.4593,15.1872,2.1890540166528085,0.6480066128930881,1.126303478428928,1.3234410517647133,ok,31.0,16.0,0.3621393409999882,0.0076486547333312
office,2021-04-07,2021-04-09,2,16.0,vae_percell,14.0,1,1.413,5.3948,2.0318,2.1890540166528085,0.6480066128930881,2.669404554802696,3.1366320350190797,ok,31.0,16.0,0.3621393409999882,0.0076486547333312
office,2021-04-07,2021-04-10,3,,,,0,,,,,,,,no_target_sessions,,,,
sample_df_home_dept92,2026-02-23,2026-02-24,1,,vae_shared,0.0,31,2.6844,1.3218,2.4517,21.87045573453809,0.6074791753473465,12.455746482321688,0.85009104283108,ok,42131.0,,51.09230131700002,0.0070925177999981
sample_df_home_dept92,2026-02-23,2026-02-24,1,,vae_shared,1.0,31,3.6769,0.5971,1.8164,21.87045573453809,0.6074791753473465,10.407635568896874,0.7103097182273628,ok,42131.0,,51.09230131700002,0.0070925177999981
sample_df_home_dept92,2026-02-23,2026-02-24,1,,vae_shared,2.0,31,2.8157,0.8134,3.9179,21.87045573453809,0.6074791753473465,13.47454055116346,0.9196226211785536,ok,42131.0,,51.09230131700002,0.0070925177999981
sample_df_home_dept92,2026-02-23,2026-02-24,1,,vae_shared,3.0,31,2.5845,2.898,2.9425,21.87045573453809,0.6074791753473465,12.594169634938146,0.8595382712510466,ok,42131.0,,51.09230131700002,0.0070925177999981
sample_df_home_dept92,2026-02-23,2026-02-24,1,,vae_shared,4.0,31,2.251,0.3296,1.5367,21.87045573453809,0.6074791753473465,11.996862026819391,0.8187726817942224,ok,42131.0,,51.09230131700002,0.0070925177999981
sample_df_home_dept92,2026-02-23,2026-02-24,1,,vae_shared,5.0,31,3.2339,0.4475,2.2568,21.87045573453809,0.6074791753473465,14.280713632712796,0.9746430502286542,ok,42131.0,,51.09230131700002,0.0070925177999981
sample_df_home_dept92,2026-02-23,2026-02-24,1,,vae_shared,6.0,31,1.9658,1.9705,2.8784,21.87045573453809,0.6074791753473465,9.402574542848413,0.6417154049957116,ok,42131.0,,51.09230131700002,0.0070925177999981
sample_df_home_dept92,2026-02-23,2026-02-24,1,,vae_shared,7.0,31,4.2443,1.1725,4.1131,21.87045573453809,0.6074791753473465,13.671140113041496,0.93304032575485,ok,42131.0,,51.09230131700002,0.0070925177999981
sample_df_home_dept92,2026-02-23,2026-02-24,1,,vae_shared,8.0,31,3.1362,1.8403,3.1449,21.87045573453809,0.6074791753473465,13.246321859500338,0.9040469456568336,ok,42131.0,,51.09230131700002,0.0070925177999981
sample_df_home_dept92,2026-02-23,2026-02-24,1,,vae_shared,9.0,31,1.1958,3.0868,2.6035,21.87045573453809,0.6074791753473465,8.871481791001553,0.6054689068915392,ok,42131.0,,51.09230131700002,0.0070925177999981
sample_df_home_dept92,2026-02-23,2026-02-24,1,16.0,persistence,0.0,31,3.3968,0.4053,1.5259,17.30124000000001,0.226199247311828,6.941197697834067,0.4737291336029666,ok,766.0,16.0,0.0008846160000075,0.0047129928999993
sample_df_home_dept92,2026-02-23,2026-02-24,1,16.0,persistence,1.0,31,1.4892,0.3965,1.8913,17.30124000000001,0.226199247311828,10.72284085047981,0.7318221331522334,ok,766.0,16.0,0.0008846160000075,0.0047129928999993
sample_df_home_dept92,2026-02-23,2026-02-24,1,16.0,persistence,2.0,31,2.8753,0.5193,3.0887,17.30124000000001,0.226199247311828,7.6874384893738466,0.5246592495605691,ok,766.0,16.0,0.0008846160000075,0.0047129928999993
sample_df_home_dept92,2026-02-23,2026-02-24,1,16.0,persistence,3.0,31,1.7844,0.8622,3.3868,17.30124000000001,0.226199247311828,13.129292606821307,0.8960598274545759,ok,766.0,16.0,0.0008846160000075,0.0047129928999993
sample_df_home_dept92,2026-02-23,2026-02-24,1,16.0,persistence,4.0,31,2.6011,0.9953,1.3448,17.30124000000001,0.226199247311828,5.077763623760639,0.3465518008333628,ok,766.0,16.0,0.0008846160000075,0.0047129928999993
sample_df_home_dept92,2026-02-23,2026-02-24,1,16.0,persistence,5.0,31,2.1263,0.2635,1.6603,17.30124000000001,0.226199247311828,10.232198816762548,0.6983363522163866,ok,766.0,16.0,0.0008846160000075,0.0047129928999993
sample_df_home_dept92,2026-02-23,2026-02-24,1,16.0,persistence,6.0,31,1.8511,0.4765,2.7327,17.30124000000001,0.226199247311828,7.101223078486539,0.4846506904049917,ok,766.0,16.0,0.0008846160000075,0.0047129928999993
sample_df_home_dept92,2026-02-23,2026-02-24,1,16.0,persistence,7.0,31,1.9441,0.498,2.9258,17.30124000000001,0.226199247311828,5.6581764687268326,0.3861643412258754,ok,766.0,16.0,0.0008846160000075,0.0047129928999993
sample_df_home_dept92,2026-02-23,2026-02-24,1,16.0,persistence,8.0,31,2.6984,0.7051,2.2274,17.30124000000001,0.226199247311828,7.082062029554714,0.4833429698206565,ok,766.0,16.0,0.0008846160000075,0.0047129928999993
sample_df_home_dept92,2026-02-23,2026-02-24,1,16.0,persistence,9.0,31,1.4296,0.3971,2.4857,17.30124000000001,0.226199247311828,6.971615844078369,0.4758051387383078,ok,766.0,16.0,0.0008846160000075,0.0047129928999993
sample_df_home_dept92,2026-02-23,2026-02-24,1,16.0,vae_percell,0.0,31,2.6265,0.497,1.7744,36.57825012516794,0.4345465173558258,16.049516404196428,1.0953619003358823,ok,766.0,16.0,0.9196866320000368,0.0067261110000004
sample_df_home_dept92,2026-02-23,2026-02-24,1,16.0,vae_percell,1.0,31,3.048,0.4015,4.7889,36.57825012516794,0.4345465173558258,19.44819228021421,1.3273178030824082,ok,766.0,16.0,0.9196866320000368,0.0067261110000004
sample_df_home_dept92,2026-02-23,2026-02-24,1,16.0,vae_percell,2.0,31,2.8029,0.7571,5.3037,36.57825012516794,0.4345465173558258,19.169251383922024,1.3082803926988706,ok,766.0,16.0,0.9196866320000368,0.0067261110000004
sample_df_home_dept92,2026-02-23,2026-02-24,1,16.0,vae_percell,3.0,31,4.4512,1.1224,3.7413,36.57825012516794,0.4345465173558258,13.04654767475939,0.8904125765503177,ok,766.0,16.0,0.9196866320000368,0.0067261110000004
sample_df_home_dept92,2026-02-23,2026-02-24,1,16.0,vae_percell,4.0,31,3.9552,0.5192,2.1347,36.57825012516794,0.4345465173558258,16.47267257445633,1.1242418450720082,ok,766.0,16.0,0.9196866320000368,0.0067261110000004
sample_df_home_dept92,2026-02-23,2026-02-24,1,16.0,vae_percell,5.0,31,2.9485,0.9185,1.2087,36.57825012516794,0.4345465173558258,15.51954540377453,1.0591919605367457,ok,766.0,16.0,0.9196866320000368,0.0067261110000004
sample_df_home_dept92,2026-02-23,2026-02-24,1,16.0,vae_percell,6.0,31,4.2189,0.7344,3.3477,36.57825012516794,0.4345465173558258,16.106219393318693,1.0992318171829376,ok,766.0,16.0,0.9196866320000368,0.0067261110000004
sample_df_home_dept92,2026-02-23,2026-02-24,1,16.0,vae_percell,7.0,31,2.6516,1.8207,4.4585,36.57825012516794,0.4345465173558258,18.559084136096217,1.2666371469293944,ok,766.0,16.0,0.9196866320000368,0.0067261110000004
sample_df_home_dept92,2026-02-23,2026-02-24,1,16.0,vae_percell,8.0,31,2.014,1.4716,4.9714,36.57825012516794,0.4345465173558258,10.544441793961935,0.7196465931145003,ok,766.0,16.0,0.9196866320000368,0.0067261110000004
sample_df_home_dept92,2026-02-23,2026-02-24,1,16.0,vae_percell,9.0,31,3.6698,0.4611,4.9113,36.57825012516794,0.4345465173558258,15.399225997778537,1.0509802929774292,ok,766.0,16.0,0.9196866320000368,0.0067261110000004
sample_df_home_dept92,2026-02-23,2026-02-25,2,,vae_shared,0.0,49,2.581,0.9063,0.9728,21.475960653021797,0.8023223463185862,18.500473967776216,0.9090248608380608,ok,42131.0,,51.09230131700002,0.0062782061000007
sample_df_home_dept92,2026-02-23,2026-02-25,2,,vae_shared,1.0,49,1.7263,0.3554,1.2539,21.475960653021797,0.8023223463185862,9.296679756453154,0.4567944062722658,ok,42131.0,,51.09230131700002,0.0062782061000007
sample_df_home_dept92,2026-02-23,2026-02-25,2,,vae_shared,2.0,49,1.5673,0.6743,1.9426,21.475960653021797,0.8023223463185862,14.784393504088534,0.7264344292496332,ok,42131.0,,51.09230131700002,0.0062782061000007
sample_df_home_dept92,2026-02-23,2026-02-25,2,,vae_shared,3.0,49,1.1393,2.285,2.2262,21.475960653021797,0.8023223463185862,12.839314684839316,0.6308625533038186,ok,42131.0,,51.09230131700002,0.0062782061000007
sample_df_home_dept92,2026-02-23,2026-02-25,2,,vae_shared,4.0,49,1.19,0.4805,1.6884,21.475960653021797,0.8023223463185862,11.47286632239764,0.5637218122247267,ok,42131.0,,51.09230131700002,0.0062782061000007
sample_df_home_dept92,2026-02-23,2026-02-25,2,,vae_shared,5.0,49,1.9358,0.67,1.0094,21.475960653021797,0.8023223463185862,14.053199417608983,0.6905070468557873,ok,42131.0,,51.09230131700002,0.0062782061000007
sample_df_home_dept92,2026-02-23,2026-02-25,2,,vae_shared,6.0,49,2.5137,1.6806,0.8621,21.475960653021797,0.8023223463185862,12.898425669027132,0.6337669845237388,ok,42131.0,,51.09230131700002,0.0062782061000007
sample_df_home_dept92,2026-02-23,2026-02-25,2,,vae_shared,7.0,49,2.4286,2.2264,3.6514,21.475960653021797,0.8023223463185862,20.47957112673003,1.0062682353935746,ok,42131.0,,51.09230131700002,0.0062782061000007
sample_df_home_dept92,2026-02-23,2026-02-25,2,,vae_shared,8.0,49,1.7497,1.4667,3.6141,21.475960653021797,0.8023223463185862,17.314052336326924,0.8507297728148056,ok,42131.0,,51.09230131700002,0.0062782061000007
sample_df_home_dept92,2026-02-23,2026-02-25,2,,vae_shared,9.0,49,1.7054,2.9661,1.173,21.475960653021797,0.8023223463185862,13.590356651391136,0.6677651656540455,ok,42131.0,,51.09230131700002,0.0062782061000007
sample_df_home_dept92,2026-02-23,2026-02-25,2,16.0,persistence,0.0,49,2.3629,0.8073,6.3056,126.75721,0.3460794217687073,18.85622554878232,0.9265047930808924,ok,839.0,16.0,0.0009386649999783,0.0047385520000034
sample_df_home_dept92,2026-02-23,2026-02-25,2,16.0,persistence,1.0,49,1.2986,0.2657,2.2285,126.75721,0.3460794217687073,14.239176932055766,0.6996450929665765,ok,839.0,16.0,0.0009386649999783,0.0047385520000034
sample_df_home_dept92,2026-02-23,2026-02-25,2,16.0,persistence,2.0,49,1.6531,0.5676,4.1611,126.75721,0.3460794217687073,16.623293928236045,0.8167892063795227,ok,839.0,16.0,0.0009386649999783,0.0047385520000034
sample_df_home_dept92,2026-02-23,2026-02-25,2,16.0,persistence,3.0,49,0.7619,0.685,4.3739,126.75721,0.3460794217687073,14.96591845504133,0.7353536976730213,ok,839.0,16.0,0.0009386649999783,0.0047385520000034
sample_df_home_dept92,2026-02-23,2026-02-25,2,16.0,persistence,4.0,49,0.698,0.3108,1.7323,126.75721,0.3460794217687073,9.814721917875763,0.4822485219082038,ok,839.0,16.0,0.0009386649999783,0.0047385520000034
sample_df_home_dept92,2026-02-23,2026-02-25,2,16.0,persistence,5.0,49,2.2986,0.353,2.5452,126.75721,0.3460794217687073,13.85202986404366,0.6806225365587489,ok,839.0,16.0,0.0009386649999783,0.0047385520000034
sample_df_home_dept92,2026-02-23,2026-02-25,2,16.0,persistence,6.0,49,2.5211,0.4836,2.9119,126.75721,0.3460794217687073,15.24147216656258,0.7488930899450953,ok,839.0,16.0,0.0009386649999783,0.0047385520000034
sample_df_home_dept92,2026-02-23,2026-02-25,2,16.0,persistence,7.0,49,0.7286,0.6882,2.1419,126.75721,0.3460794217687073,10.875558874971416,0.5343729793126678,ok,839.0,16.0,0.0009386649999783,0.0047385520000034
sample_df_home_dept92,2026-02-23,2026-02-25,2,16.0,persistence,8.0,49,2.9014,0.4852,3.5436,126.75721,0.3460794217687073,16.131856871032817,0.7926423383958734,ok,839.0,16.0,0.0009386649999783,0.0047385520000034
sample_df_home_dept92,2026-02-23,2026-02-25,2,16.0,persistence,9.0,49,2.5776,0.4555,4.2001,126.75721,0.3460794217687073,16.110204526450026,0.7915784456785586,ok,839.0,16.0,0.0009386649999783,0.0047385520000034
sample_df_home_dept92,2026-02-23,2026-02-25,2,16.0,vae_percell,0.0,49,2.4582,0.6068,2.3195,134.71997763980647,0.4514966041133924,22.12696039539481,1.0872130697422764,ok,839.0,16.0,0.9932829900000116,0.0065985352000041
sample_df_home_dept92,2026-02-23,2026-02-25,2,16.0,vae_percell,1.0,49,2.3914,1.0753,6.0675,134.71997763980647,0.4514966041133924,20.898010445793368,1.0268283434450358,ok,839.0,16.0,0.9932829900000116,0.0065985352000041
sample_df_home_dept92,2026-02-23,2026-02-25,2,16.0,vae_percell,2.0,49,2.7175,0.6333,4.8268,134.71997763980647,0.4514966041133924,31.794660587343166,1.562237646783764,ok,839.0,16.0,0.9932829900000116,0.0065985352000041
sample_df_home_dept92,2026-02-23,2026-02-25,2,16.0,vae_percell,3.0,49,1.7412,0.8479,3.8609,134.71997763980647,0.4514966041133924,24.05349340478732,1.1818736932383709,ok,839.0,16.0,0.9932829900000116,0.0065985352000041
sample_df_home_dept92,2026-02-23,2026-02-25,2,16.0,vae_percell,4.0,49,2.71,0.3288,4.3832,134.71997763980647,0.4514966041133924,31.764715150110444,1.5607662711335712,ok,839.0,16.0,0.9932829900000116,0.0065985352000041
sample_df_home_dept92,2026-02-23,2026-02-25,2,16.0,vae_percell,5.0,49,2.483,0.5105,3.0095,134.71997763980647,0.4514966041133924,23.54880340773843,1.157075639138091,ok,839.0,16.0,0.9932829900000116,0.0065985352000041
sample_df_home_dept92,2026-02-23,2026-02-25,2,16.0,vae_percell,6.0,49,2.8569,0.782,4.0659,134.71997763980647,0.4514966041133924,24.909925342965018,1.2239546650434856,ok,839.0,16.0,0.9932829900000116,0.0065985352000041
sample_df_home_dept92,2026-02-23,2026-02-25,2,16.0,vae_percell,7.0,49,2.2933,0.3785,3.0692,134.71997763980647,0.4514966041133924,24.352894099810754,1.1965848122941605,ok,839.0,16.0,0.9932829900000116,0.0065985352000041
sample_df_home_dept92,2026-02-23,2026-02-25,2,16.0,vae_percell,8.0,49,2.3611,0.9761,6.5183,134.71997763980647,0.4514966041133924,21.565092271847973,1.0596055558101405,ok,839.0,16.0,0.9932829900000116,0.0065985352000041
sample_df_home_dept92,2026-02-23,2026-02-25,2,16.0,vae_percell,9.0,49,2.4048,0.9449,3.2391,134.71997763980647,0.4514966041133924,13.43887856116455,0.6603222563465286,ok,839.0,16.0,0.9932829900000116,0.0065985352000041
sap,2020-12-20,2020-12-21,1,,vae_shared,0.0,29,3.9655,2.5317,7.4388,42.07544385218828,0.3990137275391613,29.80081567624177,1.0526325044812226,ok,26181.0,,41.81142576900004,0.0088065579000044
sap,2020-12-20,2020-12-21,1,,vae_shared,1.0,29,2.9874,1.9142,6.4675,42.07544385218828,0.3990137275391613,39.39215965166908,1.3914205611532398,ok,26181.0,,41.81142576900004,0.0088065579000044
sap,2020-12-20,2020-12-21,1,,vae_shared,2.0,29,3.1006,2.1555,8.9636,42.07544385218828,0.3990137275391613,36.67644424591402,1.2954953240699745,ok,26181.0,,41.81142576900004,0.0088065579000044
sap,2020-12-20,2020-12-21,1,,vae_shared,3.0,29,3.1035,2.0401,7.1852,42.07544385218828,0.3990137275391613,30.97226682439544,1.0940108200734862,ok,26181.0,,41.81142576900004,0.0088065579000044
sap,2020-12-20,2020-12-21,1,,vae_shared,4.0,29,3.574,2.3583,5.2283,42.07544385218828,0.3990137275391613,22.303117113055325,0.7877967596427269,ok,26181.0,,41.81142576900004,0.0088065579000044
sap,2020-12-20,2020-12-21,1,,vae_shared,5.0,29,3.5791,1.9124,7.4041,42.07544385218828,0.3990137275391613,32.974200310014616,1.1647236583281837,ok,26181.0,,41.81142576900004,0.0088065579000044
sap,2020-12-20,2020-12-21,1,,vae_shared,6.0,29,1.8167,1.9299,6.5317,42.07544385218828,0.3990137275391613,18.395361513895512,0.6497659551193633,ok,26181.0,,41.81142576900004,0.0088065579000044
sap,2020-12-20,2020-12-21,1,,vae_shared,7.0,29,2.4682,1.6661,4.407,42.07544385218828,0.3990137275391613,28.87288443235987,1.0198558650816345,ok,26181.0,,41.81142576900004,0.0088065579000044
sap,2020-12-20,2020-12-21,1,,vae_shared,8.0,29,2.5026,1.8403,4.9898,42.07544385218828,0.3990137275391613,31.31290919926904,1.1060430825488212,ok,26181.0,,41.81142576900004,0.0088065579000044
sap,2020-12-20,2020-12-21,1,,vae_shared,9.0,29,3.5619,2.0804,4.4903,42.07544385218828,0.3990137275391613,23.47349163396904,0.8291370463152352,ok,26181.0,,41.81142576900004,0.0088065579000044
sap,2020-12-20,2020-12-21,1,4.0,persistence,0.0,29,1.3759,1.3678,5.2872,55.05739999999999,0.1014633793103448,24.761733756704736,0.874640684429227,ok,124.0,4.0,0.0010351610000043,0.005764693399999
sap,2020-12-20,2020-12-21,1,4.0,persistence,1.0,29,1.3506,0.706,3.8259,55.05739999999999,0.1014633793103448,29.81948303760184,1.053291878088777,ok,124.0,4.0,0.0010351610000043,0.005764693399999
sap,2020-12-20,2020-12-21,1,4.0,persistence,2.0,29,1.8471,0.8353,7.3553,55.05739999999999,0.1014633793103448,25.151627851719965,0.888412629538955,ok,124.0,4.0,0.0010351610000043,0.005764693399999
sap,2020-12-20,2020-12-21,1,4.0,persistence,3.0,29,0.9534,0.884,4.2043,55.05739999999999,0.1014633793103448,24.54523444590461,0.8669934369772831,ok,124.0,4.0,0.0010351610000043,0.005764693399999
sap,2020-12-20,2020-12-21,1,4.0,persistence,4.0,29,1.0115,1.072,4.8187,55.05739999999999,0.1014633793103448,22.778584083944462,0.8045913331135512,ok,124.0,4.0,0.0010351610000043,0.005764693399999
sap,2020-12-20,2020-12-21,1,4.0,persistence,5.0,29,1.0626,1.0472,7.8348,55.05739999999999,0.1014633793103448,31.42846281305208,1.1101246986763715,ok,124.0,4.0,0.0010351610000043,0.005764693399999
sap,2020-12-20,2020-12-21,1,4.0,persistence,6.0,29,0.8121,0.3354,2.2154,55.05739999999999,0.1014633793103448,22.36345018245293,0.7899278607049596,ok,124.0,4.0,0.0010351610000043,0.005764693399999
sap,2020-12-20,2020-12-21,1,4.0,persistence,7.0,29,1.1075,0.855,5.9405,55.05739999999999,0.1014633793103448,28.031268934943103,0.9901280939199104,ok,124.0,4.0,0.0010351610000043,0.005764693399999
sap,2020-12-20,2020-12-21,1,4.0,persistence,8.0,29,1.0454,0.7682,2.3945,55.05739999999999,0.1014633793103448,25.148175471953422,0.8882906836432601,ok,124.0,4.0,0.0010351610000043,0.005764693399999
sap,2020-12-20,2020-12-21,1,4.0,persistence,9.0,29,1.2902,0.975,3.9612,55.05739999999999,0.1014633793103448,22.17382351724628,0.7832298161386145,ok,124.0,4.0,0.0010351610000043,0.005764693399999
sap,2020-12-20,2020-12-21,1,4.0,vae_percell,0.0,29,1.1379,1.4163,11.6785,67.57312084242395,0.4510396723836161,32.291572456400814,1.140611691897983,ok,124.0,4.0,0.3342533920000505,0.0084491737000007
sap,2020-12-20,2020-12-21,1,4.0,vae_percell,1.0,29,1.0205,1.7056,17.2163,67.57312084242395,0.4510396723836161,59.98471746230008,2.1187964805701043,ok,124.0,4.0,0.3342533920000505,0.0084491737000007
sap,2020-12-20,2020-12-21,1,4.0,vae_percell,2.0,29,1.3353,1.1439,25.3146,67.57312084242395,0.4510396723836161,62.19732068853112,2.196950652615389,ok,124.0,4.0,0.3342533920000505,0.0084491737000007
sap,2020-12-20,2020-12-21,1,4.0,vae_percell,3.0,29,1.3831,1.8337,18.3201,67.57312084242395,0.4510396723836161,46.240031679599326,1.6333029566365898,ok,124.0,4.0,0.3342533920000505,0.0084491737000007
sap,2020-12-20,2020-12-21,1,4.0,vae_percell,4.0,29,0.8103,1.3763,10.905,67.57312084242395,0.4510396723836161,29.53938695144728,1.0433982480664512,ok,124.0,4.0,0.3342533920000505,0.0084491737000007
sap,2020-12-20,2020-12-21,1,4.0,vae_percell,5.0,29,1.1903,1.5385,23.5184,67.57312084242395,0.4510396723836161,53.20148347899163,1.8791972476529812,ok,124.0,4.0,0.3342533920000505,0.0084491737000007
sap,2020-12-20,2020-12-21,1,4.0,vae_percell,6.0,29,2.0341,1.701,11.5198,67.57312084242395,0.4510396723836161,46.85109591584135,1.654887133539075,ok,124.0,4.0,0.3342533920000505,0.0084491737000007
sap,2020-12-20,2020-12-21,1,4.0,vae_percell,7.0,29,1.3502,1.27,8.1734,67.57312084242395,0.4510396723836161,37.27548457355313,1.3166547892073908,ok,124.0,4.0,0.3342533920000505,0.0084491737000007
sap,2020-12-20,2020-12-21,1,4.0,vae_percell,8.0,29,1.064,1.7313,14.1257,67.57312084242395,0.4510396723836161,25.31750441486723,0.8942717665504176,ok,124.0,4.0,0.3342533920000505,0.0084491737000007
sap,2020-12-20,2020-12-21,1,4.0,vae_percell,9.0,29,0.8025,1.0829,9.3222,67.57312084242395,0.4510396723836161,21.7678891574452,0.7688912924399813,ok,124.0,4.0,0.3342533920000505,0.0084491737000007
sap,2020-12-20,2020-12-21,1,16.0,persistence,0.0,29,1.1511,1.4679,2.1053,32.74699000000005,0.2738205053639854,24.80342346346236,0.876113259573214,ok,483.0,16.0,0.0010754520000091,0.0064910610000083
sap,2020-12-20,2020-12-21,1,16.0,persistence,1.0,29,2.6638,1.7449,3.3927,32.74699000000005,0.2738205053639854,29.244057387216134,1.0329665369944685,ok,483.0,16.0,0.0010754520000091,0.0064910610000083
sap,2020-12-20,2020-12-21,1,16.0,persistence,2.0,29,1.2684,1.566,1.6671,32.74699000000005,0.2738205053639854,32.556177928211305,1.1499581582335794,ok,483.0,16.0,0.0010754520000091,0.0064910610000083
sap,2020-12-20,2020-12-21,1,16.0,persistence,3.0,29,1.4264,0.8619,2.7437,32.74699000000005,0.2738205053639854,25.848009471919468,0.9130104102476788,ok,483.0,16.0,0.0010754520000091,0.0064910610000083
sap,2020-12-20,2020-12-21,1,16.0,persistence,4.0,29,2.292,1.7916,4.7966,32.74699000000005,0.2738205053639854,27.22392548211132,0.961610889224458,ok,483.0,16.0,0.0010754520000091,0.0064910610000083
sap,2020-12-20,2020-12-21,1,16.0,persistence,5.0,29,1.3425,1.1319,5.8411,32.74699000000005,0.2738205053639854,36.07700174503072,1.2743216532600063,ok,483.0,16.0,0.0010754520000091,0.0064910610000083
sap,2020-12-20,2020-12-21,1,16.0,persistence,6.0,29,1.319,0.769,2.6332,32.74699000000005,0.2738205053639854,23.5227026375354,0.8308752907476984,ok,483.0,16.0,0.0010754520000091,0.0064910610000083
sap,2020-12-20,2020-12-21,1,16.0,persistence,7.0,29,1.7787,0.9467,4.8533,32.74699000000005,0.2738205053639854,28.533461582627883,1.007866679004544,ok,483.0,16.0,0.0010754520000091,0.0064910610000083
sap,2020-12-20,2020-12-21,1,16.0,persistence,8.0,29,1.581,1.5665,5.5351,32.74699000000005,0.2738205053639854,29.24912414210628,1.0331455062867034,ok,483.0,16.0,0.0010754520000091,0.0064910610000083
sap,2020-12-20,2020-12-21,1,16.0,persistence,9.0,29,2.8644,1.5897,4.5569,32.74699000000005,0.2738205053639854,30.016239042615208,1.0602417471319274,ok,483.0,16.0,0.0010754520000091,0.0064910610000083
sap,2020-12-20,2020-12-21,1,16.0,vae_percell,0.0,29,1.5035,1.376,15.6455,181.35935330595817,0.2482127040856118,40.51485863600708,1.4310768395753233,ok,483.0,16.0,0.6541003620000083,0.0076699705999999
sap,2020-12-20,2020-12-21,1,16.0,vae_percell,1.0,29,2.0559,1.4279,22.6955,181.35935330595817,0.2482127040856118,83.46786635400893,2.948274643165898,ok,483.0,16.0,0.6541003620000083,0.0076699705999999
sap,2020-12-20,2020-12-21,1,16.0,vae_percell,2.0,29,2.0345,1.4642,16.9278,181.35935330595817,0.2482127040856118,42.93468145882333,1.5165504784869115,ok,483.0,16.0,0.6541003620000083,0.0076699705999999
sap,2020-12-20,2020-12-21,1,16.0,vae_percell,3.0,29,2.0213,2.3332,19.9419,181.35935330595817,0.2482127040856118,45.90583593250632,1.6214984036984654,ok,483.0,16.0,0.6541003620000083,0.0076699705999999
sap,2020-12-20,2020-12-21,1,16.0,vae_percell,4.0,29,1.5554,1.2702,11.765,181.35935330595817,0.2482127040856118,37.61828718220206,1.3287633560468044,ok,483.0,16.0,0.6541003620000083,0.0076699705999999
sap,2020-12-20,2020-12-21,1,16.0,vae_percell,5.0,29,1.5076,1.3928,26.7452,181.35935330595817,0.2482127040856118,50.73500531421215,1.7920756360821295,ok,483.0,16.0,0.6541003620000083,0.0076699705999999
sap,2020-12-20,2020-12-21,1,16.0,vae_percell,6.0,29,1.3004,1.4371,9.6616,181.35935330595817,0.2482127040856118,33.98870160724132,1.200558148662304,ok,483.0,16.0,0.6541003620000083,0.0076699705999999
sap,2020-12-20,2020-12-21,1,16.0,vae_percell,7.0,29,1.4023,1.2972,10.405,181.35935330595817,0.2482127040856118,23.023381423340048,0.8132381312165892,ok,483.0,16.0,0.6541003620000083,0.0076699705999999
sap,2020-12-20,2020-12-21,1,16.0,vae_percell,8.0,29,1.0158,1.523,11.6314,181.35935330595817,0.2482127040856118,31.472631329244503,1.1116848310003975,ok,483.0,16.0,0.6541003620000083,0.0076699705999999
sap,2020-12-20,2020-12-21,1,16.0,vae_percell,9.0,29,1.4646,1.2884,6.132,181.35935330595817,0.2482127040856118,19.819043310620607,0.7000536301800768,ok,483.0,16.0,0.6541003620000083,0.0076699705999999
sap,2020-12-20,2020-12-22,2,,vae_shared,0.0,34,4.5762,2.7421,5.9307,88.98105298542501,0.3581501950744359,25.940891574348026,0.9120241032706292,ok,26181.0,,41.81142576900004,0.0079963808000002
sap,2020-12-20,2020-12-22,2,,vae_shared,1.0,34,3.0446,1.7104,5.2386,88.98105298542501,0.3581501950744359,22.20722031787061,0.7807565186605689,ok,26181.0,,41.81142576900004,0.0079963808000002
sap,2020-12-20,2020-12-22,2,,vae_shared,2.0,34,3.9389,1.9551,4.948,88.98105298542501,0.3581501950744359,28.95487980792413,1.0179892320372017,ok,26181.0,,41.81142576900004,0.0079963808000002
sap,2020-12-20,2020-12-22,2,,vae_shared,3.0,34,3.5545,2.1918,4.4719,88.98105298542501,0.3581501950744359,24.04781796495772,0.8454678418529691,ok,26181.0,,41.81142576900004,0.0079963808000002
sap,2020-12-20,2020-12-22,2,,vae_shared,4.0,34,4.1983,2.1604,4.7799,88.98105298542501,0.3581501950744359,24.082316892138124,0.8466807474709326,ok,26181.0,,41.81142576900004,0.0079963808000002
sap,2020-12-20,2020-12-22,2,,vae_shared,5.0,34,3.1686,1.3549,3.8991,88.98105298542501,0.3581501950744359,29.251714320189684,1.028425273878434,ok,26181.0,,41.81142576900004,0.0079963808000002
sap,2020-12-20,2020-12-22,2,,vae_shared,6.0,34,3.4451,2.3385,5.4126,88.98105298542501,0.3581501950744359,27.65531804641392,0.972299528320226,ok,26181.0,,41.81142576900004,0.0079963808000002
sap,2020-12-20,2020-12-22,2,,vae_shared,7.0,34,3.6172,1.4172,2.9218,88.98105298542501,0.3581501950744359,25.61668140753076,0.900625594248097,ok,26181.0,,41.81142576900004,0.0079963808000002
sap,2020-12-20,2020-12-22,2,,vae_shared,8.0,34,3.7095,1.5781,4.4686,88.98105298542501,0.3581501950744359,17.27032179212183,0.6071861370112138,ok,26181.0,,41.81142576900004,0.0079963808000002
sap,2020-12-20,2020-12-22,2,,vae_shared,9.0,34,4.5056,2.6704,4.5902,88.98105298542501,0.3581501950744359,22.35210959071518,0.7858505035284703,ok,26181.0,,41.81142576900004,0.0079963808000002
sap,2020-12-20,2020-12-22,2,4.0,persistence,0.0,34,3.3025,2.0909,4.8368,30.234459999999963,0.1727918956699343,24.991409076034703,0.8786424085199497,ok,155.0,4.0,0.0011090179999655,0.0071626065000032
sap,2020-12-20,2020-12-22,2,4.0,persistence,1.0,34,2.6377,1.1161,2.4545,30.234459999999963,0.1727918956699343,23.34731904778081,0.820839856536841,ok,155.0,4.0,0.0011090179999655,0.0071626065000032
sap,2020-12-20,2020-12-22,2,4.0,persistence,2.0,34,2.476,0.7214,4.1832,30.234459999999963,0.1727918956699343,28.139489165105896,0.989321908953868,ok,155.0,4.0,0.0011090179999655,0.0071626065000032
sap,2020-12-20,2020-12-22,2,4.0,persistence,3.0,34,3.3745,1.0968,2.9212,30.234459999999963,0.1727918956699343,32.08006138184375,1.1278636715622652,ok,155.0,4.0,0.0011090179999655,0.0071626065000032
sap,2020-12-20,2020-12-22,2,4.0,persistence,4.0,34,2.3054,0.846,2.6296,30.234459999999963,0.1727918956699343,18.93210629049389,0.6656107872439576,ok,155.0,4.0,0.0011090179999655,0.0071626065000032
sap,2020-12-20,2020-12-22,2,4.0,persistence,5.0,34,3.3985,0.9688,3.898,30.234459999999963,0.1727918956699343,28.861451908455763,1.014704514702453,ok,155.0,4.0,0.0011090179999655,0.0071626065000032
sap,2020-12-20,2020-12-22,2,4.0,persistence,6.0,34,3.4588,0.8065,6.6544,30.234459999999963,0.1727918956699343,27.676918341499576,0.9730589466963993,ok,155.0,4.0,0.0011090179999655,0.0071626065000032
sap,2020-12-20,2020-12-22,2,4.0,persistence,7.0,34,2.0005,1.0199,2.7001,30.234459999999963,0.1727918956699343,20.43080845534068,0.7183018250229277,ok,155.0,4.0,0.0011090179999655,0.0071626065000032
sap,2020-12-20,2020-12-22,2,4.0,persistence,8.0,34,3.3353,0.8976,4.0271,30.234459999999963,0.1727918956699343,38.3368476781518,1.3478383742393736,ok,155.0,4.0,0.0011090179999655,0.0071626065000032
sap,2020-12-20,2020-12-22,2,4.0,persistence,9.0,34,2.5191,0.6575,2.305,30.234459999999963,0.1727918956699343,32.254039248682126,1.133980346755847,ok,155.0,4.0,0.0011090179999655,0.0071626065000032
sap,2020-12-20,2020-12-22,2,4.0,vae_percell,0.0,34,2.7915,2.1384,19.3445,162.7379303776057,0.2753296712026561,29.63970684649904,1.042066228926907,ok,155.0,4.0,0.3839389290000099,0.0083497995000016
sap,2020-12-20,2020-12-22,2,4.0,vae_percell,1.0,34,2.3996,1.3691,9.3816,162.7379303776057,0.2753296712026561,23.94495135912594,0.8418512805766794,ok,155.0,4.0,0.3839389290000099,0.0083497995000016
sap,2020-12-20,2020-12-22,2,4.0,vae_percell,2.0,34,3.4054,1.4733,10.133,162.7379303776057,0.2753296712026561,37.46967176896039,1.3173503962648514,ok,155.0,4.0,0.3839389290000099,0.0083497995000016
sap,2020-12-20,2020-12-22,2,4.0,vae_percell,3.0,34,2.7579,1.5538,22.4912,162.7379303776057,0.2753296712026561,32.27006166505829,1.1345436593114628,ok,155.0,4.0,0.3839389290000099,0.0083497995000016
sap,2020-12-20,2020-12-22,2,4.0,vae_percell,4.0,34,2.7884,0.942,6.1156,162.7379303776057,0.2753296712026561,25.65808738266688,0.9020813363237052,ok,155.0,4.0,0.3839389290000099,0.0083497995000016
sap,2020-12-20,2020-12-22,2,4.0,vae_percell,5.0,34,1.7628,2.1623,9.6635,162.7379303776057,0.2753296712026561,38.901728806398246,1.3676983394594169,ok,155.0,4.0,0.3839389290000099,0.0083497995000016
sap,2020-12-20,2020-12-22,2,4.0,vae_percell,6.0,34,3.1909,1.2417,8.7544,162.7379303776057,0.2753296712026561,30.994860711091327,1.0897104274544038,ok,155.0,4.0,0.3839389290000099,0.0083497995000016
sap,2020-12-20,2020-12-22,2,4.0,vae_percell,7.0,34,2.7793,1.3926,9.0812,162.7379303776057,0.2753296712026561,17.856588012451443,0.6277979545480755,ok,155.0,4.0,0.3839389290000099,0.0083497995000016
sap,2020-12-20,2020-12-22,2,4.0,vae_percell,8.0,34,2.7625,1.1126,10.8557,162.7379303776057,0.2753296712026561,37.31661923769887,1.3119694093709728,ok,155.0,4.0,0.3839389290000099,0.0083497995000016
sap,2020-12-20,2020-12-22,2,4.0,vae_percell,9.0,34,3.2954,1.1063,15.6527,162.7379303776057,0.2753296712026561,28.262362700382926,0.9936418694111075,ok,155.0,4.0,0.3839389290000099,0.0083497995000016
sap,2020-12-20,2020-12-22,2,16.0,persistence,0.0,34,3.0216,1.7659,8.2286,129.17346000000003,0.2626841672385623,35.16414601516074,1.236293233979198,ok,507.0,16.0,0.0010524639999403,0.0064057260000026
sap,2020-12-20,2020-12-22,2,16.0,persistence,1.0,34,3.4025,1.667,3.7921,129.17346000000003,0.2626841672385623,35.14114098255955,1.2354844281535124,ok,507.0,16.0,0.0010524639999403,0.0064057260000026
sap,2020-12-20,2020-12-22,2,16.0,persistence,2.0,34,3.251,1.1679,4.7444,129.17346000000003,0.2626841672385623,30.820793107824528,1.0835905973274065,ok,507.0,16.0,0.0010524639999403,0.0064057260000026
sap,2020-12-20,2020-12-22,2,16.0,persistence,3.0,34,3.0088,1.4857,7.6863,129.17346000000003,0.2626841672385623,32.20938684249264,1.1324104673784507,ok,507.0,16.0,0.0010524639999403,0.0064057260000026
sap,2020-12-20,2020-12-22,2,16.0,persistence,4.0,34,2.3064,0.6292,2.7407,129.17346000000003,0.2626841672385623,25.409190033866366,0.893330658626463,ok,507.0,16.0,0.0010524639999403,0.0064057260000026
sap,2020-12-20,2020-12-22,2,16.0,persistence,5.0,34,2.6755,1.7988,7.9009,129.17346000000003,0.2626841672385623,37.94406485310057,1.3340290029318858,ok,507.0,16.0,0.0010524639999403,0.0064057260000026
sap,2020-12-20,2020-12-22,2,16.0,persistence,6.0,34,2.5922,1.7464,7.8931,129.17346000000003,0.2626841672385623,30.15729225904117,1.060263381880836,ok,507.0,16.0,0.0010524639999403,0.0064057260000026
sap,2020-12-20,2020-12-22,2,16.0,persistence,7.0,34,3.2088,1.663,6.3584,129.17346000000003,0.2626841672385623,41.95748563905197,1.4751319593535763,ok,507.0,16.0,0.0010524639999403,0.0064057260000026
sap,2020-12-20,2020-12-22,2,16.0,persistence,8.0,34,3.201,1.5391,10.3707,129.17346000000003,0.2626841672385623,41.74499344427719,1.4676612059742626,ok,507.0,16.0,0.0010524639999403,0.0064057260000026
sap,2020-12-20,2020-12-22,2,16.0,persistence,9.0,34,3.0275,2.0548,3.032,129.17346000000003,0.2626841672385623,37.85284826355956,1.3308220303403264,ok,507.0,16.0,0.0010524639999403,0.0064057260000026
sap,2020-12-20,2020-12-22,2,16.0,vae_percell,0.0,34,2.7549,2.0275,18.6781,351.0493402128858,0.4729440041593253,44.73378060148891,1.572740320896368,ok,507.0,16.0,0.6582111059999534,0.0080364722000013
sap,2020-12-20,2020-12-22,2,16.0,vae_percell,1.0,34,2.1513,1.8143,13.4486,351.0493402128858,0.4729440041593253,38.66664704956221,1.3594333872753646,ok,507.0,16.0,0.6582111059999534,0.0080364722000013
sap,2020-12-20,2020-12-22,2,16.0,vae_percell,2.0,34,3.4958,1.3942,11.9381,351.0493402128858,0.4729440041593253,42.21207099138507,1.4840826146154424,ok,507.0,16.0,0.6582111059999534,0.0080364722000013
sap,2020-12-20,2020-12-22,2,16.0,vae_percell,3.0,34,3.095,1.4468,6.9063,351.0493402128858,0.4729440041593253,34.138975989002084,1.2002505339383158,ok,507.0,16.0,0.6582111059999534,0.0080364722000013
sap,2020-12-20,2020-12-22,2,16.0,vae_percell,4.0,34,2.4755,1.9254,9.9962,351.0493402128858,0.4729440041593253,29.974290618305425,1.053829450849178,ok,507.0,16.0,0.6582111059999534,0.0080364722000013
sap,2020-12-20,2020-12-22,2,16.0,vae_percell,5.0,34,2.3482,1.4234,12.4597,351.0493402128858,0.4729440041593253,45.93993839256912,1.61514614857041,ok,507.0,16.0,0.6582111059999534,0.0080364722000013
sap,2020-12-20,2020-12-22,2,16.0,vae_percell,6.0,34,2.8111,1.8547,16.6004,351.0493402128858,0.4729440041593253,58.24427949665623,2.047739439731145,ok,507.0,16.0,0.6582111059999534,0.0080364722000013
sap,2020-12-20,2020-12-22,2,16.0,vae_percell,7.0,34,3.2124,1.8899,12.4581,351.0493402128858,0.4729440041593253,28.719156285157545,1.0097017167891296,ok,507.0,16.0,0.6582111059999534,0.0080364722000013
sap,2020-12-20,2020-12-22,2,16.0,vae_percell,8.0,34,3.7583,1.2052,14.6927,351.0493402128858,0.4729440041593253,35.15474849985211,1.2359628382236103,ok,507.0,16.0,0.6582111059999534,0.0080364722000013
sap,2020-12-20,2020-12-22,2,16.0,vae_percell,9.0,34,3.1839,1.5678,14.6336,351.0493402128858,0.4729440041593253,40.22420023590597,1.414193496194527,ok,507.0,16.0,0.6582111059999534,0.0080364722000013
sap,2020-12-27,2020-12-28,1,,vae_shared,0.0,29,2.1791,2.4509,9.0879,45.03408684682174,0.7296590732119039,28.778951597195423,1.0265655179203537,ok,26316.0,,34.88036051100005,0.0075379404000045
sap,2020-12-27,2020-12-28,1,,vae_shared,1.0,29,4.1317,2.335,6.441,45.03408684682174,0.7296590732119039,39.49007481093632,1.408638843708017,ok,26316.0,,34.88036051100005,0.0075379404000045
sap,2020-12-27,2020-12-28,1,,vae_shared,2.0,29,4.5256,2.5542,10.9408,45.03408684682174,0.7296590732119039,34.59931597651702,1.2341820238018857,ok,26316.0,,34.88036051100005,0.0075379404000045
sap,2020-12-27,2020-12-28,1,,vae_shared,3.0,29,4.713,2.9979,4.6491,45.03408684682174,0.7296590732119039,26.84347572109405,0.9575257272086592,ok,26316.0,,34.88036051100005,0.0075379404000045
sap,2020-12-27,2020-12-28,1,,vae_shared,4.0,29,3.6129,3.5583,5.5614,45.03408684682174,0.7296590732119039,24.10627118360624,0.8598877092221404,ok,26316.0,,34.88036051100005,0.0075379404000045
sap,2020-12-27,2020-12-28,1,,vae_shared,5.0,29,4.0991,2.4766,5.5012,45.03408684682174,0.7296590732119039,28.902692860067184,1.0309794561133088,ok,26316.0,,34.88036051100005,0.0075379404000045
sap,2020-12-27,2020-12-28,1,,vae_shared,6.0,29,2.6866,3.1071,6.1362,45.03408684682174,0.7296590732119039,26.684711810613344,0.9518625064537528,ok,26316.0,,34.88036051100005,0.0075379404000045
sap,2020-12-27,2020-12-28,1,,vae_shared,7.0,29,3.4035,2.6186,3.8858,45.03408684682174,0.7296590732119039,35.81543534140591,1.2775618599802057,ok,26316.0,,34.88036051100005,0.0075379404000045
sap,2020-12-27,2020-12-28,1,,vae_shared,8.0,29,2.9821,2.3244,6.7898,45.03408684682174,0.7296590732119039,27.83102315945852,0.9927522414238028,ok,26316.0,,34.88036051100005,0.0075379404000045
sap,2020-12-27,2020-12-28,1,,vae_shared,9.0,29,3.2888,2.4594,2.4888,45.03408684682174,0.7296590732119039,26.75371223507484,0.9543238003002228,ok,26316.0,,34.88036051100005,0.0075379404000045
sap,2020-12-27,2020-12-28,1,4.0,persistence,0.0,29,1.404,2.0945,4.5357,41.77089000000005,0.880803215708807,26.32270530619081,0.938949478908327,ok,115.0,4.0,0.0009912199999462,0.0056588402000102
sap,2020-12-27,2020-12-28,1,4.0,persistence,1.0,29,2.1603,1.6054,6.7756,41.77089000000005,0.880803215708807,24.79533750821686,0.8844671914182297,ok,115.0,4.0,0.0009912199999462,0.0056588402000102
sap,2020-12-27,2020-12-28,1,4.0,persistence,2.0,29,1.3833,0.9273,6.9494,41.77089000000005,0.880803215708807,25.8729096755412,0.9229049512619092,ok,115.0,4.0,0.0009912199999462,0.0056588402000102
sap,2020-12-27,2020-12-28,1,4.0,persistence,3.0,29,2.6328,1.6359,5.209,41.77089000000005,0.880803215708807,23.238304711690795,0.8289267324898884,ok,115.0,4.0,0.0009912199999462,0.0056588402000102
sap,2020-12-27,2020-12-28,1,4.0,persistence,4.0,29,0.8845,1.1557,5.9101,41.77089000000005,0.880803215708807,28.095851798730163,1.002198865923513,ok,115.0,4.0,0.0009912199999462,0.0056588402000102
sap,2020-12-27,2020-12-28,1,4.0,persistence,5.0,29,1.8017,1.4618,3.8494,41.77089000000005,0.880803215708807,16.717403207293806,0.5963215728626952,ok,115.0,4.0,0.0009912199999462,0.0056588402000102
sap,2020-12-27,2020-12-28,1,4.0,persistence,6.0,29,1.2178,1.8933,2.6977,41.77089000000005,0.880803215708807,29.138320948001237,1.0393844763347602,ok,115.0,4.0,0.0009912199999462,0.0056588402000102
sap,2020-12-27,2020-12-28,1,4.0,persistence,7.0,29,1.8023,2.0622,6.9404,41.77089000000005,0.880803215708807,21.404956233845724,0.7635298981635493,ok,115.0,4.0,0.0009912199999462,0.0056588402000102
sap,2020-12-27,2020-12-28,1,4.0,persistence,8.0,29,0.9994,1.5733,2.9982,41.77089000000005,0.880803215708807,34.05358480729737,1.214715407775823,ok,115.0,4.0,0.0009912199999462,0.0056588402000102
sap,2020-12-27,2020-12-28,1,4.0,persistence,9.0,29,0.9586,1.5209,3.9593,41.77089000000005,0.880803215708807,27.157092080856994,0.9687126441365058,ok,115.0,4.0,0.0009912199999462,0.0056588402000102
sap,2020-12-27,2020-12-28,1,4.0,vae_percell,0.0,29,2.0406,1.8522,25.221,77.73879589891291,1.2612818742789105,65.60541355231888,2.340191410873997,ok,115.0,4.0,0.338885012999981,0.0078798924000011
sap,2020-12-27,2020-12-28,1,4.0,vae_percell,1.0,29,1.1751,3.1612,14.9568,77.73879589891291,1.2612818742789105,49.60474562974953,1.7694362915455804,ok,115.0,4.0,0.338885012999981,0.0078798924000011
sap,2020-12-27,2020-12-28,1,4.0,vae_percell,2.0,29,1.6596,1.4871,31.3029,77.73879589891291,1.2612818742789105,77.30569040308487,2.75754854511681,ok,115.0,4.0,0.338885012999981,0.0078798924000011
sap,2020-12-27,2020-12-28,1,4.0,vae_percell,3.0,29,1.5934,1.6475,15.364,77.73879589891291,1.2612818742789105,46.76653079144711,1.668195164827987,ok,115.0,4.0,0.338885012999981,0.0078798924000011
sap,2020-12-27,2020-12-28,1,4.0,vae_percell,4.0,29,1.1165,2.3087,10.8295,77.73879589891291,1.2612818742789105,34.40313069978587,1.2271839564978813,ok,115.0,4.0,0.338885012999981,0.0078798924000011
sap,2020-12-27,2020-12-28,1,4.0,vae_percell,5.0,29,1.683,2.647,16.6637,77.73879589891291,1.2612818742789105,47.01974976651039,1.67722766441037,ok,115.0,4.0,0.338885012999981,0.0078798924000011
sap,2020-12-27,2020-12-28,1,4.0,vae_percell,6.0,29,0.895,2.1137,8.3129,77.73879589891291,1.2612818742789105,33.601537234760414,1.1985905517726856,ok,115.0,4.0,0.338885012999981,0.0078798924000011
sap,2020-12-27,2020-12-28,1,4.0,vae_percell,7.0,29,1.1528,2.1826,10.3036,77.73879589891291,1.2612818742789105,40.087190388800536,1.4299383778615904,ok,115.0,4.0,0.338885012999981,0.0078798924000011
sap,2020-12-27,2020-12-28,1,4.0,vae_percell,8.0,29,1.2028,2.3152,11.0605,77.73879589891291,1.2612818742789105,27.49391723646677,0.9807274351948032,ok,115.0,4.0,0.338885012999981,0.0078798924000011
sap,2020-12-27,2020-12-28,1,4.0,vae_percell,9.0,29,1.0615,1.9617,12.7933,77.73879589891291,1.2612818742789105,24.233111834558024,0.8644122047757021,ok,115.0,4.0,0.338885012999981,0.0078798924000011
sap,2020-12-27,2020-12-28,1,16.0,persistence,0.0,29,1.1874,2.0142,2.3673,25.750590000000003,1.4351558536398414,30.195200590063376,1.0770841191959246,ok,484.0,16.0,0.0009581859999343,0.005834905000006
sap,2020-12-27,2020-12-28,1,16.0,persistence,1.0,29,3.0466,2.37,4.1403,25.750590000000003,1.4351558536398414,21.751779664005213,0.7759013347326038,ok,484.0,16.0,0.0009581859999343,0.005834905000006
sap,2020-12-27,2020-12-28,1,16.0,persistence,2.0,29,1.327,1.7985,2.734,25.750590000000003,1.4351558536398414,28.936784029661,1.03219551219695,ok,484.0,16.0,0.0009581859999343,0.005834905000006
sap,2020-12-27,2020-12-28,1,16.0,persistence,3.0,29,3.6506,2.4947,3.5698,25.750590000000003,1.4351558536398414,28.17247716896124,1.0049321469678707,ok,484.0,16.0,0.0009581859999343,0.005834905000006
sap,2020-12-27,2020-12-28,1,16.0,persistence,4.0,29,2.1448,1.4108,5.2774,25.750590000000003,1.4351558536398414,26.5230842833484,0.9460971384667864,ok,484.0,16.0,0.0009581859999343,0.005834905000006
sap,2020-12-27,2020-12-28,1,16.0,persistence,5.0,29,1.5483,2.2807,3.037,25.750590000000003,1.4351558536398414,20.772473762898716,0.7409688019689772,ok,484.0,16.0,0.0009581859999343,0.005834905000006
sap,2020-12-27,2020-12-28,1,16.0,persistence,6.0,29,0.9891,1.4558,6.8867,25.750590000000003,1.4351558536398414,34.22764199362156,1.220924150475264,ok,484.0,16.0,0.0009581859999343,0.005834905000006
sap,2020-12-27,2020-12-28,1,16.0,persistence,7.0,29,1.5885,2.1022,4.0593,25.750590000000003,1.4351558536398414,25.22718548807159,0.8998715136919304,ok,484.0,16.0,0.0009581859999343,0.005834905000006
sap,2020-12-27,2020-12-28,1,16.0,persistence,8.0,29,2.3506,2.515,3.2549,25.750590000000003,1.4351558536398414,23.890079768857184,0.852176008853131,ok,484.0,16.0,0.0009581859999343,0.005834905000006
sap,2020-12-27,2020-12-28,1,16.0,persistence,9.0,29,0.8103,3.1293,8.9881,25.750590000000003,1.4351558536398414,19.905339750645584,0.7100375196604953,ok,484.0,16.0,0.0009581859999343,0.005834905000006
sap,2020-12-27,2020-12-28,1,16.0,vae_percell,0.0,29,2.5168,1.3253,25.7401,214.3794897854501,0.9010926000946432,62.074851251417634,2.214253761452189,ok,484.0,16.0,0.657003584999984,0.008093020900003
sap,2020-12-27,2020-12-28,1,16.0,vae_percell,1.0,29,1.901,2.4316,20.1973,214.3794897854501,0.9010926000946432,58.90528898989621,2.101193238257292,ok,484.0,16.0,0.657003584999984,0.008093020900003
sap,2020-12-27,2020-12-28,1,16.0,vae_percell,2.0,29,2.9082,1.5979,33.6494,214.3794897854501,0.9010926000946432,68.73420526485258,2.451797619807441,ok,484.0,16.0,0.657003584999984,0.008093020900003
sap,2020-12-27,2020-12-28,1,16.0,vae_percell,3.0,29,2.276,1.9475,17.9889,214.3794897854501,0.9010926000946432,57.86990206124676,2.064260255654806,ok,484.0,16.0,0.657003584999984,0.008093020900003
sap,2020-12-27,2020-12-28,1,16.0,vae_percell,4.0,29,1.8373,1.6836,11.9907,214.3794897854501,0.9010926000946432,35.16478978742768,1.2543528737929768,ok,484.0,16.0,0.657003584999984,0.008093020900003
sap,2020-12-27,2020-12-28,1,16.0,vae_percell,5.0,29,2.4105,2.0655,21.7042,214.3794897854501,0.9010926000946432,44.90325512928585,1.601730806712128,ok,484.0,16.0,0.657003584999984,0.008093020900003
sap,2020-12-27,2020-12-28,1,16.0,vae_percell,6.0,29,1.4032,1.9113,12.004,214.3794897854501,0.9010926000946432,45.63137315322267,1.6277032905889446,ok,484.0,16.0,0.657003584999984,0.008093020900003
sap,2020-12-27,2020-12-28,1,16.0,vae_percell,7.0,29,1.9077,1.9516,13.1573,214.3794897854501,0.9010926000946432,44.08893004832013,1.572683256259367,ok,484.0,16.0,0.657003584999984,0.008093020900003
sap,2020-12-27,2020-12-28,1,16.0,vae_percell,8.0,29,1.4567,2.3397,15.9941,214.3794897854501,0.9010926000946432,31.494689480878755,1.1234378052128131,ok,484.0,16.0,0.657003584999984,0.008093020900003
sap,2020-12-27,2020-12-28,1,16.0,vae_percell,9.0,29,1.3359,1.6428,10.4949,214.3794897854501,0.9010926000946432,20.85701579807522,0.7439844760401435,ok,484.0,16.0,0.657003584999984,0.008093020900003
sap,2020-12-27,2020-12-29,2,,vae_shared,0.0,22,2.0445,2.0119,5.3822,15.728347300494544,0.6747809752117195,25.36791151319565,1.178429823799119,ok,26316.0,,34.88036051100005,0.0074409940000009
sap,2020-12-27,2020-12-29,2,,vae_shared,1.0,22,4.1401,2.5643,5.991,15.728347300494544,0.6747809752117195,20.785892080804057,0.9655787047959384,ok,26316.0,,34.88036051100005,0.0074409940000009
sap,2020-12-27,2020-12-29,2,,vae_shared,2.0,22,4.3199,3.0764,4.2173,15.728347300494544,0.6747809752117195,20.737780458138065,0.963343748599742,ok,26316.0,,34.88036051100005,0.0074409940000009
sap,2020-12-27,2020-12-29,2,,vae_shared,3.0,22,5.0061,2.8692,4.164,15.728347300494544,0.6747809752117195,25.244525916630582,1.1726981234680185,ok,26316.0,,34.88036051100005,0.0074409940000009
sap,2020-12-27,2020-12-29,2,,vae_shared,4.0,22,4.0571,2.6799,4.5052,15.728347300494544,0.6747809752117195,21.4912676648499,0.998345912486132,ok,26316.0,,34.88036051100005,0.0074409940000009
sap,2020-12-27,2020-12-29,2,,vae_shared,5.0,22,4.2194,2.5954,4.0377,15.728347300494544,0.6747809752117195,25.37192857415226,1.17861643058513,ok,26316.0,,34.88036051100005,0.0074409940000009
sap,2020-12-27,2020-12-29,2,,vae_shared,6.0,22,3.7681,2.6811,6.9253,15.728347300494544,0.6747809752117195,22.92921141414904,1.0651435200951855,ok,26316.0,,34.88036051100005,0.0074409940000009
sap,2020-12-27,2020-12-29,2,,vae_shared,7.0,22,4.0145,3.0863,5.447,15.728347300494544,0.6747809752117195,24.67534800879483,1.1462577828316856,ok,26316.0,,34.88036051100005,0.0074409940000009
sap,2020-12-27,2020-12-29,2,,vae_shared,8.0,22,2.8236,1.9993,4.3566,15.728347300494544,0.6747809752117195,24.9630502372704,1.1596225758392895,ok,26316.0,,34.88036051100005,0.0074409940000009
sap,2020-12-27,2020-12-29,2,,vae_shared,9.0,22,3.6424,2.88,4.6063,15.728347300494544,0.6747809752117195,27.3323871450984,1.2696867123118616,ok,26316.0,,34.88036051100005,0.0074409940000009
sap,2020-12-27,2020-12-29,2,4.0,persistence,0.0,22,3.5045,2.9938,6.5745,69.09773000000001,1.4050728544191933,25.08252238522533,1.165172482546832,ok,169.0,4.0,0.0009806049999951,0.0058898966000015
sap,2020-12-27,2020-12-29,2,4.0,persistence,1.0,22,2.428,2.0589,3.0362,69.09773000000001,1.4050728544191933,26.86805338627701,1.248116755742625,ok,169.0,4.0,0.0009806049999951,0.0058898966000015
sap,2020-12-27,2020-12-29,2,4.0,persistence,2.0,22,2.8523,2.0786,4.1006,69.09773000000001,1.4050728544191933,19.35163677599951,0.8989524385680464,ok,169.0,4.0,0.0009806049999951,0.0058898966000015
sap,2020-12-27,2020-12-29,2,4.0,persistence,3.0,22,3.1508,2.142,4.7992,69.09773000000001,1.4050728544191933,20.23380823993403,0.9399324444413802,ok,169.0,4.0,0.0009806049999951,0.0058898966000015
sap,2020-12-27,2020-12-29,2,4.0,persistence,4.0,22,2.1121,2.6036,6.7431,69.09773000000001,1.4050728544191933,17.64537822159185,0.8196906528045458,ok,169.0,4.0,0.0009806049999951,0.0058898966000015
sap,2020-12-27,2020-12-29,2,4.0,persistence,5.0,22,2.8038,2.2334,5.1712,69.09773000000001,1.4050728544191933,18.701520423393244,0.8687522189539006,ok,169.0,4.0,0.0009806049999951,0.0058898966000015
sap,2020-12-27,2020-12-29,2,4.0,persistence,6.0,22,2.3318,1.7714,5.543,69.09773000000001,1.4050728544191933,21.06041931129189,0.9783314722314268,ok,169.0,4.0,0.0009806049999951,0.0058898966000015
sap,2020-12-27,2020-12-29,2,4.0,persistence,7.0,22,2.6379,1.9933,6.4405,69.09773000000001,1.4050728544191933,17.99084531397943,0.835738829438989,ok,169.0,4.0,0.0009806049999951,0.0058898966000015
sap,2020-12-27,2020-12-29,2,4.0,persistence,8.0,22,2.2015,2.0212,5.1445,69.09773000000001,1.4050728544191933,20.04105555413644,0.9309783958022912,ok,169.0,4.0,0.0009806049999951,0.0058898966000015
sap,2020-12-27,2020-12-29,2,4.0,persistence,9.0,22,0.9818,2.1471,5.4951,69.09773000000001,1.4050728544191933,21.689196579478843,1.0075404153867595,ok,169.0,4.0,0.0009806049999951,0.0058898966000015
sap,2020-12-27,2020-12-29,2,4.0,vae_percell,0.0,22,0.9938,1.4733,17.6318,34.34964011904296,0.6511046809568541,40.94498735573727,1.9020404659634655,ok,169.0,4.0,0.3929485230000864,0.0081853462000026
sap,2020-12-27,2020-12-29,2,4.0,vae_percell,1.0,22,1.1895,1.8491,19.0133,34.34964011904296,0.6511046809568541,29.759332646372894,1.3824269730916774,ok,169.0,4.0,0.3929485230000864,0.0081853462000026
sap,2020-12-27,2020-12-29,2,4.0,vae_percell,2.0,22,1.5323,1.97,4.172,34.34964011904296,0.6511046809568541,25.60180142611833,1.1892948431260155,ok,169.0,4.0,0.3929485230000864,0.0081853462000026
sap,2020-12-27,2020-12-29,2,4.0,vae_percell,3.0,22,2.7451,3.3238,9.5653,34.34964011904296,0.6511046809568541,25.980484033727137,1.2068859987214653,ok,169.0,4.0,0.3929485230000864,0.0081853462000026
sap,2020-12-27,2020-12-29,2,4.0,vae_percell,4.0,22,1.7224,3.0817,7.6855,34.34964011904296,0.6511046809568541,22.1286051157371,1.0279525066103234,ok,169.0,4.0,0.3929485230000864,0.0081853462000026
sap,2020-12-27,2020-12-29,2,4.0,vae_percell,5.0,22,1.6356,2.5786,16.4215,34.34964011904296,0.6511046809568541,33.416063225797856,1.552295129961867,ok,169.0,4.0,0.3929485230000864,0.0081853462000026
sap,2020-12-27,2020-12-29,2,4.0,vae_percell,6.0,22,3.7009,2.5066,20.8298,34.34964011904296,0.6511046809568541,46.906643065680655,2.178980602882707,ok,169.0,4.0,0.3929485230000864,0.0081853462000026
sap,2020-12-27,2020-12-29,2,4.0,vae_percell,7.0,22,4.0449,2.7335,11.2156,34.34964011904296,0.6511046809568541,26.006122643117266,1.208077003425591,ok,169.0,4.0,0.3929485230000864,0.0081853462000026
sap,2020-12-27,2020-12-29,2,4.0,vae_percell,8.0,22,1.3492,2.7123,8.1819,34.34964011904296,0.6511046809568541,23.0173012941299,1.069235608704464,ok,169.0,4.0,0.3929485230000864,0.0081853462000026
sap,2020-12-27,2020-12-29,2,4.0,vae_percell,9.0,22,2.306,2.4348,9.5958,34.34964011904296,0.6511046809568541,35.945872337835034,1.6698137717543788,ok,169.0,4.0,0.3929485230000864,0.0081853462000026
sap,2020-12-27,2020-12-29,2,16.0,persistence,0.0,22,1.6879,1.4747,1.7255,35.959559999999975,1.0546127285353533,25.43932006215602,1.1817470051810135,ok,515.0,16.0,0.0009884490000331,0.0060329745999979
sap,2020-12-27,2020-12-29,2,16.0,persistence,1.0,22,3.1038,2.8875,4.3475,35.959559999999975,1.0546127285353533,35.685442628442686,1.6577158843744249,ok,515.0,16.0,0.0009884490000331,0.0060329745999979
sap,2020-12-27,2020-12-29,2,16.0,persistence,2.0,22,2.2371,1.8556,4.947,35.959559999999975,1.0546127285353533,20.277838088650142,0.941977787702588,ok,515.0,16.0,0.0009884490000331,0.0060329745999979
sap,2020-12-27,2020-12-29,2,16.0,persistence,3.0,22,2.3038,2.5292,6.1489,35.959559999999975,1.0546127285353533,24.692519072727844,1.1470554398967734,ok,515.0,16.0,0.0009884490000331,0.0060329745999979
sap,2020-12-27,2020-12-29,2,16.0,persistence,4.0,22,1.9182,2.5578,2.1967,35.959559999999975,1.0546127285353533,23.163838265590048,1.0760427728404636,ok,515.0,16.0,0.0009884490000331,0.0060329745999979
sap,2020-12-27,2020-12-29,2,16.0,persistence,5.0,22,1.9447,1.0472,9.1249,35.959559999999975,1.0546127285353533,30.38816222384067,1.4116383461993751,ok,515.0,16.0,0.0009884490000331,0.0060329745999979
sap,2020-12-27,2020-12-29,2,16.0,persistence,6.0,22,3.1598,2.8287,7.4078,35.959559999999975,1.0546127285353533,25.165973156883943,1.1690490680548826,ok,515.0,16.0,0.0009884490000331,0.0060329745999979
sap,2020-12-27,2020-12-29,2,16.0,persistence,7.0,22,4.4477,3.1656,6.132,35.959559999999975,1.0546127285353533,29.8233823809594,1.3854023113414935,ok,515.0,16.0,0.0009884490000331,0.0060329745999979
sap,2020-12-27,2020-12-29,2,16.0,persistence,8.0,22,1.2508,1.446,6.0659,35.959559999999975,1.0546127285353533,20.83662833887351,0.967935584652836,ok,515.0,16.0,0.0009884490000331,0.0060329745999979
sap,2020-12-27,2020-12-29,2,16.0,persistence,9.0,22,2.5273,2.2477,5.022,35.959559999999975,1.0546127285353533,16.12021364206846,0.7488413270420563,ok,515.0,16.0,0.0009884490000331,0.0060329745999979
sap,2020-12-27,2020-12-29,2,16.0,vae_percell,0.0,22,1.4787,2.6758,42.6808,123.5696396036439,0.5529713497282813,69.3857653575879,3.223215880502299,ok,515.0,16.0,0.9291737409999996,0.0081327169000019
sap,2020-12-27,2020-12-29,2,16.0,vae_percell,1.0,22,1.0363,2.3329,13.7448,123.5696396036439,0.5529713497282813,30.90503099529586,1.4356487411803092,ok,515.0,16.0,0.9291737409999996,0.0081327169000019
sap,2020-12-27,2020-12-29,2,16.0,vae_percell,2.0,22,1.7961,1.6031,5.119,123.5696396036439,0.5529713497282813,26.761234907169825,1.2431546570122152,ok,515.0,16.0,0.9291737409999996,0.0081327169000019
sap,2020-12-27,2020-12-29,2,16.0,vae_percell,3.0,22,2.522,2.2784,10.6059,123.5696396036439,0.5529713497282813,22.689390421376206,1.0540029809889366,ok,515.0,16.0,0.9291737409999996,0.0081327169000019
sap,2020-12-27,2020-12-29,2,16.0,vae_percell,4.0,22,2.0259,3.1422,9.8115,123.5696396036439,0.5529713497282813,19.61800184766796,0.911326044661288,ok,515.0,16.0,0.9291737409999996,0.0081327169000019
sap,2020-12-27,2020-12-29,2,16.0,vae_percell,5.0,22,2.563,2.6341,10.0772,123.5696396036439,0.5529713497282813,20.49736717414681,0.9521756954572744,ok,515.0,16.0,0.9291737409999996,0.0081327169000019
sap,2020-12-27,2020-12-29,2,16.0,vae_percell,6.0,22,4.0986,2.4176,6.0511,123.5696396036439,0.5529713497282813,30.863590923794494,1.4337237022928089,ok,515.0,16.0,0.9291737409999996,0.0081327169000019
sap,2020-12-27,2020-12-29,2,16.0,vae_percell,7.0,22,4.6629,2.4591,5.0895,123.5696396036439,0.5529713497282813,26.056285688976946,1.2104072555341614,ok,515.0,16.0,0.9291737409999996,0.0081327169000019
sap,2020-12-27,2020-12-29,2,16.0,vae_percell,8.0,22,2.2338,1.6911,10.9945,123.5696396036439,0.5529713497282813,27.26544551709075,1.266577035314729,ok,515.0,16.0,0.9291737409999996,0.0081327169000019
sap,2020-12-27,2020-12-29,2,16.0,vae_percell,9.0,22,3.2317,2.8249,13.173,123.5696396036439,0.5529713497282813,38.06286676895712,1.7681557016035596,ok,515.0,16.0,0.9291737409999996,0.0081327169000019
