dataset,origin,target_date,day_offset,X,method,scenario,true_count,wasserstein_hour,wasserstein_duration,wasserstein_energy,crps_total_energy,crps_mean_duration,profile_rmse_kw,profile_nrmse,status,n_pool_sessions,n_pool_occurrences,fit_seconds,sample_seconds
office,2021-03-10,2021-03-11,1,,vae_shared,0.0,2,0.1467,2.7573,6.8857,6.012361965274611,0.8623213657120912,1.4914304802166871,1.16196499026783,ok,1370.0,,6.345524584000032,0.007018434599998121
office,2021-03-10,2021-03-11,1,,vae_shared,1.0,2,1.4594,8.1737,4.9004,6.012361965274611,0.8623213657120912,1.6777284111755737,1.3071086469149091,ok,1370.0,,6.345524584000032,0.007018434599998121
office,2021-03-10,2021-03-11,1,,vae_shared,2.0,2,0.3034,1.3596,5.1153,6.012361965274611,0.8623213657120912,0.9567555601562422,0.7454028061597084,ok,1370.0,,6.345524584000032,0.007018434599998121
office,2021-03-10,2021-03-11,1,,vae_shared,3.0,2,1.0492,5.5301,10.1591,6.012361965274611,0.8623213657120912,2.224864158836235,1.7333789908154407,ok,1370.0,,6.345524584000032,0.007018434599998121
office,2021-03-10,2021-03-11,1,,vae_shared,4.0,2,1.513,3.9526,6.1276,6.012361965274611,0.8623213657120912,2.381018300659131,1.8550377930796675,ok,1370.0,,6.345524584000032,0.007018434599998121
office,2021-03-10,2021-03-11,1,,vae_shared,5.0,2,0.4861,3.129,13.2864,6.012361965274611,0.8623213657120912,1.581776647425118,1.2323531744263219,ok,1370.0,,6.345524584000032,0.007018434599998121
office,2021-03-10,2021-03-11,1,,vae_shared,6.0,2,2.3773,3.1979,8.0834,6.012361965274611,0.8623213657120912,1.9016152115345815,1.4815375775630568,ok,1370.0,,6.345524584000032,0.007018434599998121
office,2021-03-10,2021-03-11,1,,vae_shared,7.0,2,2.1603,0.8512,6.9894,6.012361965274611,0.8623213657120912,2.000594288852779,1.5586516128052819,ok,1370.0,,6.345524584000032,0.007018434599998121
office,2021-03-10,2021-03-11,1,,vae_shared,8.0,2,2.1182,3.9955,4.3398,6.012361965274611,0.8623213657120912,1.9052749170907808,1.484388833312084,ok,1370.0,,6.345524584000032,0.007018434599998121
office,2021-03-10,2021-03-11,1,,vae_shared,9.0,2,1.5426,1.3715,8.7373,6.012361965274611,0.8623213657120912,1.6500475744470617,1.2855426647209702,ok,1370.0,,6.345524584000032,0.007018434599998121
office,2021-03-10,2021-03-11,1,,vae_shared,10.0,2,0.5167,1.8923,29.3133,6.012361965274611,0.8623213657120912,4.4838716897164135,3.493358888271188,ok,1370.0,,6.345524584000032,0.007018434599998121
office,2021-03-10,2021-03-11,1,,vae_shared,11.0,2,2.4409,3.8287,14.4205,6.012361965274611,0.8623213657120912,3.725999014222117,2.902904604490532,ok,1370.0,,6.345524584000032,0.007018434599998121
office,2021-03-10,2021-03-11,1,,vae_shared,12.0,2,1.2634,1.0038,4.3688,6.012361965274611,0.8623213657120912,2.1114719096004544,1.6450357354458989,ok,1370.0,,6.345524584000032,0.007018434599998121
office,2021-03-10,2021-03-11,1,,vae_shared,13.0,2,1.3424,2.0825,9.7988,6.012361965274611,0.8623213657120912,4.064863791415054,3.1669122218458474,ok,1370.0,,6.345524584000032,0.007018434599998121
office,2021-03-10,2021-03-11,1,,vae_shared,14.0,2,2.1728,4.0257,16.9262,6.012361965274611,0.8623213657120912,2.178965644996755,1.6976197201727685,ok,1370.0,,6.345524584000032,0.007018434599998121
office,2021-03-10,2021-03-11,1,1.0,,,2,,,,,,,,insufficient_volume,,,,
office,2021-03-10,2021-03-11,1,4.0,,,2,,,,,,,,insufficient_volume,,,,
office,2021-03-10,2021-03-11,1,16.0,persistence,0.0,2,2.025,2.2614,5.431,4.045044444444442,1.0644104938271577,1.3371542536251602,1.041769261061641,ok,21.0,16.0,0.0009934760000760434,0.005582630066669481
office,2021-03-10,2021-03-11,1,16.0,persistence,1.0,2,0.9167,3.6708,4.558,4.045044444444442,1.0644104938271577,1.3486306884760135,1.050710486071233,ok,21.0,16.0,0.0009934760000760434,0.005582630066669481
office,2021-03-10,2021-03-11,1,16.0,persistence,2.0,2,2.0583,2.1443,5.2935,4.045044444444442,1.0644104938271577,1.3435779003924995,1.046773887661743,ok,21.0,16.0,0.0009934760000760434,0.005582630066669481
office,2021-03-10,2021-03-11,1,16.0,persistence,3.0,2,1.0667,1.4213,3.402,4.045044444444442,1.0644104938271577,0.8079485697809967,0.6294681277306906,ok,21.0,16.0,0.0009934760000760434,0.005582630066669481
office,2021-03-10,2021-03-11,1,16.0,persistence,4.0,2,6.5083,2.5096,14.9745,4.045044444444442,1.0644104938271577,1.643747305980532,1.2806341614521273,ok,21.0,16.0,0.0009934760000760434,0.005582630066669481
office,2021-03-10,2021-03-11,1,16.0,persistence,5.0,2,1.2167,1.2622,2.6045,4.045044444444442,1.0644104938271577,0.9361720428326569,0.7293663050798173,ok,21.0,16.0,0.0009934760000760434,0.005582630066669481
office,2021-03-10,2021-03-11,1,16.0,persistence,6.0,2,0.65,6.6981,11.8015,4.045044444444442,1.0644104938271577,2.233196973636542,1.739871039353255,ok,21.0,16.0,0.0009934760000760434,0.005582630066669481
office,2021-03-10,2021-03-11,1,16.0,persistence,7.0,2,1.2833,1.4769,10.71,4.045044444444442,1.0644104938271577,1.910292246930567,1.4882978064058958,ok,21.0,16.0,0.0009934760000760434,0.005582630066669481
office,2021-03-10,2021-03-11,1,16.0,persistence,8.0,2,5.3417,3.6147,9.698,4.045044444444442,1.0644104938271577,2.2555620802962366,1.757295566534968,ok,21.0,16.0,0.0009934760000760434,0.005582630066669481
office,2021-03-10,2021-03-11,1,16.0,persistence,9.0,2,2.3,3.7146,0.757,4.045044444444442,1.0644104938271577,1.1767986053783426,0.916837089079053,ok,21.0,16.0,0.0009934760000760434,0.005582630066669481
office,2021-03-10,2021-03-11,1,16.0,persistence,10.0,2,1.4167,0.4913,10.5905,4.045044444444442,1.0644104938271577,2.151923376190403,1.6765512426089817,ok,21.0,16.0,0.0009934760000760434,0.005582630066669481
office,2021-03-10,2021-03-11,1,16.0,persistence,11.0,2,1.6083,1.6117,5.4135,4.045044444444442,1.0644104938271577,0.7806598716485722,0.6082076584829,ok,21.0,16.0,0.0009934760000760434,0.005582630066669481
office,2021-03-10,2021-03-11,1,16.0,persistence,12.0,2,1.4083,2.9746,2.3705,4.045044444444442,1.0644104938271577,0.9881739895773758,0.7698807255269282,ok,21.0,16.0,0.0009934760000760434,0.005582630066669481
office,2021-03-10,2021-03-11,1,16.0,persistence,13.0,2,1.6083,1.6117,5.4135,4.045044444444442,1.0644104938271577,1.13065100640705,0.8808837576292553,ok,21.0,16.0,0.0009934760000760434,0.005582630066669481
office,2021-03-10,2021-03-11,1,16.0,persistence,14.0,2,3.1833,3.084,4.7485,4.045044444444442,1.0644104938271577,1.7761992838683514,1.383826742828776,ok,21.0,16.0,0.0009934760000760434,0.005582630066669481
office,2021-03-10,2021-03-11,1,16.0,vae_percell,0.0,2,1.22,1.3561,5.1095,5.9768286851099734,1.1416192155765512,1.2852716419239403,1.0013478138670533,ok,21.0,16.0,0.32228589500005,0.007452874133332443
office,2021-03-10,2021-03-11,1,16.0,vae_percell,1.0,2,0.547,12.0752,3.2097,5.9768286851099734,1.1416192155765512,1.6380272475819917,1.276177696541724,ok,21.0,16.0,0.32228589500005,0.007452874133332443
office,2021-03-10,2021-03-11,1,16.0,vae_percell,2.0,2,0.8787,2.3443,3.3253,5.9768286851099734,1.1416192155765512,1.8304046856120075,1.4260578625121958,ok,21.0,16.0,0.32228589500005,0.007452874133332443
office,2021-03-10,2021-03-11,1,16.0,vae_percell,3.0,2,1.3304,4.1054,5.7047,5.9768286851099734,1.1416192155765512,1.883076941799314,1.4670945172271888,ok,21.0,16.0,0.32228589500005,0.007452874133332443
office,2021-03-10,2021-03-11,1,16.0,vae_percell,4.0,2,1.1907,3.2686,2.8917,5.9768286851099734,1.1416192155765512,2.69746415850637,2.1015789580961823,ok,21.0,16.0,0.32228589500005,0.007452874133332443
office,2021-03-10,2021-03-11,1,16.0,vae_percell,5.0,2,0.6202,8.2939,2.4388,5.9768286851099734,1.1416192155765512,1.5863147002945326,1.2358887455630188,ok,21.0,16.0,0.32228589500005,0.007452874133332443
office,2021-03-10,2021-03-11,1,16.0,vae_percell,6.0,2,3.7366,5.0065,5.0942,5.9768286851099734,1.1416192155765512,2.1203578239526597,1.6519587006935188,ok,21.0,16.0,0.32228589500005,0.007452874133332443
office,2021-03-10,2021-03-11,1,16.0,vae_percell,7.0,2,1.0862,0.9593,13.0906,5.9768286851099734,1.1416192155765512,2.102771082709979,1.6382569707852461,ok,21.0,16.0,0.32228589500005,0.007452874133332443
office,2021-03-10,2021-03-11,1,16.0,vae_percell,8.0,2,3.8805,2.7406,12.6792,5.9768286851099734,1.1416192155765512,2.8980656153012196,2.257866410233056,ok,21.0,16.0,0.32228589500005,0.007452874133332443
office,2021-03-10,2021-03-11,1,16.0,vae_percell,9.0,2,3.3002,2.7607,7.8555,5.9768286851099734,1.1416192155765512,2.069783261870605,1.6125563475050975,ok,21.0,16.0,0.32228589500005,0.007452874133332443
office,2021-03-10,2021-03-11,1,16.0,vae_percell,10.0,2,1.6005,1.1997,15.4505,5.9768286851099734,1.1416192155765512,4.172203329434844,3.250539844390076,ok,21.0,16.0,0.32228589500005,0.007452874133332443
office,2021-03-10,2021-03-11,1,16.0,vae_percell,11.0,2,1.7776,3.5702,15.1697,5.9768286851099734,1.1416192155765512,4.471786230257312,3.4839431756590002,ok,21.0,16.0,0.32228589500005,0.007452874133332443
office,2021-03-10,2021-03-11,1,16.0,vae_percell,12.0,2,0.8462,4.1474,0.3699,5.9768286851099734,1.1416192155765512,2.390885862718794,1.862725554463596,ok,21.0,16.0,0.32228589500005,0.007452874133332443
office,2021-03-10,2021-03-11,1,16.0,vae_percell,13.0,2,1.9853,2.0233,7.4163,5.9768286851099734,1.1416192155765512,3.8189556825752473,2.9753266152185023,ok,21.0,16.0,0.32228589500005,0.007452874133332443
office,2021-03-10,2021-03-11,1,16.0,vae_percell,14.0,2,1.4672,4.4317,20.9295,5.9768286851099734,1.1416192155765512,2.8049552724353553,2.1853246725677176,ok,21.0,16.0,0.32228589500005,0.007452874133332443
office,2021-03-10,2021-03-12,2,,vae_shared,0.0,3,0.9516,1.4056,9.1385,7.42525186662245,0.8590154137395754,3.241104719795775,1.5536794086825112,ok,1370.0,,6.345524584000032,0.007785229133332905
office,2021-03-10,2021-03-12,2,,vae_shared,1.0,3,2.3987,1.4231,6.0111,7.42525186662245,0.8590154137395754,2.1132578035564173,1.013026550660209,ok,1370.0,,6.345524584000032,0.007785229133332905
office,2021-03-10,2021-03-12,2,,vae_shared,2.0,3,2.731,3.3624,11.9215,7.42525186662245,0.8590154137395754,3.766215095153416,1.8054001175185153,ok,1370.0,,6.345524584000032,0.007785229133332905
office,2021-03-10,2021-03-12,2,,vae_shared,3.0,3,1.0095,1.6512,10.1786,7.42525186662245,0.8590154137395754,3.1546216458053564,1.5122222566078487,ok,1370.0,,6.345524584000032,0.007785229133332905
office,2021-03-10,2021-03-12,2,,vae_shared,4.0,3,2.8213,5.4671,9.1661,7.42525186662245,0.8590154137395754,3.2712753276982673,1.5681422095785247,ok,1370.0,,6.345524584000032,0.007785229133332905
office,2021-03-10,2021-03-12,2,,vae_shared,5.0,3,1.2838,2.2488,6.2486,7.42525186662245,0.8590154137395754,2.712378444396917,1.3002253558408103,ok,1370.0,,6.345524584000032,0.007785229133332905
office,2021-03-10,2021-03-12,2,,vae_shared,6.0,3,1.0267,1.7136,10.2779,7.42525186662245,0.8590154137395754,2.45801552045776,1.1782921042421253,ok,1370.0,,6.345524584000032,0.007785229133332905
office,2021-03-10,2021-03-12,2,,vae_shared,7.0,3,1.161,1.5471,3.9297,7.42525186662245,0.8590154137395754,2.6078028178388233,1.2500952268631758,ok,1370.0,,6.345524584000032,0.007785229133332905
office,2021-03-10,2021-03-12,2,,vae_shared,8.0,3,2.142,2.2066,17.0653,7.42525186662245,0.8590154137395754,8.908268037636615,4.270331820063092,ok,1370.0,,6.345524584000032,0.007785229133332905
office,2021-03-10,2021-03-12,2,,vae_shared,9.0,3,1.2276,5.3376,16.2313,7.42525186662245,0.8590154137395754,6.976859034186093,3.34447762594308,ok,1370.0,,6.345524584000032,0.007785229133332905
office,2021-03-10,2021-03-12,2,,vae_shared,10.0,3,0.9201,0.1766,11.1204,7.42525186662245,0.8590154137395754,2.771735340734815,1.328679107131298,ok,1370.0,,6.345524584000032,0.007785229133332905
office,2021-03-10,2021-03-12,2,,vae_shared,11.0,3,1.9488,1.0782,9.4962,7.42525186662245,0.8590154137395754,3.8721541222981575,1.8561838160659085,ok,1370.0,,6.345524584000032,0.007785229133332905
office,2021-03-10,2021-03-12,2,,vae_shared,12.0,3,0.4159,5.9178,4.4834,7.42525186662245,0.8590154137395754,2.634240567299661,1.2627686177284358,ok,1370.0,,6.345524584000032,0.007785229133332905
office,2021-03-10,2021-03-12,2,,vae_shared,13.0,3,2.3724,2.1694,6.9023,7.42525186662245,0.8590154137395754,2.3806316836323593,1.1411968283301368,ok,1370.0,,6.345524584000032,0.007785229133332905
office,2021-03-10,2021-03-12,2,,vae_shared,14.0,3,0.8163,0.9757,3.5144,7.42525186662245,0.8590154137395754,2.593258884732964,1.2431233418605667,ok,1370.0,,6.345524584000032,0.007785229133332905
office,2021-03-10,2021-03-12,2,1.0,,,3,,,,,,,,insufficient_volume,,,,
office,2021-03-10,2021-03-12,2,4.0,,,3,,,,,,,,insufficient_volume,,,,
office,2021-03-10,2021-03-12,2,16.0,persistence,0.0,3,2.2778,2.9504,7.3863,10.733088888888888,1.4162662551440355,2.7940717619476185,1.3393864556134472,ok,22.0,16.0,0.0010011119999262519,0.0060622934666677486
office,2021-03-10,2021-03-12,2,16.0,persistence,1.0,3,1.4111,2.6594,5.709,10.733088888888888,1.4162662551440355,2.001178986354677,0.9592996379281797,ok,22.0,16.0,0.0010011119999262519,0.0060622934666677486
office,2021-03-10,2021-03-12,2,16.0,persistence,2.0,3,2.35,2.0265,6.0643,10.733088888888888,1.4162662551440355,2.339315775605871,1.1213913357276577,ok,22.0,16.0,0.0010011119999262519,0.0060622934666677486
office,2021-03-10,2021-03-12,2,16.0,persistence,3.0,3,1.6333,1.3102,2.9507,10.733088888888888,1.4162662551440355,2.1289251458060683,1.0205369611981312,ok,22.0,16.0,0.0010011119999262519,0.0060622934666677486
office,2021-03-10,2021-03-12,2,16.0,persistence,4.0,3,1.9889,1.6547,7.685,10.733088888888888,1.4162662551440355,3.078624800524376,1.4757918589978234,ok,22.0,16.0,0.0010011119999262519,0.0060622934666677486
office,2021-03-10,2021-03-12,2,16.0,persistence,5.0,3,1.3222,2.1703,7.499,10.733088888888888,1.4162662551440355,2.137279110965459,1.0245415783799587,ok,22.0,16.0,0.0010011119999262519,0.0060622934666677486
office,2021-03-10,2021-03-12,2,16.0,persistence,6.0,3,2.6056,3.674,14.7387,10.733088888888888,1.4162662551440355,3.657452693080333,1.75326298553765,ok,22.0,16.0,0.0010011119999262519,0.0060622934666677486
office,2021-03-10,2021-03-12,2,16.0,persistence,7.0,3,1.7333,1.1349,5.86,10.733088888888888,1.4162662551440355,2.9239128474319678,1.4016280177838698,ok,22.0,16.0,0.0010011119999262519,0.0060622934666677486
office,2021-03-10,2021-03-12,2,16.0,persistence,8.0,3,0.9889,2.9431,8.613,10.733088888888888,1.4162662551440355,2.1754656626359963,1.0428469600779753,ok,22.0,16.0,0.0010011119999262519,0.0060622934666677486
office,2021-03-10,2021-03-12,2,16.0,persistence,9.0,3,2.1722,3.2265,12.816,10.733088888888888,1.4162662551440355,3.2930428083948984,1.578576826618415,ok,22.0,16.0,0.0010011119999262519,0.0060622934666677486
office,2021-03-10,2021-03-12,2,16.0,persistence,10.0,3,0.75,2.1497,5.5017,10.733088888888888,1.4162662551440355,1.8281996180470357,0.8763789963873458,ok,22.0,16.0,0.0010011119999262519,0.0060622934666677486
office,2021-03-10,2021-03-12,2,16.0,persistence,11.0,3,1.7556,2.7069,6.3647,10.733088888888888,1.4162662551440355,3.1108053972124954,1.4912181826608855,ok,22.0,16.0,0.0010011119999262519,0.0060622934666677486
office,2021-03-10,2021-03-12,2,16.0,persistence,12.0,3,1.5778,2.3654,8.4767,10.733088888888888,1.4162662551440355,2.682864335776647,1.2860772591906589,ok,22.0,16.0,0.0010011119999262519,0.0060622934666677486
office,2021-03-10,2021-03-12,2,16.0,persistence,13.0,3,2.2667,3.4102,11.641,10.733088888888888,1.4162662551440355,3.1994230003818442,1.533698558086611,ok,22.0,16.0,0.0010011119999262519,0.0060622934666677486
office,2021-03-10,2021-03-12,2,16.0,persistence,14.0,3,1.8056,2.336,7.6323,10.733088888888888,1.4162662551440355,2.2946074923133875,1.0999596495729898,ok,22.0,16.0,0.0010011119999262519,0.0060622934666677486
office,2021-03-10,2021-03-12,2,16.0,vae_percell,0.0,3,1.1687,1.4695,8.0933,6.192840825136422,1.1171064362307284,3.732185190434038,1.7890872961773843,ok,22.0,16.0,0.3140534400000661,0.007260549399999642
office,2021-03-10,2021-03-12,2,16.0,vae_percell,1.0,3,1.8792,1.5084,5.809,6.192840825136422,1.1171064362307284,2.5378458840581977,1.216560164930227,ok,22.0,16.0,0.3140534400000661,0.007260549399999642
office,2021-03-10,2021-03-12,2,16.0,vae_percell,2.0,3,0.9282,7.8534,5.3703,6.192840825136422,1.1171064362307284,3.22569542130699,1.5462926958688086,ok,22.0,16.0,0.3140534400000661,0.007260549399999642
office,2021-03-10,2021-03-12,2,16.0,vae_percell,3.0,3,2.2489,4.1339,8.2729,6.192840825136422,1.1171064362307284,3.2291391237170477,1.5479434939721397,ok,22.0,16.0,0.3140534400000661,0.007260549399999642
office,2021-03-10,2021-03-12,2,16.0,vae_percell,4.0,3,1.3498,7.4702,8.8775,6.192840825136422,1.1171064362307284,3.0590728846279065,1.4664193111307027,ok,22.0,16.0,0.3140534400000661,0.007260549399999642
office,2021-03-10,2021-03-12,2,16.0,vae_percell,5.0,3,2.0227,1.2662,5.8359,6.192840825136422,1.1171064362307284,2.3649038340348967,1.1336574125521814,ok,22.0,16.0,0.3140534400000661,0.007260549399999642
office,2021-03-10,2021-03-12,2,16.0,vae_percell,6.0,3,0.897,1.0416,6.2223,6.192840825136422,1.1171064362307284,1.8294424763144879,0.8769747819188214,ok,22.0,16.0,0.3140534400000661,0.007260549399999642
office,2021-03-10,2021-03-12,2,16.0,vae_percell,7.0,3,0.7627,0.7723,9.0914,6.192840825136422,1.1171064362307284,2.353977768914999,1.1284198149235005,ok,22.0,16.0,0.3140534400000661,0.007260549399999642
office,2021-03-10,2021-03-12,2,16.0,vae_percell,8.0,3,1.4297,1.7541,13.7741,6.192840825136422,1.1171064362307284,7.585510269111083,3.6362450856602484,ok,22.0,16.0,0.3140534400000661,0.007260549399999642
office,2021-03-10,2021-03-12,2,16.0,vae_percell,9.0,3,1.4806,7.2003,5.8398,6.192840825136422,1.1171064362307284,4.365800795219663,2.0928218568543904,ok,22.0,16.0,0.3140534400000661,0.007260549399999642
office,2021-03-10,2021-03-12,2,16.0,vae_percell,10.0,3,0.7956,0.6905,9.5779,6.192840825136422,1.1171064362307284,2.2714812729365397,1.0888736977285374,ok,22.0,16.0,0.3140534400000661,0.007260549399999642
office,2021-03-10,2021-03-12,2,16.0,vae_percell,11.0,3,3.3156,1.8974,13.1172,6.192840825136422,1.1171064362307284,3.033428859705066,1.454126405802772,ok,22.0,16.0,0.3140534400000661,0.007260549399999642
office,2021-03-10,2021-03-12,2,16.0,vae_percell,12.0,3,0.6591,4.1523,4.987,6.192840825136422,1.1171064362307284,3.274210149961779,1.5695490672129329,ok,22.0,16.0,0.3140534400000661,0.007260549399999642
office,2021-03-10,2021-03-12,2,16.0,vae_percell,13.0,3,2.484,4.2652,9.757,6.192840825136422,1.1171064362307284,2.5944368828457884,1.2436880355590405,ok,22.0,16.0,0.3140534400000661,0.007260549399999642
office,2021-03-10,2021-03-12,2,16.0,vae_percell,14.0,3,0.5622,1.1174,4.4681,6.192840825136422,1.1171064362307284,2.649668320762159,1.270164177251864,ok,22.0,16.0,0.3140534400000661,0.007260549399999642
office,2021-03-10,2021-03-13,3,,,,0,,,,,,,,no_target_sessions,,,,
office,2021-03-17,2021-03-18,1,,vae_shared,0.0,3,1.8265,2.7641,4.0643,7.170982474981971,1.2224329860650447,1.1972430938039766,1.051712391614342,ok,1386.0,,2.5687282160000677,0.007414191999995031
office,2021-03-17,2021-03-18,1,,vae_shared,1.0,3,2.7886,0.4954,21.9421,7.170982474981971,1.2224329860650447,4.326479968936501,3.800575354287033,ok,1386.0,,2.5687282160000677,0.007414191999995031
office,2021-03-17,2021-03-18,1,,vae_shared,2.0,3,0.9327,8.686,2.2707,7.170982474981971,1.2224329860650447,1.6260385343813952,1.4283856676239335,ok,1386.0,,2.5687282160000677,0.007414191999995031
office,2021-03-17,2021-03-18,1,,vae_shared,3.0,3,1.5702,3.213,4.3017,7.170982474981971,1.2224329860650447,0.8690288534586954,0.7633941833391418,ok,1386.0,,2.5687282160000677,0.007414191999995031
office,2021-03-17,2021-03-18,1,,vae_shared,4.0,3,2.3289,4.4226,4.2088,7.170982474981971,1.2224329860650447,1.5704499537280945,1.379554148437988,ok,1386.0,,2.5687282160000677,0.007414191999995031
office,2021-03-17,2021-03-18,1,,vae_shared,5.0,3,1.2165,2.4966,9.4857,7.170982474981971,1.2224329860650447,1.6812446115199378,1.4768811784516858,ok,1386.0,,2.5687282160000677,0.007414191999995031
office,2021-03-17,2021-03-18,1,,vae_shared,6.0,3,1.2984,2.4103,9.2296,7.170982474981971,1.2224329860650447,3.016847947091375,2.6501354536873833,ok,1386.0,,2.5687282160000677,0.007414191999995031
office,2021-03-17,2021-03-18,1,,vae_shared,7.0,3,0.9832,1.2102,3.8827,7.170982474981971,1.2224329860650447,1.2313518107980093,1.0816750287014467,ok,1386.0,,2.5687282160000677,0.007414191999995031
office,2021-03-17,2021-03-18,1,,vae_shared,8.0,3,1.77,0.3153,19.3298,7.170982474981971,1.2224329860650447,5.792006631133879,5.087960145939501,ok,1386.0,,2.5687282160000677,0.007414191999995031
office,2021-03-17,2021-03-18,1,,vae_shared,9.0,3,2.4474,3.706,13.2129,7.170982474981971,1.2224329860650447,4.944478454750912,4.343453128143988,ok,1386.0,,2.5687282160000677,0.007414191999995031
office,2021-03-17,2021-03-18,1,,vae_shared,10.0,3,1.707,3.0622,6.5523,7.170982474981971,1.2224329860650447,1.5971251837772,1.4029868749552654,ok,1386.0,,2.5687282160000677,0.007414191999995031
office,2021-03-17,2021-03-18,1,,vae_shared,11.0,3,3.4361,2.2441,16.3527,7.170982474981971,1.2224329860650447,3.810221514264603,3.3470706175597704,ok,1386.0,,2.5687282160000677,0.007414191999995031
office,2021-03-17,2021-03-18,1,,vae_shared,12.0,3,1.0751,5.6342,2.6564,7.170982474981971,1.2224329860650447,1.897540981114044,1.6668856757343091,ok,1386.0,,2.5687282160000677,0.007414191999995031
office,2021-03-17,2021-03-18,1,,vae_shared,13.0,3,2.2256,2.0246,4.3007,7.170982474981971,1.2224329860650447,1.0528527264159628,0.9248733733751733,ok,1386.0,,2.5687282160000677,0.007414191999995031
office,2021-03-17,2021-03-18,1,,vae_shared,14.0,3,0.7206,0.7006,2.19,7.170982474981971,1.2224329860650447,0.5804029303334437,0.5098521404049138,ok,1386.0,,2.5687282160000677,0.007414191999995031
office,2021-03-17,2021-03-18,1,1.0,,,3,,,,,,,,insufficient_volume,,,,
office,2021-03-17,2021-03-18,1,4.0,,,3,,,,,,,,insufficient_volume,,,,
office,2021-03-17,2021-03-18,1,16.0,persistence,0.0,3,3.8611,3.4399,13.9717,20.509760000000004,1.6564308641975312,2.325153215986518,2.0425195704284773,ok,22.0,16.0,0.0008962809999957244,0.005688324266664798
office,2021-03-17,2021-03-18,1,16.0,persistence,1.0,3,1.3333,1.8819,2.592,20.509760000000004,1.6564308641975312,1.5806462035944315,1.3885109947024765,ok,22.0,16.0,0.0008962809999957244,0.005688324266664798
office,2021-03-17,2021-03-18,1,16.0,persistence,2.0,3,0.3222,2.0007,12.1993,20.509760000000004,1.6564308641975312,3.58258472923385,3.147104187314242,ok,22.0,16.0,0.0008962809999957244,0.005688324266664798
office,2021-03-17,2021-03-18,1,16.0,persistence,3.0,3,0.7889,2.8939,8.0637,20.509760000000004,1.6564308641975312,2.3005280002614468,2.0208876690558446,ok,22.0,16.0,0.0008962809999957244,0.005688324266664798
office,2021-03-17,2021-03-18,1,16.0,persistence,4.0,3,1.6,3.4109,11.5513,20.509760000000004,1.6564308641975312,2.7850780030875693,2.446538269979198,ok,22.0,16.0,0.0008962809999957244,0.005688324266664798
office,2021-03-17,2021-03-18,1,16.0,persistence,5.0,3,3.1556,5.0512,13.2187,20.509760000000004,1.6564308641975312,1.9075394689627005,1.6756687989131005,ok,22.0,16.0,0.0008962809999957244,0.005688324266664798
office,2021-03-17,2021-03-18,1,16.0,persistence,6.0,3,0.9111,1.3822,4.4677,20.509760000000004,1.6564308641975312,1.8990356470746654,1.6681986578013972,ok,22.0,16.0,0.0008962809999957244,0.005688324266664798
office,2021-03-17,2021-03-18,1,16.0,persistence,7.0,3,2.3667,4.526,4.1293,20.509760000000004,1.6564308641975312,0.7634898576403902,0.670683964107074,ok,22.0,16.0,0.0008962809999957244,0.005688324266664798
office,2021-03-17,2021-03-18,1,16.0,persistence,8.0,3,0.9278,2.6467,4.8857,20.509760000000004,1.6564308641975312,1.8005571642453382,1.5816907119757007,ok,22.0,16.0,0.0008962809999957244,0.005688324266664798
office,2021-03-17,2021-03-18,1,16.0,persistence,9.0,3,1.1611,1.8873,15.3197,20.509760000000004,1.6564308641975312,4.012825321942196,3.525046950207266,ok,22.0,16.0,0.0008962809999957244,0.005688324266664798
office,2021-03-17,2021-03-18,1,16.0,persistence,10.0,3,0.4111,2.4529,10.5487,20.509760000000004,1.6564308641975312,3.0900450718635226,2.7144351130897313,ok,22.0,16.0,0.0008962809999957244,0.005688324266664798
office,2021-03-17,2021-03-18,1,16.0,persistence,11.0,3,1.5111,0.8801,10.2757,20.509760000000004,1.6564308641975312,3.891176516385263,3.4181851467093565,ok,22.0,16.0,0.0008962809999957244,0.005688324266664798
office,2021-03-17,2021-03-18,1,16.0,persistence,12.0,3,1.5056,3.4768,7.1227,20.509760000000004,1.6564308641975312,1.929900871929146,1.6953120649427,ok,22.0,16.0,0.0008962809999957244,0.005688324266664798
office,2021-03-17,2021-03-18,1,16.0,persistence,13.0,3,1.2222,1.6519,24.0877,20.509760000000004,1.6564308641975312,6.0870255625682015,5.347118096030044,ok,22.0,16.0,0.0008962809999957244,0.005688324266664798
office,2021-03-17,2021-03-18,1,16.0,persistence,14.0,3,3.1389,5.1161,15.9917,20.509760000000004,1.6564308641975312,2.3682514951911244,2.0803790448587898,ok,22.0,16.0,0.0008962809999957244,0.005688324266664798
office,2021-03-17,2021-03-18,1,16.0,vae_percell,0.0,3,1.9282,3.0753,4.2228,10.828926363398296,1.3445347565249566,1.8274378093363137,1.6053038843406733,ok,22.0,16.0,0.2934007639998981,0.007089051666662271
office,2021-03-17,2021-03-18,1,16.0,vae_percell,1.0,3,2.4596,0.8129,14.1431,10.828926363398296,1.3445347565249566,2.598395234881307,2.28254769727138,ok,22.0,16.0,0.2934007639998981,0.007089051666662271
office,2021-03-17,2021-03-18,1,16.0,vae_percell,2.0,3,2.0169,7.5841,2.2504,10.828926363398296,1.3445347565249566,1.9804715308832292,1.7397356151384469,ok,22.0,16.0,0.2934007639998981,0.007089051666662271
office,2021-03-17,2021-03-18,1,16.0,vae_percell,3.0,3,1.9302,3.4928,4.0535,10.828926363398296,1.3445347565249566,0.785231059732922,0.6897824176856677,ok,22.0,16.0,0.2934007639998981,0.007089051666662271
office,2021-03-17,2021-03-18,1,16.0,vae_percell,4.0,3,4.2937,8.1181,4.6572,10.828926363398296,1.3445347565249566,1.6526727716431036,1.4517823842258515,ok,22.0,16.0,0.2934007639998981,0.007089051666662271
office,2021-03-17,2021-03-18,1,16.0,vae_percell,5.0,3,0.5128,1.5325,4.5549,10.828926363398296,1.3445347565249566,0.8528925886442661,0.749219359740214,ok,22.0,16.0,0.2934007639998981,0.007089051666662271
office,2021-03-17,2021-03-18,1,16.0,vae_percell,6.0,3,1.2653,2.0416,10.9403,10.828926363398296,1.3445347565249566,3.630527567826171,3.1892193414526595,ok,22.0,16.0,0.2934007639998981,0.007089051666662271
office,2021-03-17,2021-03-18,1,16.0,vae_percell,7.0,3,1.3218,1.2371,5.0037,10.828926363398296,1.3445347565249566,1.8231203672107632,1.6015112482360938,ok,22.0,16.0,0.2934007639998981,0.007089051666662271
office,2021-03-17,2021-03-18,1,16.0,vae_percell,8.0,3,1.5604,0.954,22.6599,10.828926363398296,1.3445347565249566,5.834632519474412,5.125404650905381,ok,22.0,16.0,0.2934007639998981,0.007089051666662271
office,2021-03-17,2021-03-18,1,16.0,vae_percell,9.0,3,1.7847,7.8726,12.8623,10.828926363398296,1.3445347565249566,5.121892309678985,4.499301468917523,ok,22.0,16.0,0.2934007639998981,0.007089051666662271
office,2021-03-17,2021-03-18,1,16.0,vae_percell,10.0,3,1.287,2.3627,6.2601,10.828926363398296,1.3445347565249566,1.7487204844412276,1.5361550319018142,ok,22.0,16.0,0.2934007639998981,0.007089051666662271
office,2021-03-17,2021-03-18,1,16.0,vae_percell,11.0,3,1.806,3.585,11.1709,10.828926363398296,1.3445347565249566,2.7555970129646656,2.420640837127191,ok,22.0,16.0,0.2934007639998981,0.007089051666662271
office,2021-03-17,2021-03-18,1,16.0,vae_percell,12.0,3,1.3102,5.5593,6.6014,10.828926363398296,1.3445347565249566,2.4656851258325165,2.1659691453453536,ok,22.0,16.0,0.2934007639998981,0.007089051666662271
office,2021-03-17,2021-03-18,1,16.0,vae_percell,13.0,3,2.8809,2.9415,11.1535,10.828926363398296,1.3445347565249566,2.041846584970941,1.7936502338604952,ok,22.0,16.0,0.2934007639998981,0.007089051666662271
office,2021-03-17,2021-03-18,1,16.0,vae_percell,14.0,3,0.5105,1.307,5.8287,10.828926363398296,1.3445347565249566,1.3115854417661634,1.152155872859263,ok,22.0,16.0,0.2934007639998981,0.007089051666662271
office,2021-03-17,2021-03-19,2,,vae_shared,0.0,3,2.01,1.59,9.1006,9.386293728093175,0.5756729509010001,3.228299281050896,1.413750506262709,ok,1386.0,,2.5687282160000677,0.007208870333329287
office,2021-03-17,2021-03-19,2,,vae_shared,1.0,3,3.0017,1.2583,11.4407,9.386293728093175,0.5756729509010001,4.602103250429014,2.0153725642342954,ok,1386.0,,2.5687282160000677,0.007208870333329287
office,2021-03-17,2021-03-19,2,,vae_shared,2.0,3,1.6215,6.828,7.8304,9.386293728093175,0.5756729509010001,3.4233154745829686,1.499152824428714,ok,1386.0,,2.5687282160000677,0.007208870333329287
office,2021-03-17,2021-03-19,2,,vae_shared,3.0,3,0.7293,3.1428,11.0075,9.386293728093175,0.5756729509010001,2.7916667316512447,1.2225385292976767,ok,1386.0,,2.5687282160000677,0.007208870333329287
office,2021-03-17,2021-03-19,2,,vae_shared,4.0,3,3.2284,2.6006,12.0258,9.386293728093175,0.5756729509010001,3.5851620623117557,1.5700293682118482,ok,1386.0,,2.5687282160000677,0.007208870333329287
office,2021-03-17,2021-03-19,2,,vae_shared,5.0,3,1.0035,1.9185,4.8188,9.386293728093175,0.5756729509010001,2.185980507254593,0.9572938503414026,ok,1386.0,,2.5687282160000677,0.007208870333329287
office,2021-03-17,2021-03-19,2,,vae_shared,6.0,3,2.0502,2.5594,4.937,9.386293728093175,0.5756729509010001,3.3681953787236587,1.475014398390041,ok,1386.0,,2.5687282160000677,0.007208870333329287
office,2021-03-17,2021-03-19,2,,vae_shared,7.0,3,1.9824,3.0164,10.2458,9.386293728093175,0.5756729509010001,2.90733602921211,1.2731929184200175,ok,1386.0,,2.5687282160000677,0.007208870333329287
office,2021-03-17,2021-03-19,2,,vae_shared,8.0,3,1.2432,1.5891,11.6865,9.386293728093175,0.5756729509010001,6.362395490633032,2.7862472041309534,ok,1386.0,,2.5687282160000677,0.007208870333329287
office,2021-03-17,2021-03-19,2,,vae_shared,9.0,3,2.3324,2.9644,12.6077,9.386293728093175,0.5756729509010001,5.256470034156725,2.301935640094909,ok,1386.0,,2.5687282160000677,0.007208870333329287
office,2021-03-17,2021-03-19,2,,vae_shared,10.0,3,2.8156,3.7598,14.9356,9.386293728093175,0.5756729509010001,3.5849636086461034,1.5699424605413197,ok,1386.0,,2.5687282160000677,0.007208870333329287
office,2021-03-17,2021-03-19,2,,vae_shared,11.0,3,2.7708,2.2006,7.5985,9.386293728093175,0.5756729509010001,2.8834185452092442,1.2627188724367173,ok,1386.0,,2.5687282160000677,0.007208870333329287
office,2021-03-17,2021-03-19,2,,vae_shared,12.0,3,2.0378,6.6387,5.2549,9.386293728093175,0.5756729509010001,2.893346172218646,1.2670664209409441,ok,1386.0,,2.5687282160000677,0.007208870333329287
office,2021-03-17,2021-03-19,2,,vae_shared,13.0,3,1.9972,0.5383,6.9397,9.386293728093175,0.5756729509010001,1.9676125052528508,0.8616652092195536,ok,1386.0,,2.5687282160000677,0.007208870333329287
office,2021-03-17,2021-03-19,2,,vae_shared,14.0,3,1.7283,1.9357,7.1208,9.386293728093175,0.5756729509010001,1.7224310998914403,0.7542943288335626,ok,1386.0,,2.5687282160000677,0.007208870333329287
office,2021-03-17,2021-03-19,2,1.0,,,3,,,,,,,,insufficient_volume,,,,
office,2021-03-17,2021-03-19,2,4.0,persistence,0.0,3,0.4889,1.7808,3.381,3.274884444444446,0.3311086419753094,1.2736359641086625,0.5577560604811309,ok,10.0,4.0,0.0009414680000645603,0.005900487200005955
office,2021-03-17,2021-03-19,2,4.0,persistence,1.0,3,1.5944,2.0696,7.2077,3.274884444444446,0.3311086419753094,1.639408695780817,0.7179368056846144,ok,10.0,4.0,0.0009414680000645603,0.005900487200005955
office,2021-03-17,2021-03-19,2,4.0,persistence,2.0,3,0.6444,0.929,4.2247,3.274884444444446,0.3311086419753094,1.6683415958762495,0.730607223944055,ok,10.0,4.0,0.0009414680000645603,0.005900487200005955
office,2021-03-17,2021-03-19,2,4.0,persistence,3.0,3,0.5556,1.723,2.959,3.274884444444446,0.3311086419753094,1.0367571134256315,0.45402107003531045,ok,10.0,4.0,0.0009414680000645603,0.005900487200005955
office,2021-03-17,2021-03-19,2,4.0,persistence,4.0,3,0.5556,1.3887,6.2053,3.274884444444446,0.3311086419753094,1.5117156414198971,0.6620169220144064,ok,10.0,4.0,0.0009414680000645603,0.005900487200005955
office,2021-03-17,2021-03-19,2,4.0,persistence,5.0,3,0.7944,2.1261,3.7087,3.274884444444446,0.3311086419753094,0.9692647424712311,0.42446452483960195,ok,10.0,4.0,0.0009414680000645603,0.005900487200005955
office,2021-03-17,2021-03-19,2,4.0,persistence,6.0,3,1.4389,1.9907,5.546,3.274884444444446,0.3311086419753094,2.723990399991147,1.1929014232499,ok,10.0,4.0,0.0009414680000645603,0.005900487200005955
office,2021-03-17,2021-03-19,2,4.0,persistence,7.0,3,0.55,1.2574,2.138,3.274884444444446,0.3311086419753094,1.9297393595706391,0.8450796407140964,ok,10.0,4.0,0.0009414680000645603,0.005900487200005955
office,2021-03-17,2021-03-19,2,4.0,persistence,8.0,3,0.8278,2.1807,5.722,3.274884444444446,0.3311086419753094,2.224715460911183,0.9742568254482956,ok,10.0,4.0,0.0009414680000645603,0.005900487200005955
office,2021-03-17,2021-03-19,2,4.0,persistence,9.0,3,0.6889,1.5966,9.4043,3.274884444444446,0.3311086419753094,2.3708325621507784,1.0382450458291124,ok,10.0,4.0,0.0009414680000645603,0.005900487200005955
office,2021-03-17,2021-03-19,2,4.0,persistence,10.0,3,0.7667,0.8713,6.735,3.274884444444446,0.3311086419753094,2.551929876037612,1.1175519492172594,ok,10.0,4.0,0.0009414680000645603,0.005900487200005955
office,2021-03-17,2021-03-19,2,4.0,persistence,11.0,3,0.5722,1.5212,7.307,3.274884444444446,0.3311086419753094,2.03497583743849,0.8911652452106371,ok,10.0,4.0,0.0009414680000645603,0.005900487200005955
office,2021-03-17,2021-03-19,2,4.0,persistence,12.0,3,0.6889,0.8006,4.1873,3.274884444444446,0.3311086419753094,2.571753662209198,1.1262332656926637,ok,10.0,4.0,0.0009414680000645603,0.005900487200005955
office,2021-03-17,2021-03-19,2,4.0,persistence,13.0,3,1.0,2.461,7.0237,3.274884444444446,0.3311086419753094,3.5773853943029206,1.5666237767912943,ok,10.0,4.0,0.0009414680000645603,0.005900487200005955
office,2021-03-17,2021-03-19,2,4.0,persistence,14.0,3,0.3278,1.3858,2.49,3.274884444444446,0.3311086419753094,1.005817816083398,0.44047200178821894,ok,10.0,4.0,0.0009414680000645603,0.005900487200005955
office,2021-03-17,2021-03-19,2,4.0,vae_percell,0.0,3,1.321,1.4011,4.8085,5.961559808848806,0.8674490091558915,1.8632728481110021,0.8159723442570624,ok,10.0,4.0,0.3003711399999247,0.007334534133330332
office,2021-03-17,2021-03-19,2,4.0,vae_percell,1.0,3,1.6249,0.5261,5.5729,5.961559808848806,0.8674490091558915,1.3527422620797942,0.5923986258286815,ok,10.0,4.0,0.3003711399999247,0.007334534133330332
office,2021-03-17,2021-03-19,2,4.0,vae_percell,2.0,3,0.44,7.1402,11.6225,5.961559808848806,0.8674490091558915,3.449585979940325,1.510657315498281,ok,10.0,4.0,0.3003711399999247,0.007334534133330332
office,2021-03-17,2021-03-19,2,4.0,vae_percell,3.0,3,1.538,3.5413,9.6141,5.961559808848806,0.8674490091558915,2.708092345173432,1.1859392796905766,ok,10.0,4.0,0.3003711399999247,0.007334534133330332
office,2021-03-17,2021-03-19,2,4.0,vae_percell,4.0,3,1.0025,3.721,11.1787,5.961559808848806,0.8674490091558915,3.0834466901339916,1.350316045602799,ok,10.0,4.0,0.3003711399999247,0.007334534133330332
office,2021-03-17,2021-03-19,2,4.0,vae_percell,5.0,3,1.0115,1.6055,3.364,5.961559808848806,0.8674490091558915,1.7650524242624326,0.7729592398784465,ok,10.0,4.0,0.3003711399999247,0.007334534133330332
office,2021-03-17,2021-03-19,2,4.0,vae_percell,6.0,3,0.5743,1.6126,6.7079,5.961559808848806,0.8674490091558915,2.568919818987742,1.1249922570561601,ok,10.0,4.0,0.3003711399999247,0.007334534133330332
office,2021-03-17,2021-03-19,2,4.0,vae_percell,7.0,3,0.1079,0.8268,4.7421,5.961559808848806,0.8674490091558915,1.0226040171620352,0.4478230861230721,ok,10.0,4.0,0.3003711399999247,0.007334534133330332
office,2021-03-17,2021-03-19,2,4.0,vae_percell,8.0,3,1.4981,0.9396,10.5326,5.961559808848806,0.8674490091558915,4.1963403976356215,1.8376791756670117,ok,10.0,4.0,0.3003711399999247,0.007334534133330332
office,2021-03-17,2021-03-19,2,4.0,vae_percell,9.0,3,1.1678,2.6492,5.721,5.961559808848806,0.8674490091558915,2.1667341462234324,0.94886540233126,ok,10.0,4.0,0.3003711399999247,0.007334534133330332
office,2021-03-17,2021-03-19,2,4.0,vae_percell,10.0,3,0.7601,2.3905,10.6126,5.961559808848806,0.8674490091558915,2.552933534233105,1.117991475468844,ok,10.0,4.0,0.3003711399999247,0.007334534133330332
office,2021-03-17,2021-03-19,2,4.0,vae_percell,11.0,3,2.4292,1.9308,2.407,5.961559808848806,0.8674490091558915,1.8928280684496812,0.8289152916355074,ok,10.0,4.0,0.3003711399999247,0.007334534133330332
office,2021-03-17,2021-03-19,2,4.0,vae_percell,12.0,3,0.4683,3.2812,3.6545,5.961559808848806,0.8674490091558915,2.06107827113916,0.9025961336278345,ok,10.0,4.0,0.3003711399999247,0.007334534133330332
office,2021-03-17,2021-03-19,2,4.0,vae_percell,13.0,3,1.4871,1.6437,4.4932,5.961559808848806,0.8674490091558915,1.6973346472198354,0.7433039838930744,ok,10.0,4.0,0.3003711399999247,0.007334534133330332
office,2021-03-17,2021-03-19,2,4.0,vae_percell,14.0,3,1.0444,0.8675,2.8454,5.961559808848806,0.8674490091558915,1.6459053763691192,0.7207818595879655,ok,10.0,4.0,0.3003711399999247,0.007334534133330332
office,2021-03-17,2021-03-19,2,16.0,persistence,0.0,3,0.6889,1.6124,1.944,5.412511111111112,0.6254502057613192,1.0742199598483144,0.4704269585497326,ok,23.0,16.0,0.0010262889999239633,0.005820685466672634
office,2021-03-17,2021-03-19,2,16.0,persistence,1.0,3,1.7889,2.8692,10.015,5.412511111111112,0.6254502057613192,2.0055390725744187,0.8782741723557778,ok,23.0,16.0,0.0010262889999239633,0.005820685466672634
office,2021-03-17,2021-03-19,2,16.0,persistence,2.0,3,1.5056,2.3054,6.0667,5.412511111111112,0.6254502057613192,2.4237831910332734,1.061433409692697,ok,23.0,16.0,0.0010262889999239633,0.005820685466672634
office,2021-03-17,2021-03-19,2,16.0,persistence,3.0,3,0.8611,1.3916,2.382,5.412511111111112,0.6254502057613192,1.4447742430178987,0.6327016610544772,ok,23.0,16.0,0.0010262889999239633,0.005820685466672634
office,2021-03-17,2021-03-19,2,16.0,persistence,4.0,3,1.0167,2.1698,6.2517,5.412511111111112,0.6254502057613192,1.4457159805243198,0.6331140707354148,ok,23.0,16.0,0.0010262889999239633,0.005820685466672634
office,2021-03-17,2021-03-19,2,16.0,persistence,5.0,3,0.9556,2.1479,5.4683,5.412511111111112,0.6254502057613192,1.8782946843223935,0.8225507704499205,ok,23.0,16.0,0.0010262889999239633,0.005820685466672634
office,2021-03-17,2021-03-19,2,16.0,persistence,6.0,3,1.7667,2.3249,9.017,5.412511111111112,0.6254502057613192,2.005014448310996,0.8780444266744015,ok,23.0,16.0,0.0010262889999239633,0.005820685466672634
office,2021-03-17,2021-03-19,2,16.0,persistence,7.0,3,0.6444,0.929,4.2247,5.412511111111112,0.6254502057613192,1.6683415958762495,0.730607223944055,ok,23.0,16.0,0.0010262889999239633,0.005820685466672634
office,2021-03-17,2021-03-19,2,16.0,persistence,8.0,3,1.2389,3.1127,11.3233,5.412511111111112,0.6254502057613192,2.3554566865839655,1.0315115772209176,ok,23.0,16.0,0.0010262889999239633,0.005820685466672634
office,2021-03-17,2021-03-19,2,16.0,persistence,9.0,3,1.0278,1.6912,6.431,5.412511111111112,0.6254502057613192,1.858889987749084,0.8140529834679588,ok,23.0,16.0,0.0010262889999239633,0.005820685466672634
office,2021-03-17,2021-03-19,2,16.0,persistence,10.0,3,1.0333,2.6664,7.2777,5.412511111111112,0.6254502057613192,1.4079079891019577,0.6165570348596268,ok,23.0,16.0,0.0010262889999239633,0.005820685466672634
office,2021-03-17,2021-03-19,2,16.0,persistence,11.0,3,1.4889,1.6206,3.533,5.412511111111112,0.6254502057613192,1.7519866827786756,0.7672374349808082,ok,23.0,16.0,0.0010262889999239633,0.005820685466672634
office,2021-03-17,2021-03-19,2,16.0,persistence,12.0,3,1.0278,0.9951,5.9153,5.412511111111112,0.6254502057613192,3.108275847270892,1.3611893353496352,ok,23.0,16.0,0.0010262889999239633,0.005820685466672634
office,2021-03-17,2021-03-19,2,16.0,persistence,13.0,3,1.2278,1.791,7.1657,5.412511111111112,0.6254502057613192,2.1191899933136757,0.9280446653442854,ok,23.0,16.0,0.0010262889999239633,0.005820685466672634
office,2021-03-17,2021-03-19,2,16.0,persistence,14.0,3,0.3833,1.7221,4.7643,5.412511111111112,0.6254502057613192,1.6336040218162895,0.7153947982554366,ok,23.0,16.0,0.0010262889999239633,0.005820685466672634
office,2021-03-17,2021-03-19,2,16.0,vae_percell,0.0,3,1.3983,2.6601,7.6086,6.671346090086036,1.1559446673145382,2.3380845418475626,1.023903893955578,ok,23.0,16.0,0.3102786360000209,0.0077476245999984405
office,2021-03-17,2021-03-19,2,16.0,vae_percell,1.0,3,1.7987,1.8696,4.353,6.671346090086036,1.1559446673145382,3.3566476060125106,1.4699573488121351,ok,23.0,16.0,0.3102786360000209,0.0077476245999984405
office,2021-03-17,2021-03-19,2,16.0,vae_percell,2.0,3,0.5493,6.0446,6.0893,6.671346090086036,1.1559446673145382,2.7602756729411086,1.2087916237972887,ok,23.0,16.0,0.3102786360000209,0.0077476245999984405
office,2021-03-17,2021-03-19,2,16.0,vae_percell,3.0,3,1.2646,4.0321,5.75,6.671346090086036,1.1559446673145382,2.139644550741817,0.9370022118422672,ok,23.0,16.0,0.3102786360000209,0.0077476245999984405
office,2021-03-17,2021-03-19,2,16.0,vae_percell,4.0,3,0.8216,5.7136,7.4885,6.671346090086036,1.1559446673145382,2.836252112551822,1.2420635483038414,ok,23.0,16.0,0.3102786360000209,0.0077476245999984405
office,2021-03-17,2021-03-19,2,16.0,vae_percell,5.0,3,0.7689,3.0484,2.3209,6.671346090086036,1.1559446673145382,1.7455963181396608,0.7644389394086537,ok,23.0,16.0,0.3102786360000209,0.0077476245999984405
office,2021-03-17,2021-03-19,2,16.0,vae_percell,6.0,3,0.6957,3.0123,10.7941,6.671346090086036,1.1559446673145382,2.596668804865191,1.137144210582523,ok,23.0,16.0,0.3102786360000209,0.0077476245999984405
office,2021-03-17,2021-03-19,2,16.0,vae_percell,7.0,3,0.1715,1.5489,4.028,6.671346090086036,1.1559446673145382,1.5921794088583066,0.6972539561455251,ok,23.0,16.0,0.3102786360000209,0.0077476245999984405
office,2021-03-17,2021-03-19,2,16.0,vae_percell,8.0,3,1.8018,0.6607,14.2138,6.671346090086036,1.1559446673145382,5.55988198959719,2.434807089817031,ok,23.0,16.0,0.3102786360000209,0.0077476245999984405
office,2021-03-17,2021-03-19,2,16.0,vae_percell,9.0,3,1.265,5.6933,12.75,6.671346090086036,1.1559446673145382,5.546699583783741,2.4290341947815812,ok,23.0,16.0,0.3102786360000209,0.0077476245999984405
office,2021-03-17,2021-03-19,2,16.0,vae_percell,10.0,3,0.612,1.7544,8.5439,6.671346090086036,1.1559446673145382,2.004150243484125,0.8776659704331617,ok,23.0,16.0,0.3102786360000209,0.0077476245999984405
office,2021-03-17,2021-03-19,2,16.0,vae_percell,11.0,3,2.0971,1.8163,8.7503,6.671346090086036,1.1559446673145382,3.408224410597439,1.4925440817155413,ok,23.0,16.0,0.3102786360000209,0.0077476245999984405
office,2021-03-17,2021-03-19,2,16.0,vae_percell,12.0,3,1.1541,4.3319,7.2487,6.671346090086036,1.1559446673145382,3.0212187300918427,1.3230649135501829,ok,23.0,16.0,0.3102786360000209,0.0077476245999984405
office,2021-03-17,2021-03-19,2,16.0,vae_percell,13.0,3,1.9881,3.3581,7.7586,6.671346090086036,1.1559446673145382,1.7752907806882898,0.7774428643259426,ok,23.0,16.0,0.3102786360000209,0.0077476245999984405
office,2021-03-17,2021-03-19,2,16.0,vae_percell,14.0,3,0.5545,0.5669,4.4016,6.671346090086036,1.1559446673145382,0.8567654296023814,0.3751983488514917,ok,23.0,16.0,0.3102786360000209,0.0077476245999984405
office,2021-03-17,2021-03-20,3,,,,0,,,,,,,,no_target_sessions,,,,
office,2021-03-24,2021-03-25,1,,vae_shared,0.0,2,1.8082,4.6615,14.7782,8.119701698408655,0.7360049918518692,2.662269042590809,1.486747417679156,ok,1399.0,,2.4330834710000318,0.007205804600001405
office,2021-03-24,2021-03-25,1,,vae_shared,1.0,2,1.0263,2.2041,14.8246,8.119701698408655,0.7360049918518692,2.623498669379107,1.4650960551260834,ok,1399.0,,2.4330834710000318,0.007205804600001405
office,2021-03-24,2021-03-25,1,,vae_shared,2.0,2,1.5845,1.2536,10.9273,8.119701698408655,0.7360049918518692,1.806662193635873,1.008932721687941,ok,1399.0,,2.4330834710000318,0.007205804600001405
office,2021-03-24,2021-03-25,1,,vae_shared,3.0,2,1.4072,4.6731,16.4478,8.119701698408655,0.7360049918518692,2.9478724734513544,1.6462430045335186,ok,1399.0,,2.4330834710000318,0.007205804600001405
office,2021-03-24,2021-03-25,1,,vae_shared,4.0,2,0.5144,4.5064,16.2089,8.119701698408655,0.7360049918518692,2.6823040462718404,1.4979359900996874,ok,1399.0,,2.4330834710000318,0.007205804600001405
office,2021-03-24,2021-03-25,1,,vae_shared,5.0,2,1.4596,7.8495,12.8408,8.119701698408655,0.7360049918518692,2.2771893188551418,1.271699172852834,ok,1399.0,,2.4330834710000318,0.007205804600001405
office,2021-03-24,2021-03-25,1,,vae_shared,6.0,2,2.8652,1.4341,17.1039,8.119701698408655,0.7360049918518692,3.0278428873678664,1.6909025804362618,ok,1399.0,,2.4330834710000318,0.007205804600001405
office,2021-03-24,2021-03-25,1,,vae_shared,7.0,2,1.801,0.9724,5.9697,8.119701698408655,0.7360049918518692,2.1742047604440953,1.2141873196821082,ok,1399.0,,2.4330834710000318,0.007205804600001405
office,2021-03-24,2021-03-25,1,,vae_shared,8.0,2,1.2299,2.368,1.8936,8.119701698408655,0.7360049918518692,1.8713010196836326,1.0450303535091023,ok,1399.0,,2.4330834710000318,0.007205804600001405
office,2021-03-24,2021-03-25,1,,vae_shared,9.0,2,0.6792,4.1763,7.0217,8.119701698408655,0.7360049918518692,1.7713290806528015,0.9892009013325398,ok,1399.0,,2.4330834710000318,0.007205804600001405
office,2021-03-24,2021-03-25,1,,vae_shared,10.0,2,2.0658,3.2443,13.8926,8.119701698408655,0.7360049918518692,2.3729582417444877,1.325181445501389,ok,1399.0,,2.4330834710000318,0.007205804600001405
office,2021-03-24,2021-03-25,1,,vae_shared,11.0,2,2.0675,2.9902,3.4334,8.119701698408655,0.7360049918518692,2.32987204777446,1.3011199075434436,ok,1399.0,,2.4330834710000318,0.007205804600001405
office,2021-03-24,2021-03-25,1,,vae_shared,12.0,2,3.2337,1.1038,9.5357,8.119701698408655,0.7360049918518692,2.9230262845161215,1.6323676197967913,ok,1399.0,,2.4330834710000318,0.007205804600001405
office,2021-03-24,2021-03-25,1,,vae_shared,13.0,2,2.5268,2.7475,8.7278,8.119701698408655,0.7360049918518692,4.881418495652572,2.7260341561723225,ok,1399.0,,2.4330834710000318,0.007205804600001405
office,2021-03-24,2021-03-25,1,,vae_shared,14.0,2,1.4489,1.5873,4.9481,8.119701698408655,0.7360049918518692,1.2653376142197552,0.7066293452455817,ok,1399.0,,2.4330834710000318,0.007205804600001405
office,2021-03-24,2021-03-25,1,1.0,,,2,,,,,,,,insufficient_volume,,,,
office,2021-03-24,2021-03-25,1,4.0,,,2,,,,,,,,insufficient_volume,,,,
office,2021-03-24,2021-03-25,1,16.0,persistence,0.0,2,2.225,1.7869,6.527,6.552835555555555,0.7963524691358037,1.8574605976782694,1.0373011528359657,ok,24.0,16.0,0.0009752160000289223,0.006351168866672197
office,2021-03-24,2021-03-25,1,16.0,persistence,1.0,2,1.4,1.2422,4.0625,6.552835555555555,0.7963524691358037,0.9108232170833082,0.5086503446109315,ok,24.0,16.0,0.0009752160000289223,0.006351168866672197
office,2021-03-24,2021-03-25,1,16.0,persistence,2.0,2,2.2083,3.1892,6.8365,6.552835555555555,0.7963524691358037,1.8505039025464873,1.0334161778926771,ok,24.0,16.0,0.0009752160000289223,0.006351168866672197
office,2021-03-24,2021-03-25,1,16.0,persistence,3.0,2,1.5833,1.9521,9.2225,6.552835555555555,0.7963524691358037,1.8722739020729422,1.0455736608746884,ok,24.0,16.0,0.0009752160000289223,0.006351168866672197
office,2021-03-24,2021-03-25,1,16.0,persistence,4.0,2,1.325,1.0522,1.623,6.552835555555555,0.7963524691358037,1.5087558672906223,0.8425665677348969,ok,24.0,16.0,0.0009752160000289223,0.006351168866672197
office,2021-03-24,2021-03-25,1,16.0,persistence,5.0,2,1.4083,1.1918,6.0915,6.552835555555555,0.7963524691358037,1.4209954928484794,0.7935566788059266,ok,24.0,16.0,0.0009752160000289223,0.006351168866672197
office,2021-03-24,2021-03-25,1,16.0,persistence,6.0,2,1.6333,3.1786,11.984,6.552835555555555,0.7963524691358037,2.1405896917311185,1.1954149432601182,ok,24.0,16.0,0.0009752160000289223,0.006351168866672197
office,2021-03-24,2021-03-25,1,16.0,persistence,7.0,2,2.2333,2.0236,6.902,6.552835555555555,0.7963524691358037,1.7681631013650554,0.987432856309599,ok,24.0,16.0,0.0009752160000289223,0.006351168866672197
office,2021-03-24,2021-03-25,1,16.0,persistence,8.0,2,1.625,3.3618,5.0045,6.552835555555555,0.7963524691358037,1.7537017344877486,0.9793568882098371,ok,24.0,16.0,0.0009752160000289223,0.006351168866672197
office,2021-03-24,2021-03-25,1,16.0,persistence,9.0,2,1.225,2.6172,6.839,6.552835555555555,0.7963524691358037,1.5205709799433853,0.8491647319117936,ok,24.0,16.0,0.0009752160000289223,0.006351168866672197
office,2021-03-24,2021-03-25,1,16.0,persistence,10.0,2,0.6667,1.1053,3.742,6.552835555555555,0.7963524691358037,0.9562954050812871,0.5340443438652012,ok,24.0,16.0,0.0009752160000289223,0.006351168866672197
office,2021-03-24,2021-03-25,1,16.0,persistence,11.0,2,0.65,0.2426,8.264,6.552835555555555,0.7963524691358037,1.0522480140655888,0.5876291962391597,ok,24.0,16.0,0.0009752160000289223,0.006351168866672197
office,2021-03-24,2021-03-25,1,16.0,persistence,12.0,2,1.6583,3.1983,9.1725,6.552835555555555,0.7963524691358037,1.9206250759488528,1.07257543332959,ok,24.0,16.0,0.0009752160000289223,0.006351168866672197
office,2021-03-24,2021-03-25,1,16.0,persistence,13.0,2,1.2333,2.3956,5.0545,6.552835555555555,0.7963524691358037,1.481284369868312,0.8272250762481265,ok,24.0,16.0,0.0009752160000289223,0.006351168866672197
office,2021-03-24,2021-03-25,1,16.0,persistence,14.0,2,1.15,1.0479,4.4685,6.552835555555555,0.7963524691358037,1.0674739435976732,0.5961321352928182,ok,24.0,16.0,0.0009752160000289223,0.006351168866672197
office,2021-03-24,2021-03-25,1,16.0,vae_percell,0.0,2,0.3261,4.0392,12.2427,6.463937910497485,0.9719395083031266,2.3656445484528072,1.3210971044971,ok,24.0,16.0,0.3063021350000099,0.0074414274666651185
office,2021-03-24,2021-03-25,1,16.0,vae_percell,1.0,2,2.3724,8.9421,8.2118,6.463937910497485,0.9719395083031266,2.967546700601774,1.6572301008572823,ok,24.0,16.0,0.3063021350000099,0.0074414274666651185
office,2021-03-24,2021-03-25,1,16.0,vae_percell,2.0,2,0.8394,0.8031,6.601,6.463937910497485,0.9719395083031266,0.981139098078843,0.5479183347424663,ok,24.0,16.0,0.3063021350000099,0.0074414274666651185
office,2021-03-24,2021-03-25,1,16.0,vae_percell,3.0,2,1.3623,4.137,14.6012,6.463937910497485,0.9719395083031266,3.072499920671284,1.7158413555498606,ok,24.0,16.0,0.3063021350000099,0.0074414274666651185
office,2021-03-24,2021-03-25,1,16.0,vae_percell,4.0,2,0.6909,3.9889,14.4572,6.463937910497485,0.9719395083031266,2.596925612062734,1.4502562986202907,ok,24.0,16.0,0.3063021350000099,0.0074414274666651185
office,2021-03-24,2021-03-25,1,16.0,vae_percell,5.0,2,2.0023,3.3975,8.5237,6.463937910497485,0.9719395083031266,2.335350831566625,1.3041795410833719,ok,24.0,16.0,0.3063021350000099,0.0074414274666651185
office,2021-03-24,2021-03-25,1,16.0,vae_percell,6.0,2,3.5912,3.2401,16.1361,6.463937910497485,0.9719395083031266,3.0437905681094444,1.6998085823396,ok,24.0,16.0,0.3063021350000099,0.0074414274666651185
office,2021-03-24,2021-03-25,1,16.0,vae_percell,7.0,2,2.7176,1.8009,1.286,6.463937910497485,0.9719395083031266,2.1647482093373522,1.2089062970982978,ok,24.0,16.0,0.3063021350000099,0.0074414274666651185
office,2021-03-24,2021-03-25,1,16.0,vae_percell,8.0,2,3.3786,0.8705,7.3256,6.463937910497485,0.9719395083031266,3.505893481144017,1.957870521860024,ok,24.0,16.0,0.3063021350000099,0.0074414274666651185
office,2021-03-24,2021-03-25,1,16.0,vae_percell,9.0,2,2.1121,4.8042,14.8864,6.463937910497485,0.9719395083031266,2.495887775415938,1.3938315946105384,ok,24.0,16.0,0.3063021350000099,0.0074414274666651185
office,2021-03-24,2021-03-25,1,16.0,vae_percell,10.0,2,2.1201,1.8269,23.819,6.463937910497485,0.9719395083031266,2.536560284295885,1.4165452071644926,ok,24.0,16.0,0.3063021350000099,0.0074414274666651185
office,2021-03-24,2021-03-25,1,16.0,vae_percell,11.0,2,2.6515,3.0696,2.9953,6.463937910497485,0.9719395083031266,3.3493953886125847,1.8704739698134314,ok,24.0,16.0,0.3063021350000099,0.0074414274666651185
office,2021-03-24,2021-03-25,1,16.0,vae_percell,12.0,2,4.8294,6.8889,8.9608,6.463937910497485,0.9719395083031266,2.6273911576903095,1.4672698200057572,ok,24.0,16.0,0.3063021350000099,0.0074414274666651185
office,2021-03-24,2021-03-25,1,16.0,vae_percell,13.0,2,3.1833,3.4048,6.6735,6.463937910497485,0.9719395083031266,5.375967864020182,3.002215858536959,ok,24.0,16.0,0.3063021350000099,0.0074414274666651185
office,2021-03-24,2021-03-25,1,16.0,vae_percell,14.0,2,0.8827,6.4377,9.2228,6.463937910497485,0.9719395083031266,2.440841416575436,1.3630908878865056,ok,24.0,16.0,0.3063021350000099,0.0074414274666651185
office,2021-03-24,2021-03-26,2,,vae_shared,0.0,4,1.759,2.0403,4.8538,11.142792575155362,0.5098704079534477,2.0189660982464885,0.6319389954995074,ok,1399.0,,2.4330834710000318,0.007508326533328121
office,2021-03-24,2021-03-26,2,,vae_shared,1.0,4,1.4594,1.8361,7.1376,11.142792575155362,0.5098704079534477,5.259371121667324,1.646189951615423,ok,1399.0,,2.4330834710000318,0.007508326533328121
office,2021-03-24,2021-03-26,2,,vae_shared,2.0,4,2.5646,2.5704,10.019,11.142792575155362,0.5098704079534477,3.8319383204323967,1.1994016418271127,ok,1399.0,,2.4330834710000318,0.007508326533328121
office,2021-03-24,2021-03-26,2,,vae_shared,3.0,4,2.5284,1.535,6.8304,11.142792575155362,0.5098704079534477,3.395299255706916,1.0627330508100994,ok,1399.0,,2.4330834710000318,0.007508326533328121
office,2021-03-24,2021-03-26,2,,vae_shared,4.0,4,0.6325,2.7093,11.3553,11.142792575155362,0.5098704079534477,3.7029319319297587,1.1590224756617267,ok,1399.0,,2.4330834710000318,0.007508326533328121
office,2021-03-24,2021-03-26,2,,vae_shared,5.0,4,3.3358,7.3672,28.0226,11.142792575155362,0.5098704079534477,6.139637938498773,1.9217146018228488,ok,1399.0,,2.4330834710000318,0.007508326533328121
office,2021-03-24,2021-03-26,2,,vae_shared,6.0,4,1.5849,1.6977,3.1978,11.142792575155362,0.5098704079534477,2.797250536292349,0.875543029474502,ok,1399.0,,2.4330834710000318,0.007508326533328121
office,2021-03-24,2021-03-26,2,,vae_shared,7.0,4,1.5632,1.542,10.0471,11.142792575155362,0.5098704079534477,3.309105226269382,1.035754208308426,ok,1399.0,,2.4330834710000318,0.007508326533328121
office,2021-03-24,2021-03-26,2,,vae_shared,8.0,4,2.0535,1.5929,16.3838,11.142792575155362,0.5098704079534477,8.164689551072568,2.555558371163995,ok,1399.0,,2.4330834710000318,0.007508326533328121
office,2021-03-24,2021-03-26,2,,vae_shared,9.0,4,2.451,0.7871,6.4937,11.142792575155362,0.5098704079534477,4.295574483404289,1.3445203594520254,ok,1399.0,,2.4330834710000318,0.007508326533328121
office,2021-03-24,2021-03-26,2,,vae_shared,10.0,4,1.692,3.3931,10.3459,11.142792575155362,0.5098704079534477,3.942135917783004,1.2338936320773128,ok,1399.0,,2.4330834710000318,0.007508326533328121
office,2021-03-24,2021-03-26,2,,vae_shared,11.0,4,0.6548,0.6159,6.1567,11.142792575155362,0.5098704079534477,1.9969331389765266,0.6250426508005874,ok,1399.0,,2.4330834710000318,0.007508326533328121
office,2021-03-24,2021-03-26,2,,vae_shared,12.0,4,2.0952,2.3494,2.7918,11.142792575155362,0.5098704079534477,3.035378048560662,0.9500772482681363,ok,1399.0,,2.4330834710000318,0.007508326533328121
office,2021-03-24,2021-03-26,2,,vae_shared,13.0,4,1.6202,1.4616,30.7793,11.142792575155362,0.5098704079534477,7.589248878015266,2.375444697528156,ok,1399.0,,2.4330834710000318,0.007508326533328121
office,2021-03-24,2021-03-26,2,,vae_shared,14.0,4,1.5185,1.1831,3.0392,11.142792575155362,0.5098704079534477,2.4148101368701647,0.7558386906749607,ok,1399.0,,2.4330834710000318,0.007508326533328121
office,2021-03-24,2021-03-26,2,1.0,,,4,,,,,,,,insufficient_volume,,,,
office,2021-03-24,2021-03-26,2,4.0,persistence,0.0,4,1.4083,1.3131,2.046,6.392360000000005,0.3930151234567923,2.447838336316547,0.7661765597453882,ok,11.0,4.0,0.0010099790000595021,0.005747109200001432
office,2021-03-24,2021-03-26,2,4.0,persistence,1.0,4,1.7125,1.0338,6.9042,6.392360000000005,0.3930151234567923,1.8144572907518244,0.5679274747061542,ok,11.0,4.0,0.0010099790000595021,0.005747109200001432
office,2021-03-24,2021-03-26,2,4.0,persistence,2.0,4,2.1958,1.1455,3.2,6.392360000000005,0.3930151234567923,1.4835361416740878,0.46434872778249164,ok,11.0,4.0,0.0010099790000595021,0.005747109200001432
office,2021-03-24,2021-03-26,2,4.0,persistence,3.0,4,1.875,1.526,5.3072,6.392360000000005,0.3930151234567923,1.7710425521561863,0.5543386054716339,ok,11.0,4.0,0.0010099790000595021,0.005747109200001432
office,2021-03-24,2021-03-26,2,4.0,persistence,4.0,4,1.6125,0.6047,5.6693,6.392360000000005,0.3930151234567923,3.104821554093048,0.9718131551603892,ok,11.0,4.0,0.0010099790000595021,0.005747109200001432
office,2021-03-24,2021-03-26,2,4.0,persistence,5.0,4,1.6625,1.1662,10.6028,6.392360000000005,0.3930151234567923,2.5121442628358097,0.7863043977732493,ok,11.0,4.0,0.0010099790000595021,0.005747109200001432
office,2021-03-24,2021-03-26,2,4.0,persistence,6.0,4,2.2417,1.1705,9.7727,6.392360000000005,0.3930151234567923,2.860305354397754,0.8952792689534815,ok,11.0,4.0,0.0010099790000595021,0.005747109200001432
office,2021-03-24,2021-03-26,2,4.0,persistence,7.0,4,2.1667,0.6953,5.3143,6.392360000000005,0.3930151234567923,2.9161407068567646,0.9127558063638687,ok,11.0,4.0,0.0010099790000595021,0.005747109200001432
office,2021-03-24,2021-03-26,2,4.0,persistence,8.0,4,1.6042,0.6668,3.8475,6.392360000000005,0.3930151234567923,2.1774804183272467,0.6815541823474305,ok,11.0,4.0,0.0010099790000595021,0.005747109200001432
office,2021-03-24,2021-03-26,2,4.0,persistence,9.0,4,1.4208,0.2044,8.314,6.392360000000005,0.3930151234567923,1.8167387021139432,0.5686415594080968,ok,11.0,4.0,0.0010099790000595021,0.005747109200001432
office,2021-03-24,2021-03-26,2,4.0,persistence,10.0,4,1.8792,1.3456,9.5712,6.392360000000005,0.3930151234567923,2.902846594531205,0.908594732041537,ok,11.0,4.0,0.0010099790000595021,0.005747109200001432
office,2021-03-24,2021-03-26,2,4.0,persistence,11.0,4,2.5917,1.9453,6.0057,6.392360000000005,0.3930151234567923,1.685801103588915,0.5276579220122588,ok,11.0,4.0,0.0010099790000595021,0.005747109200001432
office,2021-03-24,2021-03-26,2,4.0,persistence,12.0,4,1.9792,0.494,2.551,6.392360000000005,0.3930151234567923,2.1518808167735353,0.6735414740086969,ok,11.0,4.0,0.0010099790000595021,0.005747109200001432
office,2021-03-24,2021-03-26,2,4.0,persistence,13.0,4,2.1417,1.3076,9.8893,6.392360000000005,0.3930151234567923,2.3286775754078666,0.7288790877288992,ok,11.0,4.0,0.0010099790000595021,0.005747109200001432
office,2021-03-24,2021-03-26,2,4.0,persistence,14.0,4,1.2958,0.6508,5.684,6.392360000000005,0.3930151234567923,1.612627339148905,0.5047544392656693,ok,11.0,4.0,0.0010099790000595021,0.005747109200001432
office,2021-03-24,2021-03-26,2,4.0,vae_percell,0.0,4,1.5802,0.4601,6.4108,7.820357933423125,0.3423948075557841,2.4306273236522933,0.7607894905598165,ok,11.0,4.0,0.3004420879999543,0.007276749466662598
office,2021-03-24,2021-03-26,2,4.0,vae_percell,1.0,4,1.77,0.4911,16.4188,7.820357933423125,0.3423948075557841,7.305163467423001,2.286525597221488,ok,11.0,4.0,0.3004420879999543,0.007276749466662598
office,2021-03-24,2021-03-26,2,4.0,vae_percell,2.0,4,2.134,0.9538,6.9741,7.820357933423125,0.3423948075557841,2.6638138119384824,0.8337771624675403,ok,11.0,4.0,0.3004420879999543,0.007276749466662598
office,2021-03-24,2021-03-26,2,4.0,vae_percell,3.0,4,1.3426,0.9069,7.417,7.820357933423125,0.3423948075557841,1.795300746661819,0.5619314516723876,ok,11.0,4.0,0.3004420879999543,0.007276749466662598
office,2021-03-24,2021-03-26,2,4.0,vae_percell,4.0,4,2.4605,1.029,5.1469,7.820357933423125,0.3423948075557841,1.850974302687826,0.5793573465903443,ok,11.0,4.0,0.3004420879999543,0.007276749466662598
office,2021-03-24,2021-03-26,2,4.0,vae_percell,5.0,4,1.604,3.1892,5.7472,7.820357933423125,0.3423948075557841,1.5949984340337935,0.49923656920342535,ok,11.0,4.0,0.3004420879999543,0.007276749466662598
office,2021-03-24,2021-03-26,2,4.0,vae_percell,6.0,4,1.6538,1.2886,7.392,7.820357933423125,0.3423948075557841,2.9845442465951026,0.9341662026198531,ok,11.0,4.0,0.3004420879999543,0.007276749466662598
office,2021-03-24,2021-03-26,2,4.0,vae_percell,7.0,4,1.5316,2.3498,7.9197,7.820357933423125,0.3423948075557841,2.6644750796318775,0.8339841401093557,ok,11.0,4.0,0.3004420879999543,0.007276749466662598
office,2021-03-24,2021-03-26,2,4.0,vae_percell,8.0,4,1.5463,1.8399,2.9471,7.820357933423125,0.3423948075557841,1.5627025724445363,0.4891279228278216,ok,11.0,4.0,0.3004420879999543,0.007276749466662598
office,2021-03-24,2021-03-26,2,4.0,vae_percell,9.0,4,2.3189,0.9129,7.2648,7.820357933423125,0.3423948075557841,2.98239447367545,0.9334933209203647,ok,11.0,4.0,0.3004420879999543,0.007276749466662598
office,2021-03-24,2021-03-26,2,4.0,vae_percell,10.0,4,1.5324,1.2043,6.4941,7.820357933423125,0.3423948075557841,1.9303854114826149,0.604213126173204,ok,11.0,4.0,0.3004420879999543,0.007276749466662598
office,2021-03-24,2021-03-26,2,4.0,vae_percell,11.0,4,1.9659,1.1877,7.2687,7.820357933423125,0.3423948075557841,3.0691468574057064,0.9606469290365685,ok,11.0,4.0,0.3004420879999543,0.007276749466662598
office,2021-03-24,2021-03-26,2,4.0,vae_percell,12.0,4,1.9578,1.2976,8.5271,7.820357933423125,0.3423948075557841,4.636959178001278,1.4513742096330149,ok,11.0,4.0,0.3004420879999543,0.007276749466662598
office,2021-03-24,2021-03-26,2,4.0,vae_percell,13.0,4,1.5794,0.7867,16.474,7.820357933423125,0.3423948075557841,6.0690082569755965,1.8996074203139708,ok,11.0,4.0,0.3004420879999543,0.007276749466662598
office,2021-03-24,2021-03-26,2,4.0,vae_percell,14.0,4,2.2783,2.2094,5.1416,7.820357933423125,0.3423948075557841,2.2460692911761186,0.7030225881063011,ok,11.0,4.0,0.3004420879999543,0.007276749466662598
office,2021-03-24,2021-03-26,2,16.0,persistence,0.0,4,2.1833,2.2007,2.8188,4.7732088888888935,0.6241743827160511,2.503223391318056,0.7835121534701847,ok,25.0,16.0,0.0009340939999447073,0.005678127000002557
office,2021-03-24,2021-03-26,2,16.0,persistence,1.0,4,2.1292,1.8855,3.4175,4.7732088888888935,0.6241743827160511,1.294148611055475,0.40507018617488166,ok,25.0,16.0,0.0009340939999447073,0.005678127000002557
office,2021-03-24,2021-03-26,2,16.0,persistence,2.0,4,2.1667,1.4682,8.2317,4.7732088888888935,0.6241743827160511,2.7024699420025993,0.8458765810877107,ok,25.0,16.0,0.0009340939999447073,0.005678127000002557
office,2021-03-24,2021-03-26,2,16.0,persistence,3.0,4,1.5625,1.6692,5.682,4.7732088888888935,0.6241743827160511,1.6308192667418464,0.5104485360904093,ok,25.0,16.0,0.0009340939999447073,0.005678127000002557
office,2021-03-24,2021-03-26,2,16.0,persistence,4.0,4,1.9292,1.3196,5.1473,4.7732088888888935,0.6241743827160511,0.9874879312658998,0.3090849974618412,ok,25.0,16.0,0.0009340939999447073,0.005678127000002557
office,2021-03-24,2021-03-26,2,16.0,persistence,5.0,4,1.6542,1.2387,4.8397,4.7732088888888935,0.6241743827160511,2.632384319120782,0.8239396906360287,ok,25.0,16.0,0.0009340939999447073,0.005678127000002557
office,2021-03-24,2021-03-26,2,16.0,persistence,6.0,4,2.3917,2.2158,3.3018,4.7732088888888935,0.6241743827160511,1.62203104587396,0.5076978116120224,ok,25.0,16.0,0.0009340939999447073,0.005678127000002557
office,2021-03-24,2021-03-26,2,16.0,persistence,7.0,4,1.9792,0.6351,4.9912,4.7732088888888935,0.6241743827160511,1.586705627632589,0.4966409100927546,ok,25.0,16.0,0.0009340939999447073,0.005678127000002557
office,2021-03-24,2021-03-26,2,16.0,persistence,8.0,4,1.8208,1.5219,4.095,4.7732088888888935,0.6241743827160511,2.05491704828937,0.6431916892802911,ok,25.0,16.0,0.0009340939999447073,0.005678127000002557
office,2021-03-24,2021-03-26,2,16.0,persistence,9.0,4,1.5958,0.8485,4.5483,4.7732088888888935,0.6241743827160511,2.822196877005149,0.8833512663265852,ok,25.0,16.0,0.0009340939999447073,0.005678127000002557
office,2021-03-24,2021-03-26,2,16.0,persistence,10.0,4,2.4333,1.5054,4.3855,4.7732088888888935,0.6241743827160511,2.2031630028782945,0.6895928644714722,ok,25.0,16.0,0.0009340939999447073,0.005678127000002557
office,2021-03-24,2021-03-26,2,16.0,persistence,11.0,4,2.1708,2.3821,4.3403,4.7732088888888935,0.6241743827160511,1.999878445738567,0.625964535619881,ok,25.0,16.0,0.0009340939999447073,0.005678127000002557
office,2021-03-24,2021-03-26,2,16.0,persistence,12.0,4,1.8583,1.8012,4.1547,4.7732088888888935,0.6241743827160511,2.0438891725037123,0.6397399499209554,ok,25.0,16.0,0.0009340939999447073,0.005678127000002557
office,2021-03-24,2021-03-26,2,16.0,persistence,13.0,4,2.0292,1.3138,9.5128,4.7732088888888935,0.6241743827160511,3.3570808213793195,1.050770631520582,ok,25.0,16.0,0.0009340939999447073,0.005678127000002557
office,2021-03-24,2021-03-26,2,16.0,persistence,14.0,4,1.9458,1.6875,5.715,4.7732088888888935,0.6241743827160511,2.1103651701717956,0.660547023020242,ok,25.0,16.0,0.0009340939999447073,0.005678127000002557
office,2021-03-24,2021-03-26,2,16.0,vae_percell,0.0,4,1.683,1.0596,12.6176,12.351957575606512,0.9225708046532105,4.338475949667463,1.3579485737837829,ok,25.0,16.0,0.29588319999993473,0.007275670866662646
office,2021-03-24,2021-03-26,2,16.0,vae_percell,1.0,4,1.87,0.6525,15.5184,12.351957575606512,0.9225708046532105,6.607752277322332,2.0682349942712412,ok,25.0,16.0,0.29588319999993473,0.007275670866662646
office,2021-03-24,2021-03-26,2,16.0,vae_percell,2.0,4,1.5438,1.7284,6.6918,12.351957575606512,0.9225708046532105,1.8835161420962239,0.5895429843409286,ok,25.0,16.0,0.29588319999993473,0.007275670866662646
office,2021-03-24,2021-03-26,2,16.0,vae_percell,3.0,4,1.5906,2.4347,7.7151,12.351957575606512,0.9225708046532105,2.384131052548205,0.7462360976714911,ok,25.0,16.0,0.29588319999993473,0.007275670866662646
office,2021-03-24,2021-03-26,2,16.0,vae_percell,4.0,4,2.1626,2.2778,5.3724,12.351957575606512,0.9225708046532105,1.3628645972951425,0.42657837858919134,ok,25.0,16.0,0.29588319999993473,0.007275670866662646
office,2021-03-24,2021-03-26,2,16.0,vae_percell,5.0,4,2.6305,4.4815,10.5295,12.351957575606512,0.9225708046532105,2.7574070997499347,0.863071982393657,ok,25.0,16.0,0.29588319999993473,0.007275670866662646
office,2021-03-24,2021-03-26,2,16.0,vae_percell,6.0,4,1.8548,1.2841,5.354,12.351957575606512,0.9225708046532105,2.8553394762617677,0.893724942685322,ok,25.0,16.0,0.29588319999993473,0.007275670866662646
office,2021-03-24,2021-03-26,2,16.0,vae_percell,7.0,4,2.2157,2.8768,6.1995,12.351957575606512,0.9225708046532105,2.3510516139772104,0.7358821906889035,ok,25.0,16.0,0.29588319999993473,0.007275670866662646
office,2021-03-24,2021-03-26,2,16.0,vae_percell,8.0,4,1.6017,1.4027,13.2488,12.351957575606512,0.9225708046532105,6.371827406045322,1.9943902049517814,ok,25.0,16.0,0.29588319999993473,0.007275670866662646
office,2021-03-24,2021-03-26,2,16.0,vae_percell,9.0,4,2.0831,0.8954,5.8275,12.351957575606512,0.9225708046532105,2.4383857633755586,0.7632178922103553,ok,25.0,16.0,0.29588319999993473,0.007275670866662646
office,2021-03-24,2021-03-26,2,16.0,vae_percell,10.0,4,2.3872,1.9286,6.8808,12.351957575606512,0.9225708046532105,2.690715039081274,0.8421972812962243,ok,25.0,16.0,0.29588319999993473,0.007275670866662646
office,2021-03-24,2021-03-26,2,16.0,vae_percell,11.0,4,1.4948,2.022,6.9485,12.351957575606512,0.9225708046532105,1.6308952554822123,0.5104723206642552,ok,25.0,16.0,0.29588319999993473,0.007275670866662646
office,2021-03-24,2021-03-26,2,16.0,vae_percell,12.0,4,1.5863,1.3184,9.5979,12.351957575606512,0.9225708046532105,2.3437448074873757,0.7335951508235458,ok,25.0,16.0,0.29588319999993473,0.007275670866662646
office,2021-03-24,2021-03-26,2,16.0,vae_percell,13.0,4,1.6508,0.8402,19.9862,12.351957575606512,0.9225708046532105,5.828510403709963,1.8243312817277557,ok,25.0,16.0,0.29588319999993473,0.007275670866662646
office,2021-03-24,2021-03-26,2,16.0,vae_percell,14.0,4,2.4496,3.1732,5.7231,12.351957575606512,0.9225708046532105,2.048812628252392,0.6412809979271152,ok,25.0,16.0,0.29588319999993473,0.007275670866662646
office,2021-03-24,2021-03-27,3,,,,0,,,,,,,,no_target_sessions,,,,
office,2021-03-31,2021-04-01,1,,vae_shared,0.0,1,5.3964,9.3968,0.2152,1.9341947098652597,0.6172356217906327,0.754525785055768,1.612808945612614,ok,1412.0,,2.279550849999964,0.0072557451999955445
office,2021-03-31,2021-04-01,1,,vae_shared,1.0,1,0.2539,2.1526,6.2298,1.9341947098652597,0.6172356217906327,1.4362109956924713,3.0699201902938467,ok,1412.0,,2.279550849999964,0.0072557451999955445
office,2021-03-31,2021-04-01,1,,vae_shared,2.0,1,0.7423,0.2381,9.8686,1.9341947098652597,0.6172356217906327,0.9171170646848393,1.9603499779512061,ok,1412.0,,2.279550849999964,0.0072557451999955445
office,2021-03-31,2021-04-01,1,,vae_shared,3.0,1,5.2309,1.0198,6.4801,1.9341947098652597,0.6172356217906327,1.046046679054146,2.235938751095431,ok,1412.0,,2.279550849999964,0.0072557451999955445
office,2021-03-31,2021-04-01,1,,vae_shared,4.0,1,2.3223,1.7395,2.6807,1.9341947098652597,0.6172356217906327,0.8424831197421639,1.8008189235671475,ok,1412.0,,2.279550849999964,0.0072557451999955445
office,2021-03-31,2021-04-01,1,,vae_shared,5.0,1,6.1148,0.0349,10.9743,1.9341947098652597,0.6172356217906327,2.1390271940365153,4.572199203498073,ok,1412.0,,2.279550849999964,0.0072557451999955445
office,2021-03-31,2021-04-01,1,,vae_shared,6.0,1,0.9491,1.7052,6.9403,1.9341947098652597,0.6172356217906327,0.9412884688222809,2.0120166772118577,ok,1412.0,,2.279550849999964,0.0072557451999955445
office,2021-03-31,2021-04-01,1,,vae_shared,7.0,1,0.6093,2.2326,10.2749,1.9341947098652597,0.6172356217906327,0.902171414243263,1.92840345046654,ok,1412.0,,2.279550849999964,0.0072557451999955445
office,2021-03-31,2021-04-01,1,,vae_shared,8.0,1,0.3638,1.4894,4.5223,1.9341947098652597,0.6172356217906327,0.5861211920060734,1.2528418781747204,ok,1412.0,,2.279550849999964,0.0072557451999955445
office,2021-03-31,2021-04-01,1,,vae_shared,9.0,1,0.2971,0.5467,0.4253,1.9341947098652597,0.6172356217906327,0.310193597222723,0.6630429580820584,ok,1412.0,,2.279550849999964,0.0072557451999955445
office,2021-03-31,2021-04-01,1,,vae_shared,10.0,1,2.3,1.9885,7.5309,1.9341947098652597,0.6172356217906327,0.7173043455312657,1.5332476213707138,ok,1412.0,,2.279550849999964,0.0072557451999955445
office,2021-03-31,2021-04-01,1,,vae_shared,11.0,1,1.8183,2.9679,14.2036,1.9341947098652597,0.6172356217906327,1.513521172700832,3.2351717264713185,ok,1412.0,,2.279550849999964,0.0072557451999955445
office,2021-03-31,2021-04-01,1,,vae_shared,12.0,1,0.0195,4.8258,2.148,1.9341947098652597,0.6172356217906327,0.6666667117051649,1.425009002576056,ok,1412.0,,2.279550849999964,0.0072557451999955445
office,2021-03-31,2021-04-01,1,,vae_shared,13.0,1,1.2805,0.0204,6.6913,1.9341947098652597,0.6172356217906327,0.6867768482565345,1.467994688115143,ok,1412.0,,2.279550849999964,0.0072557451999955445
office,2021-03-31,2021-04-01,1,,vae_shared,14.0,1,2.2361,4.3716,1.5242,1.9341947098652597,0.6172356217906327,2.581897393710594,5.518840171807468,ok,1412.0,,2.279550849999964,0.0072557451999955445
office,2021-03-31,2021-04-01,1,1.0,,,1,,,,,,,,insufficient_volume,,,,
office,2021-03-31,2021-04-01,1,4.0,,,1,,,,,,,,insufficient_volume,,,,
office,2021-03-31,2021-04-01,1,16.0,persistence,0.0,1,2.0,0.2286,3.39,2.8409999999999993,0.8204481481481434,0.956716609412063,2.044994533834121,ok,24.0,16.0,0.0009319890000369924,0.005524816066667881
office,2021-03-31,2021-04-01,1,16.0,persistence,1.0,1,11.95,8.7575,21.626,2.8409999999999993,0.8204481481481434,1.8217915350492464,3.894103744316166,ok,24.0,16.0,0.0009319890000369924,0.005524816066667881
office,2021-03-31,2021-04-01,1,16.0,persistence,2.0,1,2.0,0.2286,3.39,2.8409999999999993,0.8204481481481434,0.956716609412063,2.044994533834121,ok,24.0,16.0,0.0009319890000369924,0.005524816066667881
office,2021-03-31,2021-04-01,1,16.0,persistence,3.0,1,0.65,2.2711,0.823,2.8409999999999993,0.8204481481481434,0.9853374877272204,2.106172043592206,ok,24.0,16.0,0.0009319890000369924,0.005524816066667881
office,2021-03-31,2021-04-01,1,16.0,persistence,4.0,1,1.2333,3.9253,1.239,2.8409999999999993,0.8204481481481434,0.604178416499857,1.291439436764924,ok,24.0,16.0,0.0009319890000369924,0.005524816066667881
office,2021-03-31,2021-04-01,1,16.0,persistence,5.0,1,0.5,0.7828,24.614,2.8409999999999993,0.8204481481481434,2.051332715721899,4.384751084549837,ok,24.0,16.0,0.0009319890000369924,0.005524816066667881
office,2021-03-31,2021-04-01,1,16.0,persistence,6.0,1,1.8,4.1281,0.702,2.8409999999999993,0.8204481481481434,0.5954373040120795,1.27275519204577,ok,24.0,16.0,0.0009319890000369924,0.005524816066667881
office,2021-03-31,2021-04-01,1,16.0,persistence,7.0,1,0.5,1.8536,1.996,2.8409999999999993,0.8204481481481434,0.5856431420303865,1.2518200399652009,ok,24.0,16.0,0.0009319890000369924,0.005524816066667881
office,2021-03-31,2021-04-01,1,16.0,persistence,8.0,1,1.2333,3.9253,1.239,2.8409999999999993,0.8204481481481434,0.604178416499857,1.291439436764924,ok,24.0,16.0,0.0009319890000369924,0.005524816066667881
office,2021-03-31,2021-04-01,1,16.0,persistence,9.0,1,1.8,4.1281,0.702,2.8409999999999993,0.8204481481481434,0.5954373040120795,1.27275519204577,ok,24.0,16.0,0.0009319890000369924,0.005524816066667881
office,2021-03-31,2021-04-01,1,16.0,persistence,10.0,1,1.9833,0.7019,9.588,2.8409999999999993,0.8204481481481434,1.3681677635558889,2.924476872581166,ok,24.0,16.0,0.0009319890000369924,0.005524816066667881
office,2021-03-31,2021-04-01,1,16.0,persistence,11.0,1,0.4,0.9489,15.158,2.8409999999999993,0.8204481481481434,1.5680759925846428,3.351783382795816,ok,24.0,16.0,0.0009319890000369924,0.005524816066667881
office,2021-03-31,2021-04-01,1,16.0,persistence,12.0,1,1.75,1.0564,9.576,2.8409999999999993,0.8204481481481434,1.2888352510950498,2.754902567356715,ok,24.0,16.0,0.0009319890000369924,0.005524816066667881
office,2021-03-31,2021-04-01,1,16.0,persistence,13.0,1,2.8333,0.4586,10.576,2.8409999999999993,0.8204481481481434,0.9405813124483894,2.0105051210154383,ok,24.0,16.0,0.0009319890000369924,0.005524816066667881
office,2021-03-31,2021-04-01,1,16.0,persistence,14.0,1,0.4,0.9489,15.158,2.8409999999999993,0.8204481481481434,1.5680759925846428,3.351783382795816,ok,24.0,16.0,0.0009319890000369924,0.005524816066667881
office,2021-03-31,2021-04-01,1,16.0,vae_percell,0.0,1,3.9841,6.7562,5.3001,1.8796225347137883,0.9979964429210084,0.7715606747053068,1.6492212498154044,ok,24.0,16.0,0.3098683839999694,0.007325807533334228
office,2021-03-31,2021-04-01,1,16.0,vae_percell,1.0,1,0.436,3.549,10.65,1.8796225347137883,0.9979964429210084,2.4801741851725216,5.3014054545903555,ok,24.0,16.0,0.3098683839999694,0.007325807533334228
office,2021-03-31,2021-04-01,1,16.0,vae_percell,2.0,1,0.4898,0.3787,4.7414,1.8796225347137883,0.9979964429210084,0.5159292170799722,1.1028055940434032,ok,24.0,16.0,0.3098683839999694,0.007325807533334228
office,2021-03-31,2021-04-01,1,16.0,vae_percell,3.0,1,6.1178,3.0911,1.8978,1.8796225347137883,0.9979964429210084,1.1635255402340414,2.487051386321428,ok,24.0,16.0,0.3098683839999694,0.007325807533334228
office,2021-03-31,2021-04-01,1,16.0,vae_percell,4.0,1,1.1388,1.2849,1.305,1.8796225347137883,0.9979964429210084,0.6454994942860459,1.3797637925601265,ok,24.0,16.0,0.3098683839999694,0.007325807533334228
office,2021-03-31,2021-04-01,1,16.0,vae_percell,5.0,1,6.0535,4.3598,33.4222,1.8796225347137883,0.9979964429210084,3.052765779739764,6.525327637491479,ok,24.0,16.0,0.3098683839999694,0.007325807533334228
office,2021-03-31,2021-04-01,1,16.0,vae_percell,6.0,1,3.6952,4.0657,7.0186,1.8796225347137883,0.9979964429210084,0.8721956708374712,1.8643298984769598,ok,24.0,16.0,0.3098683839999694,0.007325807533334228
office,2021-03-31,2021-04-01,1,16.0,vae_percell,7.0,1,2.6519,0.2546,8.3546,1.8796225347137883,0.9979964429210084,0.8732689805573949,1.8666241123421334,ok,24.0,16.0,0.3098683839999694,0.007325807533334228
office,2021-03-31,2021-04-01,1,16.0,vae_percell,8.0,1,0.4378,2.0147,4.3795,1.8796225347137883,0.9979964429210084,0.5586204924437105,1.194058765465715,ok,24.0,16.0,0.3098683839999694,0.007325807533334228
office,2021-03-31,2021-04-01,1,16.0,vae_percell,9.0,1,0.5115,0.2209,0.413,1.8796225347137883,0.9979964429210084,0.2846048139378311,0.6083465919583136,ok,24.0,16.0,0.3098683839999694,0.007325807533334228
office,2021-03-31,2021-04-01,1,16.0,vae_percell,10.0,1,4.3832,7.301,13.2256,1.8796225347137883,0.9979964429210084,1.6131411581781663,3.448110776298182,ok,24.0,16.0,0.3098683839999694,0.007325807533334228
office,2021-03-31,2021-04-01,1,16.0,vae_percell,11.0,1,3.5225,0.4124,7.4612,1.8796225347137883,0.9979964429210084,1.5287881189540968,3.267805028045807,ok,24.0,16.0,0.3098683839999694,0.007325807533334228
office,2021-03-31,2021-04-01,1,16.0,vae_percell,12.0,1,0.5841,7.7881,0.3173,1.8796225347137883,0.9979964429210084,0.7892652441584513,1.6870650035449617,ok,24.0,16.0,0.3098683839999694,0.007325807533334228
office,2021-03-31,2021-04-01,1,16.0,vae_percell,13.0,1,2.4838,1.9508,7.3273,1.8796225347137883,0.9979964429210084,0.7326533759525998,1.5660563789510504,ok,24.0,16.0,0.3098683839999694,0.007325807533334228
office,2021-03-31,2021-04-01,1,16.0,vae_percell,14.0,1,1.1654,5.0087,0.7578,1.8796225347137883,0.9979964429210084,2.346786287004491,5.016287040266101,ok,24.0,16.0,0.3098683839999694,0.007325807533334228
office,2021-03-31,2021-04-02,2,,vae_shared,0.0,4,1.567,0.6422,9.1611,11.155184142195708,0.3808144316859654,3.9951677873447546,1.5362090953645557,ok,1412.0,,2.279550849999964,0.007355149600001217
office,2021-03-31,2021-04-02,2,,vae_shared,1.0,4,1.4989,2.2189,3.4339,11.155184142195708,0.3808144316859654,4.841147684387847,1.861502570259362,ok,1412.0,,2.279550849999964,0.007355149600001217
office,2021-03-31,2021-04-02,2,,vae_shared,2.0,4,0.6027,2.4801,4.7119,11.155184142195708,0.3808144316859654,2.136494537467738,0.8215180226099993,ok,1412.0,,2.279550849999964,0.007355149600001217
office,2021-03-31,2021-04-02,2,,vae_shared,3.0,4,1.7751,1.6415,7.4267,11.155184142195708,0.3808144316859654,3.064299753650706,1.1782747066075516,ok,1412.0,,2.279550849999964,0.007355149600001217
office,2021-03-31,2021-04-02,2,,vae_shared,4.0,4,1.0069,2.7389,7.8673,11.155184142195708,0.3808144316859654,3.10981657000534,1.1957766867490414,ok,1412.0,,2.279550849999964,0.007355149600001217
office,2021-03-31,2021-04-02,2,,vae_shared,5.0,4,2.0653,6.1229,13.6522,11.155184142195708,0.3808144316859654,3.5609845148609476,1.3692583369114129,ok,1412.0,,2.279550849999964,0.007355149600001217
office,2021-03-31,2021-04-02,2,,vae_shared,6.0,4,2.0714,1.1016,14.0079,11.155184142195708,0.3808144316859654,5.79362541550556,2.227746250514827,ok,1412.0,,2.279550849999964,0.007355149600001217
office,2021-03-31,2021-04-02,2,,vae_shared,7.0,4,0.7199,0.8312,9.2809,11.155184142195708,0.3808144316859654,1.4161396194617928,0.5445294614695435,ok,1412.0,,2.279550849999964,0.007355149600001217
office,2021-03-31,2021-04-02,2,,vae_shared,8.0,4,0.9621,0.8862,17.3705,11.155184142195708,0.3808144316859654,7.454119740624674,2.8662341991635505,ok,1412.0,,2.279550849999964,0.007355149600001217
office,2021-03-31,2021-04-02,2,,vae_shared,9.0,4,0.9762,1.4572,4.6533,11.155184142195708,0.3808144316859654,2.8906856688105296,1.1115171759076632,ok,1412.0,,2.279550849999964,0.007355149600001217
office,2021-03-31,2021-04-02,2,,vae_shared,10.0,4,1.6286,1.9427,10.5597,11.155184142195708,0.3808144316859654,3.228045795655858,1.2412378091473435,ok,1412.0,,2.279550849999964,0.007355149600001217
office,2021-03-31,2021-04-02,2,,vae_shared,11.0,4,0.7038,2.2494,7.0171,11.155184142195708,0.3808144316859654,2.796975276660432,1.0754839566753776,ok,1412.0,,2.279550849999964,0.007355149600001217
office,2021-03-31,2021-04-02,2,,vae_shared,12.0,4,1.5943,1.7288,5.3777,11.155184142195708,0.3808144316859654,3.133140143543409,1.2047449923904419,ok,1412.0,,2.279550849999964,0.007355149600001217
office,2021-03-31,2021-04-02,2,,vae_shared,13.0,4,1.2285,1.0313,23.3627,11.155184142195708,0.3808144316859654,6.674381494497067,2.5664117512805946,ok,1412.0,,2.279550849999964,0.007355149600001217
office,2021-03-31,2021-04-02,2,,vae_shared,14.0,4,1.3867,1.5233,3.3863,11.155184142195708,0.3808144316859654,1.6588626805445426,0.6378605539135642,ok,1412.0,,2.279550849999964,0.007355149600001217
office,2021-03-31,2021-04-02,2,1.0,,,4,,,,,,,,insufficient_volume,,,,
office,2021-03-31,2021-04-02,2,4.0,persistence,0.0,4,1.8875,1.8173,3.738,4.741924444444443,0.4382265432098761,1.1345486177924011,0.43625299325521705,ok,14.0,4.0,0.0010005259999843474,0.005754583133330016
office,2021-03-31,2021-04-02,2,4.0,persistence,1.0,4,0.55,0.9615,8.0225,4.741924444444443,0.4382265432098761,2.818775823800864,1.0838666330944107,ok,14.0,4.0,0.0010005259999843474,0.005754583133330016
office,2021-03-31,2021-04-02,2,4.0,persistence,2.0,4,2.2458,2.9428,1.951,4.741924444444443,0.4382265432098761,0.6781452634695903,0.2607582402472149,ok,14.0,4.0,0.0010005259999843474,0.005754583133330016
office,2021-03-31,2021-04-02,2,4.0,persistence,3.0,4,2.1792,1.7618,3.9677,4.741924444444443,0.4382265432098761,1.5854559033479632,0.6096344155401038,ok,14.0,4.0,0.0010005259999843474,0.005754583133330016
office,2021-03-31,2021-04-02,2,4.0,persistence,4.0,4,1.0208,1.0371,7.4512,4.741924444444443,0.4382265432098761,3.1487473070463343,1.2107462088104335,ok,14.0,4.0,0.0010005259999843474,0.005754583133330016
office,2021-03-31,2021-04-02,2,4.0,persistence,5.0,4,1.7542,2.2644,6.3545,4.741924444444443,0.4382265432098761,1.3702913421569909,0.5269000290272972,ok,14.0,4.0,0.0010005259999843474,0.005754583133330016
office,2021-03-31,2021-04-02,2,4.0,persistence,6.0,4,1.5125,0.7432,9.4002,4.741924444444443,0.4382265432098761,2.4788401189592584,0.9531556468697482,ok,14.0,4.0,0.0010005259999843474,0.005754583133330016
office,2021-03-31,2021-04-02,2,4.0,persistence,7.0,4,1.1667,1.2411,4.0073,4.741924444444443,0.4382265432098761,1.713283369377307,0.6587862225239581,ok,14.0,4.0,0.0010005259999843474,0.005754583133330016
office,2021-03-31,2021-04-02,2,4.0,persistence,8.0,4,1.2833,1.3053,2.584,4.741924444444443,0.4382265432098761,1.4264638663264153,0.5484993077389446,ok,14.0,4.0,0.0010005259999843474,0.005754583133330016
office,2021-03-31,2021-04-02,2,4.0,persistence,9.0,4,1.075,0.6683,6.9925,4.741924444444443,0.4382265432098761,1.8496780788260954,0.7112322784514594,ok,14.0,4.0,0.0010005259999843474,0.005754583133330016
office,2021-03-31,2021-04-02,2,4.0,persistence,10.0,4,1.2167,0.6729,2.3138,4.741924444444443,0.4382265432098761,2.263119187516629,0.8702073266534077,ok,14.0,4.0,0.0010005259999843474,0.005754583133330016
office,2021-03-31,2021-04-02,2,4.0,persistence,11.0,4,1.6792,2.3179,12.1547,4.741924444444443,0.4382265432098761,3.593904026046067,1.3819164416993335,ok,14.0,4.0,0.0010005259999843474,0.005754583133330016
office,2021-03-31,2021-04-02,2,4.0,persistence,12.0,4,1.8875,0.851,6.0895,4.741924444444443,0.4382265432098761,2.60555455060048,1.0018794734428915,ok,14.0,4.0,0.0010005259999843474,0.005754583133330016
office,2021-03-31,2021-04-02,2,4.0,persistence,13.0,4,1.8958,2.137,7.0185,4.741924444444443,0.4382265432098761,1.8277600851961817,0.7028044418852275,ok,14.0,4.0,0.0010005259999843474,0.005754583133330016
office,2021-03-31,2021-04-02,2,4.0,persistence,14.0,4,1.2792,0.6749,6.2738,4.741924444444443,0.4382265432098761,1.8492660004489894,0.7110738273964328,ok,14.0,4.0,0.0010005259999843474,0.005754583133330016
office,2021-03-31,2021-04-02,2,4.0,vae_percell,0.0,4,1.5736,0.7161,11.8596,12.01693339618982,0.7727693914284722,4.28907935459511,1.6492230279140385,ok,14.0,4.0,0.30499695799994697,0.00763794346666297
office,2021-03-31,2021-04-02,2,4.0,vae_percell,1.0,4,1.2178,0.852,16.6494,12.01693339618982,0.7727693914284722,6.230174772123624,2.3956068080454846,ok,14.0,4.0,0.30499695799994697,0.00763794346666297
office,2021-03-31,2021-04-02,2,4.0,vae_percell,2.0,4,0.6756,1.5089,3.6952,12.01693339618982,0.7727693914284722,1.0682943242843652,0.41077710495425473,ok,14.0,4.0,0.30499695799994697,0.00763794346666297
office,2021-03-31,2021-04-02,2,4.0,vae_percell,3.0,4,1.3869,2.9174,8.6123,12.01693339618982,0.7727693914284722,1.9012134820533233,0.7310485063009446,ok,14.0,4.0,0.30499695799994697,0.00763794346666297
office,2021-03-31,2021-04-02,2,4.0,vae_percell,4.0,4,3.1978,1.422,5.9894,12.01693339618982,0.7727693914284722,1.1996511513175367,0.46128601050405155,ok,14.0,4.0,0.30499695799994697,0.00763794346666297
office,2021-03-31,2021-04-02,2,4.0,vae_percell,5.0,4,2.979,4.767,19.2135,12.01693339618982,0.7727693914284722,4.601943728279102,1.7695246327656122,ok,14.0,4.0,0.30499695799994697,0.00763794346666297
office,2021-03-31,2021-04-02,2,4.0,vae_percell,6.0,4,1.6737,1.1783,5.1836,12.01693339618982,0.7727693914284722,3.329833069579608,1.2803767250370193,ok,14.0,4.0,0.30499695799994697,0.00763794346666297
office,2021-03-31,2021-04-02,2,4.0,vae_percell,7.0,4,2.0726,1.9737,4.5617,12.01693339618982,0.7727693914284722,1.674137707611875,0.6437340582973116,ok,14.0,4.0,0.30499695799994697,0.00763794346666297
office,2021-03-31,2021-04-02,2,4.0,vae_percell,8.0,4,1.208,1.1851,9.3283,12.01693339618982,0.7727693914284722,4.934264886746044,1.8973076980566692,ok,14.0,4.0,0.30499695799994697,0.00763794346666297
office,2021-03-31,2021-04-02,2,4.0,vae_percell,9.0,4,1.7677,1.2493,3.1123,12.01693339618982,0.7727693914284722,2.896697754461244,1.113828923786687,ok,14.0,4.0,0.30499695799994697,0.00763794346666297
office,2021-03-31,2021-04-02,2,4.0,vae_percell,10.0,4,2.6561,2.476,6.4873,12.01693339618982,0.7727693914284722,2.161736925844862,0.8312241447750046,ok,14.0,4.0,0.30499695799994697,0.00763794346666297
office,2021-03-31,2021-04-02,2,4.0,vae_percell,11.0,4,1.6812,1.63,6.5912,12.01693339618982,0.7727693914284722,2.395460164108756,0.9210946542330515,ok,14.0,4.0,0.30499695799994697,0.00763794346666297
office,2021-03-31,2021-04-02,2,4.0,vae_percell,12.0,4,1.0429,0.8161,7.3004,12.01693339618982,0.7727693914284722,3.724375136447713,1.4320847743326248,ok,14.0,4.0,0.30499695799994697,0.00763794346666297
office,2021-03-31,2021-04-02,2,4.0,vae_percell,13.0,4,1.2206,1.3188,12.952,12.01693339618982,0.7727693914284722,3.790288101374838,1.4574294160631267,ok,14.0,4.0,0.30499695799994697,0.00763794346666297
office,2021-03-31,2021-04-02,2,4.0,vae_percell,14.0,4,2.3381,1.9496,6.5644,12.01693339618982,0.7727693914284722,2.646379721471425,1.017577437120517,ok,14.0,4.0,0.30499695799994697,0.00763794346666297
office,2021-03-31,2021-04-02,2,16.0,persistence,0.0,4,1.8875,2.7006,3.048,10.902737777777782,1.4102404320987638,0.9530257902931736,0.3664544182106538,ok,28.0,16.0,0.0009822780000376952,0.006499302600006255
office,2021-03-31,2021-04-02,2,16.0,persistence,1.0,4,1.4917,1.4436,8.0798,10.902737777777782,1.4102404320987638,1.8781151665954852,0.7221668161736037,ok,28.0,16.0,0.0009822780000376952,0.006499302600006255
office,2021-03-31,2021-04-02,2,16.0,persistence,2.0,4,1.3667,3.0049,5.5765,10.902737777777782,1.4102404320987638,2.300627453963377,0.8846298848872253,ok,28.0,16.0,0.0009822780000376952,0.006499302600006255
office,2021-03-31,2021-04-02,2,16.0,persistence,3.0,4,2.2,2.7654,9.7475,10.902737777777782,1.4102404320987638,2.769045811723196,1.0647446084554715,ok,28.0,16.0,0.0009822780000376952,0.006499302600006255
office,2021-03-31,2021-04-02,2,16.0,persistence,4.0,4,1.4458,1.2374,7.694,10.902737777777782,1.4102404320987638,2.8152956206275688,1.0825284365396957,ok,28.0,16.0,0.0009822780000376952,0.006499302600006255
office,2021-03-31,2021-04-02,2,16.0,persistence,5.0,4,1.8292,2.2345,6.2952,10.902737777777782,1.4102404320987638,1.300118579746651,0.4999174236400863,ok,28.0,16.0,0.0009822780000376952,0.006499302600006255
office,2021-03-31,2021-04-02,2,16.0,persistence,6.0,4,2.2208,2.721,7.8827,10.902737777777782,1.4102404320987638,2.361267059520291,0.9079468313971896,ok,28.0,16.0,0.0009822780000376952,0.006499302600006255
office,2021-03-31,2021-04-02,2,16.0,persistence,7.0,4,1.6708,1.3195,6.7368,10.902737777777782,1.4102404320987638,2.0144596319205172,0.7745935523918933,ok,28.0,16.0,0.0009822780000376952,0.006499302600006255
office,2021-03-31,2021-04-02,2,16.0,persistence,8.0,4,0.475,0.8125,5.194,10.902737777777782,1.4102404320987638,1.8707258442088033,0.7193254976450154,ok,28.0,16.0,0.0009822780000376952,0.006499302600006255
office,2021-03-31,2021-04-02,2,16.0,persistence,9.0,4,2.4167,2.4697,4.5395,10.902737777777782,1.4102404320987638,1.9255025558447019,0.7403880630010389,ok,28.0,16.0,0.0009822780000376952,0.006499302600006255
office,2021-03-31,2021-04-02,2,16.0,persistence,10.0,4,2.4833,2.1297,13.496,10.902737777777782,1.4102404320987638,3.9576918608340392,1.5217989723791487,ok,28.0,16.0,0.0009822780000376952,0.006499302600006255
office,2021-03-31,2021-04-02,2,16.0,persistence,11.0,4,1.8833,2.3217,10.4645,10.902737777777782,1.4102404320987638,4.585414070920882,1.763168701969065,ok,28.0,16.0,0.0009822780000376952,0.006499302600006255
office,2021-03-31,2021-04-02,2,16.0,persistence,12.0,4,1.1875,1.4579,4.3815,10.902737777777782,1.4102404320987638,0.9439324353996542,0.36295787057151535,ok,28.0,16.0,0.0009822780000376952,0.006499302600006255
office,2021-03-31,2021-04-02,2,16.0,persistence,13.0,4,1.4917,1.646,3.239,10.902737777777782,1.4102404320987638,1.5747259414481725,0.6055085650274952,ok,28.0,16.0,0.0009822780000376952,0.006499302600006255
office,2021-03-31,2021-04-02,2,16.0,persistence,14.0,4,1.9333,1.2622,2.0765,10.902737777777782,1.4102404320987638,1.6493512828137071,0.6342032617843016,ok,28.0,16.0,0.0009822780000376952,0.006499302600006255
office,2021-03-31,2021-04-02,2,16.0,vae_percell,0.0,4,1.3196,1.3916,13.6205,20.401960942903496,1.2570432188667082,4.750650315918155,1.82670481258068,ok,28.0,16.0,0.3107413059999544,0.007338123866664621
office,2021-03-31,2021-04-02,2,16.0,vae_percell,1.0,4,1.711,1.4743,14.0939,20.401960942903496,1.2570432188667082,5.882508142269781,2.2619231513470064,ok,28.0,16.0,0.3107413059999544,0.007338123866664621
office,2021-03-31,2021-04-02,2,16.0,vae_percell,2.0,4,1.2863,2.5512,7.9614,20.401960942903496,1.2570432188667082,1.7364242643321313,0.6676842851828241,ok,28.0,16.0,0.3107413059999544,0.007338123866664621
office,2021-03-31,2021-04-02,2,16.0,vae_percell,3.0,4,1.2152,1.9755,8.4044,20.401960942903496,1.2570432188667082,3.307206771283917,1.2716765334339595,ok,28.0,16.0,0.3107413059999544,0.007338123866664621
office,2021-03-31,2021-04-02,2,16.0,vae_percell,4.0,4,2.1337,2.16,7.1993,20.401960942903496,1.2570432188667082,1.7020181095991933,0.6544545409891797,ok,28.0,16.0,0.3107413059999544,0.007338123866664621
office,2021-03-31,2021-04-02,2,16.0,vae_percell,5.0,4,2.2384,5.8723,21.0053,20.401960942903496,1.2570432188667082,4.119104124939873,1.5838646981311995,ok,28.0,16.0,0.3107413059999544,0.007338123866664621
office,2021-03-31,2021-04-02,2,16.0,vae_percell,6.0,4,1.3203,1.0788,16.4628,20.401960942903496,1.2570432188667082,5.976046509268856,2.297890224020324,ok,28.0,16.0,0.3107413059999544,0.007338123866664621
office,2021-03-31,2021-04-02,2,16.0,vae_percell,7.0,4,0.8676,1.5332,2.4131,20.401960942903496,1.2570432188667082,1.7299874906178587,0.6652092376126091,ok,28.0,16.0,0.3107413059999544,0.007338123866664621
office,2021-03-31,2021-04-02,2,16.0,vae_percell,8.0,4,0.9712,1.1874,17.1894,20.401960942903496,1.2570432188667082,6.472302733889008,2.4887090748099236,ok,28.0,16.0,0.3107413059999544,0.007338123866664621
office,2021-03-31,2021-04-02,2,16.0,vae_percell,9.0,4,1.0788,1.3743,6.1685,20.401960942903496,1.2570432188667082,2.795870749371616,1.075059247387189,ok,28.0,16.0,0.3107413059999544,0.007338123866664621
office,2021-03-31,2021-04-02,2,16.0,vae_percell,10.0,4,2.0862,1.8341,5.3383,20.401960942903496,1.2570432188667082,1.9620108195263017,0.754426103381044,ok,28.0,16.0,0.3107413059999544,0.007338123866664621
office,2021-03-31,2021-04-02,2,16.0,vae_percell,11.0,4,0.9709,1.5695,8.0692,20.401960942903496,1.2570432188667082,3.008411974520402,1.1567849171444764,ok,28.0,16.0,0.3107413059999544,0.007338123866664621
office,2021-03-31,2021-04-02,2,16.0,vae_percell,12.0,4,1.6924,2.8469,12.8076,20.401960942903496,1.2570432188667082,4.381155086687742,1.6846276929073605,ok,28.0,16.0,0.3107413059999544,0.007338123866664621
office,2021-03-31,2021-04-02,2,16.0,vae_percell,13.0,4,1.9323,2.9098,27.8264,20.401960942903496,1.2570432188667082,6.739494434073661,2.5914487698309387,ok,28.0,16.0,0.3107413059999544,0.007338123866664621
office,2021-03-31,2021-04-02,2,16.0,vae_percell,14.0,4,2.2419,2.3802,5.2897,20.401960942903496,1.2570432188667082,2.2017323461240847,0.8466030554181305,ok,28.0,16.0,0.3107413059999544,0.007338123866664621
office,2021-03-31,2021-04-03,3,,,,0,,,,,,,,no_target_sessions,,,,
office,2021-04-07,2021-04-08,1,,vae_shared,0.0,1,2.0582,1.6359,15.2413,5.218057250645431,0.753524095765782,1.3356255248734235,1.6718235766417793,ok,1422.0,,2.3384060870000667,0.00793605020000238
office,2021-04-07,2021-04-08,1,,vae_shared,1.0,1,0.5736,2.6084,2.4161,5.218057250645431,0.753524095765782,1.8582137530870086,2.3259555204631766,ok,1422.0,,2.3384060870000667,0.00793605020000238
office,2021-04-07,2021-04-08,1,,vae_shared,2.0,1,0.2116,0.8539,0.2349,5.218057250645431,0.753524095765782,0.40071695481319547,0.5015837449499833,ok,1422.0,,2.3384060870000667,0.00793605020000238
office,2021-04-07,2021-04-08,1,,vae_shared,3.0,1,5.573,0.7735,12.9065,5.218057250645431,0.753524095765782,1.6473051827572085,2.0619579299509807,ok,1422.0,,2.3384060870000667,0.00793605020000238
office,2021-04-07,2021-04-08,1,,vae_shared,4.0,1,1.365,2.2419,7.2699,5.218057250645431,0.753524095765782,1.186546068989167,1.4852184657789513,ok,1422.0,,2.3384060870000667,0.00793605020000238
office,2021-04-07,2021-04-08,1,,vae_shared,5.0,1,5.4454,2.0708,10.9537,5.218057250645431,0.753524095765782,2.627332820379854,3.288674011536317,ok,1422.0,,2.3384060870000667,0.00793605020000238
office,2021-04-07,2021-04-08,1,,vae_shared,6.0,1,4.3339,2.3208,10.4301,5.218057250645431,0.753524095765782,1.54723021530369,1.9366925116846545,ok,1422.0,,2.3384060870000667,0.00793605020000238
office,2021-04-07,2021-04-08,1,,vae_shared,7.0,1,0.045,2.5053,18.3733,5.218057250645431,0.753524095765782,1.5134742057021877,1.8944395810134724,ok,1422.0,,2.3384060870000667,0.00793605020000238
office,2021-04-07,2021-04-08,1,,vae_shared,8.0,1,0.739,4.3103,9.5836,5.218057250645431,0.753524095765782,1.1573891967910857,1.448722348076721,ok,1422.0,,2.3384060870000667,0.00793605020000238
office,2021-04-07,2021-04-08,1,,vae_shared,9.0,1,0.0202,0.6079,5.1593,5.218057250645431,0.753524095765782,0.5602753890090233,0.7013055585667984,ok,1422.0,,2.3384060870000667,0.00793605020000238
office,2021-04-07,2021-04-08,1,,vae_shared,10.0,1,2.4481,1.6919,14.2769,5.218057250645431,0.753524095765782,1.2705890782253606,1.5904164285884048,ok,1422.0,,2.3384060870000667,0.00793605020000238
office,2021-04-07,2021-04-08,1,,vae_shared,11.0,1,2.6864,1.7184,6.3026,5.218057250645431,0.753524095765782,1.7480939789635666,2.188116858948015,ok,1422.0,,2.3384060870000667,0.00793605020000238
office,2021-04-07,2021-04-08,1,,vae_shared,12.0,1,0.3352,4.3124,6.5978,5.218057250645431,0.753524095765782,1.121820371704574,1.4042002876146666,ok,1422.0,,2.3384060870000667,0.00793605020000238
office,2021-04-07,2021-04-08,1,,vae_shared,13.0,1,2.158,0.5602,14.5914,5.218057250645431,0.753524095765782,1.3318558471599253,1.6671050114748218,ok,1422.0,,2.3384060870000667,0.00793605020000238
office,2021-04-07,2021-04-08,1,,vae_shared,14.0,1,0.4575,5.5549,12.7898,5.218057250645431,0.753524095765782,1.9113937876875073,2.39252181018736,ok,1422.0,,2.3384060870000667,0.00793605020000238
office,2021-04-07,2021-04-08,1,1.0,,,1,,,,,,,,insufficient_volume,,,,
office,2021-04-07,2021-04-08,1,4.0,,,1,,,,,,,,insufficient_volume,,,,
office,2021-04-07,2021-04-08,1,16.0,persistence,0.0,1,3.3,0.9253,18.5217,3.386967388888892,0.6763802469135782,1.5517449670304293,1.94234369776854,ok,24.0,16.0,0.0010149219999675552,0.005629060333330926
office,2021-04-07,2021-04-08,1,16.0,persistence,1.0,1,0.5833,2.5569,3.0297,3.386967388888892,0.6763802469135782,0.9638540931037127,1.2064714003172248,ok,24.0,16.0,0.0010149219999675552,0.005629060333330926
office,2021-04-07,2021-04-08,1,16.0,persistence,2.0,1,3.3,0.9253,18.5217,3.386967388888892,0.6763802469135782,1.5517449670304293,1.94234369776854,ok,24.0,16.0,0.0010149219999675552,0.005629060333330926
office,2021-04-07,2021-04-08,1,16.0,persistence,3.0,1,2.4667,0.2381,4.5557,3.386967388888892,0.6763802469135782,1.261907194036906,1.5795491769481613,ok,24.0,16.0,0.0010149219999675552,0.005629060333330926
office,2021-04-07,2021-04-08,1,16.0,persistence,4.0,1,2.45,0.2353,1.6423,3.386967388888892,0.6763802469135782,1.5068822532318416,1.8861883299323947,ok,24.0,16.0,0.0010149219999675552,0.005629060333330926
office,2021-04-07,2021-04-08,1,16.0,persistence,5.0,1,0.7667,3.4586,9.1847,3.386967388888892,0.6763802469135782,1.0936425329704746,1.3689296415711645,ok,24.0,16.0,0.0010149219999675552,0.005629060333330926
office,2021-04-07,2021-04-08,1,16.0,persistence,6.0,1,12.4167,8.2908,13.6803,3.386967388888892,0.6763802469135782,2.026805804295902,2.536984855255305,ok,24.0,16.0,0.0010149219999675552,0.005629060333330926
office,2021-04-07,2021-04-08,1,16.0,persistence,7.0,1,1.1333,0.9017,10.5783,3.386967388888892,0.6763802469135782,1.4139776219290137,1.7698981347401466,ok,24.0,16.0,0.0010149219999675552,0.005629060333330926
office,2021-04-07,2021-04-08,1,16.0,persistence,8.0,1,2.45,0.2353,1.6423,3.386967388888892,0.6763802469135782,1.5068822532318416,1.8861883299323947,ok,24.0,16.0,0.0010149219999675552,0.005629060333330926
office,2021-04-07,2021-04-08,1,16.0,persistence,9.0,1,12.4167,8.2908,13.6803,3.386967388888892,0.6763802469135782,2.026805804295902,2.536984855255305,ok,24.0,16.0,0.0010149219999675552,0.005629060333330926
office,2021-04-07,2021-04-08,1,16.0,persistence,10.0,1,0.1833,2.7378,7.1227,3.386967388888892,0.6763802469135782,1.0987804284460012,1.3753608265330726,ok,24.0,16.0,0.0010149219999675552,0.005629060333330926
office,2021-04-07,2021-04-08,1,16.0,persistence,11.0,1,4.0667,4.325,10.6867,3.386967388888892,0.6763802469135782,1.4179653386523088,1.774889622781381,ok,24.0,16.0,0.0010149219999675552,0.005629060333330926
office,2021-04-07,2021-04-08,1,16.0,persistence,12.0,1,2.2833,0.4222,8.7263,3.386967388888892,0.6763802469135782,1.8408548613218307,2.3042271213146597,ok,24.0,16.0,0.0010149219999675552,0.005629060333330926
office,2021-04-07,2021-04-08,1,16.0,persistence,13.0,1,0.9667,1.3869,5.9497,3.386967388888892,0.6763802469135782,0.9904853128234495,1.2398061188989193,ok,24.0,16.0,0.0010149219999675552,0.005629060333330926
office,2021-04-07,2021-04-08,1,16.0,persistence,14.0,1,4.0667,4.325,10.6867,3.386967388888892,0.6763802469135782,1.4179653386523088,1.774889622781381,ok,24.0,16.0,0.0010149219999675552,0.005629060333330926
office,2021-04-07,2021-04-08,1,16.0,vae_percell,0.0,1,3.4153,7.0478,11.3577,4.248937505200919,0.9347317572993363,1.3077691578521071,1.6369553218214496,ok,24.0,16.0,0.34603413800005,0.007898673600000924
office,2021-04-07,2021-04-08,1,16.0,vae_percell,1.0,1,1.6444,4.1486,0.5237,4.248937505200919,0.9347317572993363,2.271372536340978,2.8431128986931835,ok,24.0,16.0,0.34603413800005,0.007898673600000924
office,2021-04-07,2021-04-08,1,16.0,vae_percell,2.0,1,0.7076,1.9635,5.4884,4.248937505200919,0.9347317572993363,1.3304025302935831,1.6652858717861636,ok,24.0,16.0,0.34603413800005,0.007898673600000924
office,2021-04-07,2021-04-08,1,16.0,vae_percell,3.0,1,4.9624,2.6162,4.5528,4.248937505200919,0.9347317572993363,1.7855015269114736,2.234940477873384,ok,24.0,16.0,0.34603413800005,0.007898673600000924
office,2021-04-07,2021-04-08,1,16.0,vae_percell,4.0,1,2.9599,2.2897,14.8621,4.248937505200919,0.9347317572993363,1.3166249223111537,1.6480402221442578,ok,24.0,16.0,0.34603413800005,0.007898673600000924
office,2021-04-07,2021-04-08,1,16.0,vae_percell,5.0,1,4.914,3.2762,23.1971,4.248937505200919,0.9347317572993363,3.068469596105143,3.840851885084495,ok,24.0,16.0,0.34603413800005,0.007898673600000924
office,2021-04-07,2021-04-08,1,16.0,vae_percell,6.0,1,3.186,1.8806,5.0969,4.248937505200919,0.9347317572993363,1.3756728783249332,1.7219514818333828,ok,24.0,16.0,0.34603413800005,0.007898673600000924
office,2021-04-07,2021-04-08,1,16.0,vae_percell,7.0,1,2.0969,0.6732,13.1899,4.248937505200919,0.9347317572993363,1.2611665646492218,1.5786221194392824,ok,24.0,16.0,0.34603413800005,0.007898673600000924
office,2021-04-07,2021-04-08,1,16.0,vae_percell,8.0,1,3.0403,0.997,15.7207,4.248937505200919,0.9347317572993363,1.4300678952139783,1.7900385840887485,ok,24.0,16.0,0.34603413800005,0.007898673600000924
office,2021-04-07,2021-04-08,1,16.0,vae_percell,9.0,1,1.1385,2.2741,10.5717,4.248937505200919,0.9347317572993363,0.9460826291289383,1.1842265780139944,ok,24.0,16.0,0.34603413800005,0.007898673600000924
office,2021-04-07,2021-04-08,1,16.0,vae_percell,10.0,1,0.6068,3.9465,3.4945,4.248937505200919,0.9347317572993363,0.9667314355761187,1.210073015361155,ok,24.0,16.0,0.34603413800005,0.007898673600000924
office,2021-04-07,2021-04-08,1,16.0,vae_percell,11.0,1,3.6594,0.4456,5.1453,4.248937505200919,0.9347317572993363,1.9915977079013887,2.4929143245976926,ok,24.0,16.0,0.34603413800005,0.007898673600000924
office,2021-04-07,2021-04-08,1,16.0,vae_percell,12.0,1,1.6778,3.4925,7.3456,4.248937505200919,0.9347317572993363,1.2831562629596729,1.6061469723220814,ok,24.0,16.0,0.34603413800005,0.007898673600000924
office,2021-04-07,2021-04-08,1,16.0,vae_percell,13.0,1,4.298,1.2133,11.7384,4.248937505200919,0.9347317572993363,1.5304828645574542,1.9157295880938525,ok,24.0,16.0,0.34603413800005,0.007898673600000924
office,2021-04-07,2021-04-08,1,16.0,vae_percell,14.0,1,0.6969,5.3895,7.9464,4.248937505200919,0.9347317572993363,2.6071637955310445,3.263428124397923,ok,24.0,16.0,0.34603413800005,0.007898673600000924
office,2021-04-07,2021-04-09,2,,vae_shared,0.0,1,2.4255,0.0313,15.1375,5.383868187917546,1.066522359415064,1.2610454388336172,1.4817669783112268,ok,1422.0,,2.3384060870000667,0.0071607204666634065
office,2021-04-07,2021-04-09,2,,vae_shared,1.0,1,0.2326,4.3677,5.2085,5.383868187917546,1.066522359415064,2.1839876336644237,2.5662522990426515,ok,1422.0,,2.3384060870000667,0.0071607204666634065
office,2021-04-07,2021-04-09,2,,vae_shared,2.0,1,0.9403,1.9152,3.6834,5.383868187917546,1.066522359415064,0.9555908594122261,1.1228485006557367,ok,1422.0,,2.3384060870000667,0.0071607204666634065
office,2021-04-07,2021-04-09,2,,vae_shared,3.0,1,5.5869,2.8848,15.271,5.383868187917546,1.066522359415064,1.4157695950804265,1.6635725964225327,ok,1422.0,,2.3384060870000667,0.0071607204666634065
office,2021-04-07,2021-04-09,2,,vae_shared,4.0,1,1.6303,0.932,7.2916,5.383868187917546,1.066522359415064,0.9928305427542333,1.1666062681077893,ok,1422.0,,2.3384060870000667,0.0071607204666634065
office,2021-04-07,2021-04-09,2,,vae_shared,5.0,1,5.6513,0.6486,9.4373,5.383868187917546,1.066522359415064,2.4096364958931615,2.8313966169613645,ok,1422.0,,2.3384060870000667,0.0071607204666634065
office,2021-04-07,2021-04-09,2,,vae_shared,6.0,1,3.1454,3.7552,9.9847,5.383868187917546,1.066522359415064,0.9795285573987418,1.1509760282775912,ok,1422.0,,2.3384060870000667,0.0071607204666634065
office,2021-04-07,2021-04-09,2,,vae_shared,7.0,1,0.5178,4.5099,19.1669,5.383868187917546,1.066522359415064,1.4100865460780476,1.6568948399448293,ok,1422.0,,2.3384060870000667,0.0071607204666634065
office,2021-04-07,2021-04-09,2,,vae_shared,8.0,1,0.7642,2.2652,7.1417,5.383868187917546,1.066522359415064,0.8035652372095482,0.9442137426207664,ok,1422.0,,2.3384060870000667,0.0071607204666634065
office,2021-04-07,2021-04-09,2,,vae_shared,9.0,1,0.195,1.1024,7.0762,5.383868187917546,1.066522359415064,0.6250103423780885,0.7344062774577294,ok,1422.0,,2.3384060870000667,0.0071607204666634065
office,2021-04-07,2021-04-09,2,,vae_shared,10.0,1,2.9688,3.3215,14.888,5.383868187917546,1.066522359415064,1.1252242389835763,1.322172912391962,ok,1422.0,,2.3384060870000667,0.0071607204666634065
office,2021-04-07,2021-04-09,2,,vae_shared,11.0,1,1.8452,0.389,6.9555,5.383868187917546,1.066522359415064,1.2528504628365544,1.4721376307504186,ok,1422.0,,2.3384060870000667,0.0071607204666634065
office,2021-04-07,2021-04-09,2,,vae_shared,12.0,1,0.1458,2.9945,5.1374,5.383868187917546,1.066522359415064,0.8768620478369851,1.030339737972467,ok,1422.0,,2.3384060870000667,0.0071607204666634065
office,2021-04-07,2021-04-09,2,,vae_shared,13.0,1,1.8837,2.441,15.0086,5.383868187917546,1.066522359415064,1.1122675201592616,1.306948371300968,ok,1422.0,,2.3384060870000667,0.0071607204666634065
office,2021-04-07,2021-04-09,2,,vae_shared,14.0,1,0.2297,7.3306,13.3276,5.383868187917546,1.066522359415064,1.9027899076275556,2.2358363663677516,ok,1422.0,,2.3384060870000667,0.0071607204666634065
office,2021-04-07,2021-04-09,2,1.0,,,1,,,,,,,,insufficient_volume,,,,
office,2021-04-07,2021-04-09,2,4.0,persistence,0.0,1,0.0667,1.1822,9.117,3.7920222222222213,1.2839456790123451,0.8234597792762524,0.9675904383172609,ok,14.0,4.0,0.0010303179999482381,0.005585031466671353
office,2021-04-07,2021-04-09,2,4.0,persistence,1.0,1,0.5,1.475,15.431,3.7920222222222213,1.2839456790123451,1.9172764734448022,2.252858524488384,ok,14.0,4.0,0.0010303179999482381,0.005585031466671353
office,2021-04-07,2021-04-09,2,4.0,persistence,2.0,1,0.0667,1.1822,9.117,3.7920222222222213,1.2839456790123451,0.8234597792762524,0.9675904383172609,ok,14.0,4.0,0.0010303179999482381,0.005585031466671353
office,2021-04-07,2021-04-09,2,4.0,persistence,3.0,1,0.0667,1.1822,9.117,3.7920222222222213,1.2839456790123451,0.8234597792762524,0.9675904383172609,ok,14.0,4.0,0.0010303179999482381,0.005585031466671353
office,2021-04-07,2021-04-09,2,4.0,persistence,4.0,1,0.1333,2.2375,12.791,3.7920222222222213,1.2839456790123451,1.7755957189596288,2.0863793025719013,ok,14.0,4.0,0.0010303179999482381,0.005585031466671353
office,2021-04-07,2021-04-09,2,4.0,persistence,5.0,1,7.2833,3.8747,13.894,3.7920222222222213,1.2839456790123451,1.6239402196718382,1.9081794502875942,ok,14.0,4.0,0.0010303179999482381,0.005585031466671353
office,2021-04-07,2021-04-09,2,4.0,persistence,6.0,1,0.5,1.475,15.431,3.7920222222222213,1.2839456790123451,1.9172764734448022,2.252858524488384,ok,14.0,4.0,0.0010303179999482381,0.005585031466671353
office,2021-04-07,2021-04-09,2,4.0,persistence,7.0,1,5.6167,4.3947,9.192,3.7920222222222213,1.2839456790123451,1.515724679244977,1.7810228789169862,ok,14.0,4.0,0.0010303179999482381,0.005585031466671353
office,2021-04-07,2021-04-09,2,4.0,persistence,8.0,1,0.1333,2.2375,12.791,3.7920222222222213,1.2839456790123451,1.7755957189596288,2.0863793025719013,ok,14.0,4.0,0.0010303179999482381,0.005585031466671353
office,2021-04-07,2021-04-09,2,4.0,persistence,9.0,1,2.3833,1.61,7.24,3.7920222222222213,1.2839456790123451,0.9077440419383638,1.0666270260230466,ok,14.0,4.0,0.0010303179999482381,0.005585031466671353
office,2021-04-07,2021-04-09,2,4.0,persistence,10.0,1,0.1333,2.2375,12.791,3.7920222222222213,1.2839456790123451,1.7755957189596288,2.0863793025719013,ok,14.0,4.0,0.0010303179999482381,0.005585031466671353
office,2021-04-07,2021-04-09,2,4.0,persistence,11.0,1,1.7833,4.0597,0.816,3.7920222222222213,1.2839456790123451,1.5010144165944348,1.763737870172163,ok,14.0,4.0,0.0010303179999482381,0.005585031466671353
office,2021-04-07,2021-04-09,2,4.0,persistence,12.0,1,1.05,1.1175,1.836,3.7920222222222213,1.2839456790123451,0.5263978592815751,0.6185335923014835,ok,14.0,4.0,0.0010303179999482381,0.005585031466671353
office,2021-04-07,2021-04-09,2,4.0,persistence,13.0,1,3.0,2.9686,13.766,3.7920222222222213,1.2839456790123451,1.063643950667556,1.2498141892788905,ok,14.0,4.0,0.0010303179999482381,0.005585031466671353
office,2021-04-07,2021-04-09,2,4.0,persistence,14.0,1,2.9333,2.465,4.121,3.7920222222222213,1.2839456790123451,1.311416980815684,1.540955081497009,ok,14.0,4.0,0.0010303179999482381,0.005585031466671353
office,2021-04-07,2021-04-09,2,4.0,vae_percell,0.0,1,0.458,0.136,14.7744,3.63280317638354,0.5298136043616917,1.0920078740194568,1.2831426671464852,ok,14.0,4.0,0.3014634239999623,0.0077768952666701805
office,2021-04-07,2021-04-09,2,4.0,vae_percell,1.0,1,0.5315,3.8517,4.6609,3.63280317638354,0.5298136043616917,2.047555673335928,2.4059405708720814,ok,14.0,4.0,0.3014634239999623,0.0077768952666701805
office,2021-04-07,2021-04-09,2,4.0,vae_percell,2.0,1,0.8465,2.3299,1.2436,3.63280317638354,0.5298136043616917,0.8709468252228397,1.0233891703964824,ok,14.0,4.0,0.3014634239999623,0.0077768952666701805
office,2021-04-07,2021-04-09,2,4.0,vae_percell,3.0,1,2.8326,0.3121,2.2558,3.63280317638354,0.5298136043616917,1.2191814483019168,1.4325755084086167,ok,14.0,4.0,0.3014634239999623,0.0077768952666701805
office,2021-04-07,2021-04-09,2,4.0,vae_percell,4.0,1,2.5443,1.5562,10.634,3.63280317638354,0.5298136043616917,1.026008908438416,1.2055918630365718,ok,14.0,4.0,0.3014634239999623,0.0077768952666701805
office,2021-04-07,2021-04-09,2,4.0,vae_percell,5.0,1,4.6992,0.9754,16.487,3.63280317638354,0.5298136043616917,2.6367599143131932,3.0982735835259057,ok,14.0,4.0,0.3014634239999623,0.0077768952666701805
office,2021-04-07,2021-04-09,2,4.0,vae_percell,6.0,1,2.8516,0.7963,5.0047,3.63280317638354,0.5298136043616917,1.1198495759976035,1.3158575189200725,ok,14.0,4.0,0.3014634239999623,0.0077768952666701805
office,2021-04-07,2021-04-09,2,4.0,vae_percell,7.0,1,1.1178,1.6647,11.5689,3.63280317638354,0.5298136043616917,1.0709404837604106,1.2583878389351213,ok,14.0,4.0,0.3014634239999623,0.0077768952666701805
office,2021-04-07,2021-04-09,2,4.0,vae_percell,8.0,1,0.5481,1.0601,12.7438,3.63280317638354,0.5298136043616917,0.9968224062313498,1.1712968298434463,ok,14.0,4.0,0.3014634239999623,0.0077768952666701805
office,2021-04-07,2021-04-09,2,4.0,vae_percell,9.0,1,0.7857,0.1054,6.1457,3.63280317638354,0.5298136043616917,0.6650379063571689,0.7814398899668078,ok,14.0,4.0,0.3014634239999623,0.0077768952666701805
office,2021-04-07,2021-04-09,2,4.0,vae_percell,10.0,1,1.4362,0.9711,20.6829,3.63280317638354,0.5298136043616917,1.5818541972278926,1.8587270860939737,ok,14.0,4.0,0.3014634239999623,0.0077768952666701805
office,2021-04-07,2021-04-09,2,4.0,vae_percell,11.0,1,2.2158,0.2487,2.4107,3.63280317638354,0.5298136043616917,1.0378928707888924,1.2195558824447204,ok,14.0,4.0,0.3014634239999623,0.0077768952666701805
office,2021-04-07,2021-04-09,2,4.0,vae_percell,12.0,1,0.1077,1.2881,7.067,3.63280317638354,0.5298136043616917,0.7456355154979848,0.8761445469743762,ok,14.0,4.0,0.3014634239999623,0.0077768952666701805
office,2021-04-07,2021-04-09,2,4.0,vae_percell,13.0,1,1.3993,2.0694,16.0725,3.63280317638354,0.5298136043616917,1.1825823693101387,1.3895704706704197,ok,14.0,4.0,0.3014634239999623,0.0077768952666701805
office,2021-04-07,2021-04-09,2,4.0,vae_percell,14.0,1,0.5354,5.5232,5.236,3.63280317638354,0.5298136043616917,2.1410693076722134,2.5158219527115353,ok,14.0,4.0,0.3014634239999623,0.0077768952666701805
office,2021-04-07,2021-04-09,2,16.0,persistence,0.0,1,7.2833,3.8747,13.894,3.5151555555555545,0.824498765432099,1.6239402196718382,1.9081794502875942,ok,31.0,16.0,0.0009584800000084215,0.005720097399997333
office,2021-04-07,2021-04-09,2,16.0,persistence,1.0,1,0.8333,1.4939,16.805,3.5151555555555545,0.824498765432099,1.1425203461539972,1.3424963675738522,ok,31.0,16.0,0.0009584800000084215,0.005720097399997333
office,2021-04-07,2021-04-09,2,16.0,persistence,2.0,1,1.05,1.1175,1.836,3.5151555555555545,0.824498765432099,0.5263978592815751,0.6185335923014835,ok,31.0,16.0,0.0009584800000084215,0.005720097399997333
office,2021-04-07,2021-04-09,2,16.0,persistence,3.0,1,1.05,1.1175,1.836,3.5151555555555545,0.824498765432099,0.5263978592815751,0.6185335923014835,ok,31.0,16.0,0.0009584800000084215,0.005720097399997333
office,2021-04-07,2021-04-09,2,16.0,persistence,4.0,1,2.3833,1.61,7.24,3.5151555555555545,0.824498765432099,0.9077440419383638,1.0666270260230466,ok,31.0,16.0,0.0009584800000084215,0.005720097399997333
office,2021-04-07,2021-04-09,2,16.0,persistence,5.0,1,0.0333,2.4025,6.892,3.5151555555555545,0.824498765432099,1.3695798360325038,1.6092982161459037,ok,31.0,16.0,0.0009584800000084215,0.005720097399997333
office,2021-04-07,2021-04-09,2,16.0,persistence,6.0,1,0.85,1.5883,9.896,3.5151555555555545,0.824498765432099,0.8678349720105211,1.0197326476500612,ok,31.0,16.0,0.0009584800000084215,0.005720097399997333
office,2021-04-07,2021-04-09,2,16.0,persistence,7.0,1,3.0,2.9686,13.766,3.5151555555555545,0.824498765432099,1.063643950667556,1.2498141892788905,ok,31.0,16.0,0.0009584800000084215,0.005720097399997333
office,2021-04-07,2021-04-09,2,16.0,persistence,8.0,1,2.3833,1.61,7.24,3.5151555555555545,0.824498765432099,0.9077440419383638,1.0666270260230466,ok,31.0,16.0,0.0009584800000084215,0.005720097399997333
office,2021-04-07,2021-04-09,2,16.0,persistence,9.0,1,0.85,1.5883,9.896,3.5151555555555545,0.824498765432099,0.8678349720105211,1.0197326476500612,ok,31.0,16.0,0.0009584800000084215,0.005720097399997333
office,2021-04-07,2021-04-09,2,16.0,persistence,10.0,1,0.4333,0.3303,8.396,3.5151555555555545,0.824498765432099,0.7248315938547029,0.8516993024486104,ok,31.0,16.0,0.0009584800000084215,0.005720097399997333
office,2021-04-07,2021-04-09,2,16.0,persistence,11.0,1,1.6667,1.8731,18.937,3.5151555555555545,0.824498765432099,1.3457591720980207,1.581308207116401,ok,31.0,16.0,0.0009584800000084215,0.005720097399997333
office,2021-04-07,2021-04-09,2,16.0,persistence,12.0,1,1.7833,4.0597,0.816,3.5151555555555545,0.824498765432099,1.5010144165944348,1.763737870172163,ok,31.0,16.0,0.0009584800000084215,0.005720097399997333
office,2021-04-07,2021-04-09,2,16.0,persistence,13.0,1,0.1333,2.2375,12.791,3.5151555555555545,0.824498765432099,1.7755957189596288,2.0863793025719013,ok,31.0,16.0,0.0009584800000084215,0.005720097399997333
office,2021-04-07,2021-04-09,2,16.0,persistence,14.0,1,1.6667,1.8731,18.937,3.5151555555555545,0.824498765432099,1.3457591720980207,1.581308207116401,ok,31.0,16.0,0.0009584800000084215,0.005720097399997333
office,2021-04-07,2021-04-09,2,16.0,vae_percell,0.0,1,3.4071,2.7184,8.7665,2.1890540166528085,0.6480066128930881,1.0112015121490407,1.1881927192938544,ok,31.0,16.0,0.36213934099998824,0.007648654733331265
office,2021-04-07,2021-04-09,2,16.0,vae_percell,1.0,1,0.4231,3.1585,1.1884,2.1890540166528085,0.6480066128930881,1.1434191014534731,1.3435524325524284,ok,31.0,16.0,0.36213934099998824,0.007648654733331265
office,2021-04-07,2021-04-09,2,16.0,vae_percell,2.0,1,0.8489,1.4114,5.027,2.1890540166528085,0.6480066128930881,0.751298093258241,0.8827982491161704,ok,31.0,16.0,0.36213934099998824,0.007648654733331265
office,2021-04-07,2021-04-09,2,16.0,vae_percell,3.0,1,2.9631,0.6351,2.1694,2.1890540166528085,0.6480066128930881,1.2477738234608577,1.4661724241400529,ok,31.0,16.0,0.36213934099998824,0.007648654733331265
office,2021-04-07,2021-04-09,2,16.0,vae_percell,4.0,1,1.5395,0.5887,6.0782,2.1890540166528085,0.6480066128930881,0.8041377557591732,0.9448864694355033,ok,31.0,16.0,0.36213934099998824,0.007648654733331265
office,2021-04-07,2021-04-09,2,16.0,vae_percell,5.0,1,4.0433,0.1955,11.3174,2.1890540166528085,0.6480066128930881,2.0630787495110017,2.424180660380124,ok,31.0,16.0,0.36213934099998824,0.007648654733331265
office,2021-04-07,2021-04-09,2,16.0,vae_percell,6.0,1,1.6304,1.177,0.6265,2.1890540166528085,0.6480066128930881,0.7033082056771036,0.8264086627295218,ok,31.0,16.0,0.36213934099998824,0.007648654733331265
office,2021-04-07,2021-04-09,2,16.0,vae_percell,7.0,1,0.5129,1.6254,15.3538,2.1890540166528085,0.6480066128930881,1.1732698596432372,1.3786279868512943,ok,31.0,16.0,0.36213934099998824,0.007648654733331265
office,2021-04-07,2021-04-09,2,16.0,vae_percell,8.0,1,1.2581,2.1872,10.8114,2.1890540166528085,0.6480066128930881,0.9689639660997333,1.1385623102273486,ok,31.0,16.0,0.36213934099998824,0.007648654733331265
office,2021-04-07,2021-04-09,2,16.0,vae_percell,9.0,1,0.718,1.2215,1.9026,2.1890540166528085,0.6480066128930881,0.39662388812187915,0.4660452051370917,ok,31.0,16.0,0.36213934099998824,0.007648654733331265
office,2021-04-07,2021-04-09,2,16.0,vae_percell,10.0,1,1.3242,1.3242,3.2392,2.1890540166528085,0.6480066128930881,0.92607240963477,1.0881634189098888,ok,31.0,16.0,0.36213934099998824,0.007648654733331265
office,2021-04-07,2021-04-09,2,16.0,vae_percell,11.0,1,3.7095,1.4631,1.0762,2.1890540166528085,0.6480066128930881,1.3983763882420346,1.6431350461595509,ok,31.0,16.0,0.36213934099998824,0.007648654733331265
office,2021-04-07,2021-04-09,2,16.0,vae_percell,12.0,1,0.642,1.7209,2.3741,2.1890540166528085,0.6480066128930881,0.7797775958640312,0.9162625361437818,ok,31.0,16.0,0.36213934099998824,0.007648654733331265
office,2021-04-07,2021-04-09,2,16.0,vae_percell,13.0,1,1.7069,2.4593,15.1872,2.1890540166528085,0.6480066128930881,1.126303478428928,1.3234410517647133,ok,31.0,16.0,0.36213934099998824,0.007648654733331265
office,2021-04-07,2021-04-09,2,16.0,vae_percell,14.0,1,1.413,5.3948,2.0318,2.1890540166528085,0.6480066128930881,2.669404554802696,3.1366320350190793,ok,31.0,16.0,0.36213934099998824,0.007648654733331265
office,2021-04-07,2021-04-10,3,,,,0,,,,,,,,no_target_sessions,,,,
